[22:56:37] [main/INFO] [LaunchWrapper]: Loading tweak class name net.minecraftforge.fml.common.launcher.FMLServerTweaker
[22:56:37] [main/INFO] [LaunchWrapper]: Using primary tweak class name net.minecraftforge.fml.common.launcher.FMLServerTweaker
[22:56:37] [main/INFO] [LaunchWrapper]: Calling tweak class net.minecraftforge.fml.common.launcher.FMLServerTweaker
[22:56:37] [main/DEBUG] [FML]: Injecting tracing printstreams for STDOUT/STDERR.
[22:56:37] [main/INFO] [FML]: Forge Mod Loader version 14.23.5.2860 for Minecraft 1.12.2 loading
[22:56:37] [main/INFO] [FML]: Java is Java HotSpot(TM) 64-Bit Server VM, version 1.8.0_202, running on Windows 10:amd64:10.0, installed at C:\Program Files\Java\jre1.8.0_202
[22:56:37] [main/DEBUG] [FML]: Java classpath at launch is:
[22:56:37] [main/DEBUG] [FML]:     forge-1.12.2-14.23.5.2860.jar
[22:56:37] [main/DEBUG] [FML]: Java library path at launch is:
[22:56:37] [main/DEBUG] [FML]:     C:\Program Files (x86)\Common Files\Oracle\Java\javapath
[22:56:37] [main/DEBUG] [FML]:     C:\Windows\Sun\Java\bin
[22:56:37] [main/DEBUG] [FML]:     C:\Windows\system32
[22:56:37] [main/DEBUG] [FML]:     C:\Windows
[22:56:37] [main/DEBUG] [FML]:     C:\Program Files (x86)\Common Files\Oracle\Java\javapath
[22:56:37] [main/DEBUG] [FML]:     C:\Program Files (x86)\NVIDIA Corporation\PhysX\Common
[22:56:37] [main/DEBUG] [FML]:     C:\Windows\system32
[22:56:37] [main/DEBUG] [FML]:     C:\Windows
[22:56:37] [main/DEBUG] [FML]:     C:\Windows\System32\Wbem
[22:56:37] [main/DEBUG] [FML]:     C:\Windows\System32\WindowsPowerShell\v1.0\
[22:56:37] [main/DEBUG] [FML]:     C:\Windows\System32\OpenSSH\
[22:56:37] [main/DEBUG] [FML]:     C:\Program Files\Git\cmd
[22:56:37] [main/DEBUG] [FML]:     C:\Users\frank\AppData\Local\Programs\Python\Python312\Scripts\
[22:56:37] [main/DEBUG] [FML]:     C:\Users\frank\AppData\Local\Programs\Python\Python312\
[22:56:37] [main/DEBUG] [FML]:     C:\Users\frank\AppData\Local\Microsoft\WindowsApps
[22:56:37] [main/DEBUG] [FML]:     C:\Users\frank\AppData\Local\Programs\Microsoft VS Code\bin
[22:56:37] [main/DEBUG] [FML]:     C:\msys64\ucrt64\bin
[22:56:37] [main/DEBUG] [FML]:     C:\msys64\mingw64\bin
[22:56:37] [main/DEBUG] [FML]:     C:\MinGW\bin
[22:56:37] [main/DEBUG] [FML]:     
[22:56:37] [main/DEBUG] [FML]:     .
[22:56:37] [main/DEBUG] [FML]: Determined Minecraft Libraries Root: C:\Users\frank\OneDrive\Desktop\mc-server-share-mod1\server1.20.4\libraries
[22:56:37] [main/DEBUG] [FML]: Cleaning up mods folder: .\mods
[22:56:37] [main/DEBUG] [FML]: Examining file: !mod-director-launchwrapper-1.8.3.jar
[22:56:37] [main/DEBUG] [FML]: Examining file: aaa_particles-1.20.1-1.4.7-forge.jar
[22:56:37] [main/DEBUG] [FML]: Examining file: AdHooks-1.12.2-3.3.1.0-build.0626.jar
[22:56:37] [main/DEBUG] [FML]: Examining file: adorabuild-structures-2.8.0-forge-1.20.1.jar
[22:56:37] [main/DEBUG] [FML]: Examining file: Advanced-Fishing-1.12.2-1.3.3.jar
[22:56:37] [main/DEBUG] [FML]: Examining file: advancednetherite-forge-2.1.3-1.20.1.jar
[22:56:37] [main/DEBUG] [FML]: Examining file: aeroblender-1.20.1-1.0.1-neoforge.jar
[22:56:37] [main/DEBUG] [FML]: Examining file: aether-1.20.1-1.4.2-neoforge.jar
[22:56:37] [main/DEBUG] [FML]: Examining file: aether-redux-2.0.17-1.20.1-neoforge.jar
[22:56:37] [main/DEBUG] [FML]: Examining file: AetherVillages-1.20.1-1.0.7-forge.jar
[22:56:37] [main/DEBUG] [FML]: Examining file: aether_enhanced_extinguishing-1.20.1-1.0.0-neoforge.jar
[22:56:37] [main/DEBUG] [FML]: Examining file: aether_protect_your_moa-1.20.1-1.0.0-neoforge.jar
[22:56:37] [main/DEBUG] [FML]: Examining file: AIReducer-1.12.2-0.3.0.jar
[22:56:37] [main/DEBUG] [FML]: Examining file: alcatrazcore-1.0.4.jar
[22:56:37] [main/DEBUG] [FML]: Examining file: alexsmobs-1.22.9.jar
[22:56:37] [main/DEBUG] [FML]: Examining file: alternate_current-mc1.20-1.7.0.jar
[22:56:37] [main/DEBUG] [FML]: Examining file: amendments-1.20-1.2.12.jar
[22:56:37] [main/DEBUG] [FML]: Examining file: another_furniture-forge-1.20.1-3.0.1.jar
[22:56:37] [main/DEBUG] [FML]: Examining file: antiqueatlas-1.12.2-4.6.3.jar
[22:56:37] [main/DEBUG] [FML]: Examining file: antiquecities-1.2.1.jar
[22:56:37] [main/DEBUG] [FML]: Examining file: anvilpatch-1.1.1.jar
[22:56:37] [main/DEBUG] [FML]: Examining file: Aquaculture-1.12.2-1.6.8.jar
[22:56:37] [main/DEBUG] [FML]: Examining file: architectury-9.2.14-forge.jar
[22:56:37] [main/DEBUG] [FML]: Examining file: armorunder-mc1.12.2-1.0.0.jar
[22:56:37] [main/DEBUG] [FML]: Examining file: ascended_quark-1.20.1-1.0.4.jar
[22:56:37] [main/DEBUG] [FML]: Examining file: ash_api-forge-3.0.2+1.20.1.jar
[22:56:37] [main/DEBUG] [FML]: Examining file: astikorcarts-1.12.2-0.1.2.8.jar
[22:56:37] [main/DEBUG] [FML]: Examining file: athena-forge-1.20.1-3.1.2.jar
[22:56:37] [main/DEBUG] [FML]: Examining file: AttributeFix-Forge-1.12.2-1.0.12.jar
[22:56:37] [main/DEBUG] [FML]: Examining file: AutochefsDelight-1.20.1-Forge-1.0.5.jar
[22:56:37] [main/DEBUG] [FML]: Examining file: AutoRegLib-1.3-32.jar
[22:56:37] [main/DEBUG] [FML]: Examining file: azurelib-neo-1.20.1-2.0.39.jar
[22:56:37] [main/DEBUG] [FML]: Examining file: backpacked-forge-1.20.1-3.0.0-beta.9.jar
[22:56:37] [main/DEBUG] [FML]: Examining file: balm-forge-1.20.1-7.3.9-all.jar
[22:56:37] [main/DEBUG] [FML]: Examining file: BarteringStation-v8.0.0-1.20.1-Forge.jar
[22:56:37] [main/DEBUG] [FML]: Examining file: base-1.12.2-3.14.0.jar
[22:56:37] [main/DEBUG] [FML]: Examining file: BattleTowers-1.12.2.jar
[22:56:37] [main/DEBUG] [FML]: Examining file: Baubles-1.12-1.5.2.jar
[22:56:37] [main/DEBUG] [FML]: Examining file: bclib-3.0.14.jar
[22:56:37] [main/DEBUG] [FML]: Examining file: BedBreakBegone-1.0.2.jar
[22:56:37] [main/DEBUG] [FML]: Examining file: better-end-4.0.11.jar
[22:56:37] [main/DEBUG] [FML]: Examining file: better-nether-9.0.10.jar
[22:56:37] [main/DEBUG] [FML]: Examining file: betterbiomeblend-1.12.2-1.1.7-forge.jar
[22:56:37] [main/DEBUG] [FML]: Examining file: bettercaves-1.12.2-2.0.4.jar
[22:56:37] [main/DEBUG] [FML]: Examining file: BetterCompatibilityChecker-forge-4.0.8+mc1.20.1.jar
[22:56:37] [main/DEBUG] [FML]: Examining file: betterend-crashed-ships-1.0.0.jar
[22:56:37] [main/DEBUG] [FML]: Examining file: betterfpsdist-1.20.1-6.0.jar
[22:56:37] [main/DEBUG] [FML]: Examining file: BetterMineshaftsForge-1.12.2-2.2.1.jar
[22:56:37] [main/DEBUG] [FML]: Examining file: betternether-0.1.8.6.jar
[22:56:37] [main/DEBUG] [FML]: Examining file: BetterQuesting-3.5.329.jar
[22:56:37] [main/DEBUG] [FML]: Examining file: BetterTabs-1.0.4.jar
[22:56:37] [main/DEBUG] [FML]: Examining file: better_survival-1.5.4.jar
[22:56:37] [main/DEBUG] [FML]: Examining file: BHMenu-Forge-1.12.2-2.4.3.jar
[22:56:37] [main/DEBUG] [FML]: Examining file: biomemusic-1.20.1-2.5.jar
[22:56:37] [main/DEBUG] [FML]: Examining file: BiomesOPlenty-1.12.2-7.0.1.2445-universal.jar
[22:56:37] [main/DEBUG] [FML]: Examining file: BiomesOPlenty-forge-1.20.1-19.0.0.91.jar
[22:56:37] [main/DEBUG] [FML]: Examining file: BlockOverlayFix-1.12.2-1.0.0.jar
[22:56:37] [main/DEBUG] [FML]: Examining file: Bloodmoon-MC1.12.2-1.5.3.jar
[22:56:37] [main/DEBUG] [FML]: Examining file: blossom.jar
[22:56:37] [main/DEBUG] [FML]: Examining file: blueprint-1.20.1-7.1.0.jar
[22:56:37] [main/DEBUG] [FML]: Examining file: blueprintfix-forge-1.0.0-1.20.1.jar
[22:56:37] [main/DEBUG] [FML]: Examining file: blue_skies-1.20.1-1.3.31.jar
[22:56:37] [main/DEBUG] [FML]: Examining file: BNBGamingLib-1.12.2-2.17.6.jar
[22:56:37] [main/DEBUG] [FML]: Examining file: BoatBreakFix-Universal-1.0.2.jar
[22:56:37] [main/DEBUG] [FML]: Examining file: boatload-1.20.1-5.0.1.jar
[22:56:37] [main/DEBUG] [FML]: Examining file: Bookshelf-Forge-1.20.1-20.2.13.jar
[22:56:37] [main/DEBUG] [FML]: Examining file: Born In A Barn 1.8-1.12-1.2.jar
[22:56:37] [main/DEBUG] [FML]: Examining file: Bountiful Baubles-1.12.2-0.1.8.jar
[22:56:37] [main/DEBUG] [FML]: Examining file: Bountiful-1.12.2-2.2.3.jar
[22:56:37] [main/DEBUG] [FML]: Examining file: Bountiful-6.0.3+1.20.1-forge.jar
[22:56:37] [main/DEBUG] [FML]: Examining file: BQTweaker-1.3.5.jar
[22:56:37] [main/DEBUG] [FML]: Examining file: BQ_Multiblock_Structure_Integration-1.0.9.jar
[22:56:37] [main/DEBUG] [FML]: Examining file: bygonenether-1.3.2-1.20.x.jar
[22:56:37] [main/DEBUG] [FML]: Examining file: caelus-forge-3.2.0+1.20.1.jar
[22:56:37] [main/DEBUG] [FML]: Examining file: callablehorses-1.12.2-1.1.1.jar
[22:56:37] [main/DEBUG] [FML]: Examining file: carrotslib-mc1.12.2-1.0.0b1.jar
[22:56:37] [main/DEBUG] [FML]: Examining file: carryon-1.12.2-1.12.7.23.jar
[22:56:37] [main/DEBUG] [FML]: Examining file: carryon-forge-1.20.1-2.1.2.7.jar
[22:56:37] [main/DEBUG] [FML]: Examining file: CD4017BE_lib-1.12.2-6.5.1.jar
[22:56:37] [main/DEBUG] [FML]: Examining file: champions-1.12.2-1.0.11.10.jar
[22:56:37] [main/DEBUG] [FML]: Examining file: Charm-1.12.2-1.4.1.jar
[22:56:38] [main/DEBUG] [FML]: Examining file: charmofundying-forge-6.5.0+1.20.1.jar
[22:56:38] [main/DEBUG] [FML]: Examining file: chefs-delight-1.0.3-forge-1.20.1.jar
[22:56:38] [main/DEBUG] [FML]: Examining file: chipped-forge-1.20.1-3.0.7.jar
[22:56:38] [main/DEBUG] [FML]: Examining file: ChunkAnimator-1.12.2-1.2.1.jar
[22:56:38] [main/DEBUG] [FML]: Examining file: chunksending-1.20.1-2.8.jar
[22:56:38] [main/DEBUG] [FML]: Examining file: citadel-2.6.0-1.20.1.jar
[22:56:38] [main/DEBUG] [FML]: Examining file: classyhats-1.6.0.jar
[22:56:38] [main/DEBUG] [FML]: Examining file: clientcrafting-1.20.1-1.8.jar
[22:56:38] [main/DEBUG] [FML]: Examining file: cloth-config-11.1.136-forge.jar
[22:56:38] [main/DEBUG] [FML]: Examining file: Clumps-forge-1.20.1-12.0.0.4.jar
[22:56:38] [main/DEBUG] [FML]: Examining file: collective-1.20.1-7.87.jar
[22:56:38] [main/DEBUG] [FML]: Examining file: CollisionDamage-1.2.2.jar
[22:56:38] [main/DEBUG] [FML]: Examining file: comforts-1.12.2-1.4.1.3.jar
[22:56:38] [main/DEBUG] [FML]: Examining file: comforts-forge-6.4.0+1.20.1.jar
[22:56:38] [main/DEBUG] [FML]: Examining file: CompatSkills-1.12.2-1.17.0.jar
[22:56:38] [main/DEBUG] [FML]: Examining file: ConfiguredDefaults-v8.0.1-1.20.1-Forge.jar
[22:56:38] [main/DEBUG] [FML]: Examining file: connectivity-1.20.1-5.6.jar
[22:56:38] [main/DEBUG] [FML]: Examining file: Connector-1.0.0-beta.46+1.20.1.jar
[22:56:38] [main/DEBUG] [FML]: Examining file: ConnectorExtras-1.11.2+1.20.1.jar
[22:56:38] [main/DEBUG] [FML]: Examining file: ContentCreator-1.3.7-fix2.jar
[22:56:38] [main/DEBUG] [FML]: Examining file: ContentTweaker-1.12.2-4.10.0.jar
[22:56:38] [main/DEBUG] [FML]: Examining file: continuity-3.0.0-beta.5+1.20.1.jar
[22:56:38] [main/DEBUG] [FML]: Examining file: Controlling-3.0.12.4.jar
[22:56:38] [main/DEBUG] [FML]: Examining file: CoralReef-2.5-1.12.2.jar
[22:56:38] [main/DEBUG] [FML]: Examining file: coroutil-forge-1.20.1-1.3.7.jar
[22:56:38] [main/DEBUG] [FML]: Examining file: corpse-forge-1.20.1-1.0.17.jar
[22:56:38] [main/DEBUG] [FML]: Examining file: corpsecomplex-1.12.2-1.0.12.0.jar
[22:56:38] [main/DEBUG] [FML]: Examining file: CrabbersDelight-1.20.1-1.1.7c.jar
[22:56:38] [main/DEBUG] [FML]: Examining file: craftablechainmail-1.0.jar
[22:56:38] [main/DEBUG] [FML]: Examining file: CraftTweaker2-1.12-4.1.20.700.jar
[22:56:38] [main/DEBUG] [FML]: Examining file: crafttweakerutils-0.7.jar
[22:56:38] [main/DEBUG] [FML]: Examining file: crashexploitfixer-forge-1.1.0+1.20.1.jar
[22:56:38] [main/DEBUG] [FML]: Examining file: crawlondemand-1.20.x-1.0.0.jar
[22:56:38] [main/DEBUG] [FML]: Examining file: CreativeCore_v1.10.71_mc1.12.2.jar
[22:56:38] [main/DEBUG] [FML]: Examining file: cristellib-1.1.5-forge.jar
[22:56:38] [main/DEBUG] [FML]: Examining file: ctintegration-1.8.0.jar
[22:56:38] [main/DEBUG] [FML]: Examining file: cupboard-1.20.1-2.7.jar
[22:56:38] [main/DEBUG] [FML]: Examining file: curios-forge-5.11.0+1.20.1.jar
[22:56:38] [main/DEBUG] [FML]: Examining file: CutThrough-v8.0.2-1.20.1-Forge.jar
[22:56:38] [main/DEBUG] [FML]: Examining file: decorative_blocks-forge-1.20.1-4.1.3.jar
[22:56:38] [main/DEBUG] [FML]: Examining file: deeperdarker-forge-1.20.1-1.3.2.jar
[22:56:38] [main/DEBUG] [FML]: Examining file: deep_aether-1.20.1-1.0.4.jar
[22:56:38] [main/DEBUG] [FML]: Examining file: defiledlands-1.12.2-1.4.3.jar
[22:56:38] [main/DEBUG] [FML]: Examining file: Delightful-1.20.1-3.6.jar
[22:56:38] [main/DEBUG] [FML]: Examining file: despawn_tweaker-1.20.1-1.0.0.jar
[22:56:38] [main/DEBUG] [FML]: Examining file: deuf-1.20.1-1.3.jar
[22:56:38] [main/DEBUG] [FML]: Examining file: DiagonalFences-v8.1.4-1.20.1-Forge.jar
[22:56:38] [main/DEBUG] [FML]: Examining file: dimensionalsycnfixes-1.20.1-0.0.1.jar
[22:56:38] [main/DEBUG] [FML]: Examining file: disenchanter[1.12]1.8.jar
[22:56:38] [main/DEBUG] [FML]: Examining file: DoomlikeDungeons-1.14.12-MC1.12.2.jar
[22:56:38] [main/DEBUG] [FML]: Examining file: dragonmounts-1.20.1-1.2.3-beta.jar
[22:56:38] [main/DEBUG] [FML]: Examining file: dragon_mounts_patches-1.0.0.jar
[22:56:38] [main/DEBUG] [FML]: Examining file: DregoraRL-2.1.jar
[22:56:38] [main/DEBUG] [FML]: Examining file: dtkupd-1.3-forge-1.20.1.jar
[22:56:38] [main/DEBUG] [FML]: Examining file: DungeonsArise-1.20.x-2.1.58-release.jar
[22:56:38] [main/DEBUG] [FML]: Examining file: DynamicSurroundings-1.12.2-3.6.2.1.jar
[22:56:38] [main/DEBUG] [FML]: Examining file: DynamicSurroundingsHuds-1.12.2-3.6.0.0.jar
[22:56:38] [main/DEBUG] [FML]: Making maven link for org.orecruncher:DynamicSurroundingsHuds:1.12.2-3.6.0.0 in memory to C:\Users\frank\OneDrive\Desktop\mc-server-share-mod1\server1.20.4\.\mods\DynamicSurroundingsHuds-1.12.2-3.6.0.0.jar.
[22:56:38] [main/DEBUG] [FML]: Examining file: DynamicTrees-1.12.2-0.9.29.jar
[22:56:38] [main/DEBUG] [FML]: Examining file: DynamicTreesBOP-1.12.2-1.5.2.jar
[22:56:38] [main/DEBUG] [FML]: Examining file: dynamictreesdefiledlands-1.12.2-1.0.0.jar
[22:56:38] [main/DEBUG] [FML]: Examining file: DynamicTreesTraverse-1.12.2-2.1.jar
[22:56:38] [main/DEBUG] [FML]: Examining file: EasyAnvils-v8.0.2-1.20.1-Forge.jar
[22:56:38] [main/DEBUG] [FML]: Examining file: EasyMagic-v8.0.1-1.20.1-Forge.jar
[22:56:38] [main/DEBUG] [FML]: Examining file: EditableEdibles-1.3.0.jar
[22:56:38] [main/DEBUG] [FML]: Examining file: Eldritch_End-FORGE-MC1.20.1-0.3.2.jar
[22:56:38] [main/DEBUG] [FML]: Examining file: ElenaiDodge-1.12.2-2.1.jar
[22:56:38] [main/DEBUG] [FML]: Examining file: elevatorid-1.20.1-lex-1.9.jar
[22:56:38] [main/DEBUG] [FML]: Examining file: elytraslot-forge-6.4.4+1.20.1.jar
[22:56:38] [main/DEBUG] [FML]: Examining file: EnchantmentDescriptions-1.12.2-1.1.20.jar
[22:56:38] [main/DEBUG] [FML]: Examining file: endersdelight-1.20.1-1.0.3.jar
[22:56:38] [main/DEBUG] [FML]: Examining file: EnhancedVisuals_v1.4.4_mc1.12.2.jar
[22:56:38] [main/DEBUG] [FML]: Examining file: EntityCulling-1.12.2-6.4.3.jar
[22:56:38] [main/DEBUG] [FML]: Examining file: EpheroLib-1.20.1-FORGE-1.2.0.jar
[22:56:38] [main/DEBUG] [FML]: Examining file: EpicSiegeMod-13.167.jar
[22:56:38] [main/DEBUG] [FML]: Examining file: everycomp-1.20-2.6.87.jar
[22:56:38] [main/DEBUG] [FML]: Examining file: explorations-forge-1.20.1-1.6.1.jar
[22:56:38] [main/DEBUG] [FML]: Examining file: extra_compat-1.5.22.jar
[22:56:38] [main/DEBUG] [FML]: Examining file: fabric-api-0.92.2+1.11.8+1.20.1.jar
[22:56:38] [main/DEBUG] [FML]: Examining file: FallingTree-1.20.1-4.3.4.jar
[22:56:38] [main/DEBUG] [FML]: Examining file: FamiliarFauna-1.12.2-1.0.11.jar
[22:56:38] [main/DEBUG] [FML]: Examining file: FancyBlockParticles-1.12.x-2.4.1.jar
[22:56:38] [main/DEBUG] [FML]: Examining file: fancymenu_forge_2.14.9_MC_1.12-1.12.2.jar
[22:56:38] [main/DEBUG] [FML]: Examining file: FantasticLib-1.12.2.047.jar
[22:56:38] [main/DEBUG] [FML]: Examining file: FarmersDelight-1.20.1-1.2.4.jar
[22:56:38] [main/DEBUG] [FML]: Examining file: FarmersStructures-1.0.3-1.20.jar
[22:56:38] [main/DEBUG] [FML]: Examining file: fastasyncworldsave-1.20.1-2.0.jar
[22:56:38] [main/DEBUG] [FML]: Examining file: fasterrandom-5.1.0.jar
[22:56:38] [main/DEBUG] [FML]: Examining file: fastpaintings-1.20-1.2.7.jar
[22:56:38] [main/DEBUG] [FML]: Examining file: Feature-Recycler-forge-1.0.1.jar
[22:56:38] [main/DEBUG] [FML]: Examining file: fermiumasm-5.23.jar
[22:56:38] [main/DEBUG] [FML]: Examining file: ferritecore-6.0.1-forge.jar
[22:56:38] [main/DEBUG] [FML]: Examining file: firstaid-1.6.22.jar
[22:56:38] [main/DEBUG] [FML]: Examining file: Fish's Undead Rising-1.4.2.jar
[22:56:38] [main/DEBUG] [FML]: Examining file: FishingMadeBetter-1.12.2-2.2.6.jar
[22:56:38] [main/DEBUG] [FML]: Examining file: flib-1.20.1-0.0.14.jar
[22:56:38] [main/DEBUG] [FML]: Examining file: foamfix-0.10.15-1.12.2.jar
[22:56:38] [main/DEBUG] [FML]: Examining file: FoodExpansion1.3.3-1.12.2.jar
[22:56:38] [main/DEBUG] [FML]: Examining file: ForgeConfigScreens-v8.0.2-1.20.1-Forge.jar
[22:56:38] [main/DEBUG] [FML]: Examining file: ForgeEndertech-1.12.2-4.5.6.1-build.0648.jar
[22:56:38] [main/DEBUG] [FML]: Examining file: Forgelin-1.8.4.jar
[22:56:38] [main/DEBUG] [FML]: Examining file: forgottenitems-1.12.2-1.3.1.4.jar
[22:56:38] [main/DEBUG] [FML]: Examining file: formations-1.0.2a-forge-mc1.20.2.jar
[22:56:38] [main/DEBUG] [FML]: Examining file: formationsnether-1.0.5.jar
[22:56:38] [main/DEBUG] [FML]: Examining file: formationsoverworld-1.0.4.jar
[22:56:38] [main/DEBUG] [FML]: Examining file: framevoidpatch-1.0.0.jar
[22:56:38] [main/DEBUG] [FML]: Examining file: framework-forge-1.20.1-0.7.11.jar
[22:56:38] [main/DEBUG] [FML]: Examining file: FriendlyEndermite_v1.0.1_mc1.12.2.jar
[22:56:38] [main/DEBUG] [FML]: Examining file: friendsandfoes-forge-mc1.20.1-3.0.5.jar
[22:56:38] [main/DEBUG] [FML]: Examining file: ftb-library-forge-2001.2.4.jar
[22:56:38] [main/DEBUG] [FML]: Examining file: ftb-quests-forge-2001.4.9.jar
[22:56:38] [main/DEBUG] [FML]: Examining file: ftb-teams-forge-2001.3.0.jar
[22:56:38] [main/DEBUG] [FML]: Examining file: ftb-xmod-compat-forge-2.1.1.jar
[22:56:38] [main/DEBUG] [FML]: Examining file: ftbquestsfreezefix-forge-1.0.0-1.20.1.jar
[22:56:38] [main/DEBUG] [FML]: Examining file: fxcontrol-1.12-0.1.15.jar
[22:56:38] [main/DEBUG] [FML]: Found existing ContainedDep META-INF/libraries/mcjtytools-1.12-0.0.21.jar(com.github.mcjty:mcjtytools:0.0.21) from C:\Users\frank\OneDrive\Desktop\mc-server-share-mod1\server1.20.4\mods\memory_repo\com\github\mcjty\mcjtytools\0.0.21\mcjtytools-0.0.21.jar extracted to .\mods\fxcontrol-1.12-0.1.15.jar, skipping extraction
[22:56:38] [main/DEBUG] [FML]: Examining file: mcjtytools-0.0.21.jar
[22:56:38] [main/DEBUG] [FML]: Examining file: Galosphere-1.20.1-1.4.1-Forge.jar
[22:56:38] [main/DEBUG] [FML]: Examining file: gardens-of-the-dead-forge-4.0.1.jar
[22:56:38] [main/DEBUG] [FML]: Examining file: geckolib-forge-1.20.1-4.4.9.jar
[22:56:38] [main/DEBUG] [FML]: Examining file: GeckoLibOculusCompat-Forge-1.0.1.jar
[22:56:38] [main/DEBUG] [FML]: Examining file: Geophilic v3.1.4 f15-57.jar
[22:56:38] [main/DEBUG] [FML]: Examining file: GeophilicReforged-v1.2.0.jar
[22:56:38] [main/DEBUG] [FML]: Examining file: GlitchCore-forge-1.20.1-0.0.1.1.jar
[22:56:38] [main/DEBUG] [FML]: Examining file: GlobalGameRules-1.12.2-2.2.7.jar
[22:56:38] [main/DEBUG] [FML]: Examining file: goblintraders-forge-1.20.1-1.9.3.jar
[22:56:38] [main/DEBUG] [FML]: Examining file: GooglyEyes-1.12.2-7.1.1.jar
[22:56:38] [main/DEBUG] [FML]: Examining file: grapplemod-1.12.2-v12.3.jar
[22:56:38] [main/DEBUG] [FML]: Examining file: Grass_Overhaul-Forge-23.10.10-MC1.20.1.jar
[22:56:38] [main/DEBUG] [FML]: Examining file: guardvillagers-1.20.1-1.6.7.jar
[22:56:38] [main/DEBUG] [FML]: Examining file: handcrafted-forge-1.20.1-3.0.6.jar
[22:56:38] [main/DEBUG] [FML]: Examining file: Hearths v1.0.1 f12-48.jar
[22:56:38] [main/DEBUG] [FML]: Examining file: hearth_and_home-forge-1.20.1-2.0.3.jar
[22:56:38] [main/DEBUG] [FML]: Examining file: HelpFixer-1.12.1-1.5.18.jar
[22:56:38] [main/DEBUG] [FML]: Examining file: Highlighter-1.20.1-forge-1.1.9.jar
[22:56:38] [main/DEBUG] [FML]: Examining file: Ice and Fire-2.0.5.jar
[22:56:38] [main/DEBUG] [FML]: Examining file: Iceberg-1.20.1-forge-1.1.25.jar
[22:56:38] [main/DEBUG] [FML]: Examining file: iChunUtil-1.12.2-7.2.2.jar
[22:56:38] [main/DEBUG] [FML]: Examining file: IllagerInvasion-v8.0.6-1.20.1-Forge.jar
[22:56:38] [main/DEBUG] [FML]: Examining file: incontrol-1.12-3.9.18.jar
[22:56:38] [main/DEBUG] [FML]: Found existing ContainedDep META-INF/libraries/mcjtytools-1.12-0.0.21.jar(com.github.mcjty:mcjtytools:0.0.21) from C:\Users\frank\OneDrive\Desktop\mc-server-share-mod1\server1.20.4\mods\memory_repo\com\github\mcjty\mcjtytools\0.0.21\mcjtytools-0.0.21.jar extracted to .\mods\incontrol-1.12-3.9.18.jar, skipping extraction
[22:56:38] [main/DEBUG] [FML]: File already proccessed C:\Users\frank\OneDrive\Desktop\mc-server-share-mod1\server1.20.4\.\mods\memory_repo\com\github\mcjty\mcjtytools\0.0.21\mcjtytools-0.0.21.jar, Skipping
[22:56:38] [main/DEBUG] [FML]: Examining file: incubation-1.20.1-4.0.2.jar
[22:56:38] [main/DEBUG] [FML]: Examining file: InfernalMobs-1.12.2.jar
[22:56:38] [main/DEBUG] [FML]: Examining file: Inspirations-1.12.2-0.2.9.jar
[22:56:38] [main/DEBUG] [FML]: Examining file: inventorymanagement-1.3.1+1.20.jar
[22:56:38] [main/DEBUG] [FML]: Examining file: InventoryTweaks-1.64+dev.151.jar
[22:56:38] [main/DEBUG] [FML]: Examining file: item-filters-forge-2001.1.0-build.59.jar
[22:56:38] [main/DEBUG] [FML]: Examining file: ItemPhysic_Full_1.4.37_mc1.12.2.jar
[22:56:38] [main/DEBUG] [FML]: Examining file: itlt-1.12.x-1.0.4.jar
[22:56:38] [main/DEBUG] [FML]: Examining file: IvToolkit-1.3.3-1.12.jar
[22:56:38] [main/DEBUG] [FML]: Examining file: Jade-1.20.1-forge-11.11.1.jar
[22:56:38] [main/DEBUG] [FML]: Examining file: Jadens-Nether-Expansion-2.1.0-Forge.jar
[22:56:38] [main/DEBUG] [FML]: Examining file: jei-1.20.1-forge-15.20.0.105.jar
[22:56:38] [main/DEBUG] [FML]: Examining file: jei_1.12.2-4.16.1.1012.jar
[22:56:38] [main/DEBUG] [FML]: Examining file: justenoughbreeding-forge-1.20.x-1.4.1.jar
[22:56:38] [main/DEBUG] [FML]: Examining file: JustEnoughResources-1.20.1-1.4.0.247.jar
[22:56:38] [main/DEBUG] [FML]: Examining file: Kambrik-6.1.1+1.20.1-forge.jar
[22:56:38] [main/DEBUG] [FML]: Examining file: Kiwi-1.12.2-0.5.3.32.jar
[22:56:38] [main/DEBUG] [FML]: Making maven link for ${project.group}:${project.archivesBaseName}:${project.version} in memory to C:\Users\frank\OneDrive\Desktop\mc-server-share-mod1\server1.20.4\.\mods\Kiwi-1.12.2-0.5.3.32.jar.
[22:56:38] [main/DEBUG] [FML]: Examining file: Kiwi-1.20.1-Forge-11.8.20.jar
[22:56:38] [main/DEBUG] [FML]: Examining file: kleeslabs-forge-1.20-15.0.0.jar
[22:56:38] [main/DEBUG] [FML]: Examining file: konkrete_forge_1.6.1_MC_1.12-1.12.2.jar
[22:56:38] [main/DEBUG] [FML]: Examining file: konkrete_forge_1.8.0_MC_1.20-1.20.1.jar
[22:56:38] [main/DEBUG] [FML]: Examining file: kotlinforforge-4.11.0-all.jar
[22:56:38] [main/DEBUG] [FML]: Examining file: KryptonReforged-0.2.3.jar
[22:56:38] [main/DEBUG] [FML]: Examining file: lagbgonrevived-1.1.0.jar
[22:56:38] [main/DEBUG] [FML]: Examining file: LeavesBeGone-v8.0.0-1.20.1-Forge.jar
[22:56:38] [main/DEBUG] [FML]: Examining file: LegendaryTooltips-1.12.2-1.1.11.jar
[22:56:38] [main/DEBUG] [FML]: Examining file: Level Up! 2-1.1.23-1.12.jar
[22:56:38] [main/DEBUG] [FML]: Examining file: libertyvillagers-2.0.0+forge+1.20.1.jar
[22:56:38] [main/DEBUG] [FML]: Examining file: librarianlib-1.12.2-4.22.jar
[22:56:38] [main/DEBUG] [FML]: Examining file: lionfishapi-1.9.jar
[22:56:38] [main/DEBUG] [FML]: Examining file: lithostitched-forge-1.20.1-1.3.4.jar
[22:56:38] [main/DEBUG] [FML]: Examining file: llibrary-1.7.20-1.12.2.jar
[22:56:38] [main/DEBUG] [FML]: Found existing ContainedDep llibrary-core-1.0.11-1.12.2.jar(net.ilexiconn:llibrary-core:1.0.11-1.12.2) from C:\Users\frank\OneDrive\Desktop\mc-server-share-mod1\server1.20.4\mods\memory_repo\net\ilexiconn\llibrary-core\1.0.11-1.12.2\llibrary-core-1.0.11-1.12.2.jar extracted to .\mods\llibrary-1.7.20-1.12.2.jar, skipping extraction
[22:56:38] [main/DEBUG] [FML]: Examining file: llibrary-core-1.0.11-1.12.2.jar
[22:56:38] [main/DEBUG] [FML]: Making maven link for net.ilexiconn:llibrary:1.7.20-1.12.2 in memory to C:\Users\frank\OneDrive\Desktop\mc-server-share-mod1\server1.20.4\.\mods\llibrary-1.7.20-1.12.2.jar.
[22:56:38] [main/DEBUG] [FML]: Examining file: lmft-1.0.4+1.20.1-forge.jar
[22:56:38] [main/DEBUG] [FML]: Examining file: LoadingScreens-1.12.2-0.3.1.jar
[22:56:38] [main/DEBUG] [FML]: Examining file: Locks-1.12.2-3.0.0.jar
[22:56:38] [main/DEBUG] [FML]: Examining file: Log-Begone-Forge-1.20.1-1.0.8.jar
[22:56:38] [main/DEBUG] [FML]: Examining file: LongerChatHistory-1.3-Forge.jar
[22:56:38] [main/DEBUG] [FML]: Examining file: LongNbtKiller-Forge-1.20.1-1.0.0.jar
[22:56:38] [main/DEBUG] [FML]: Examining file: lootintegrations-1.20.1-3.7.jar
[22:56:38] [main/DEBUG] [FML]: Examining file: lootintegrations_yungs-1.2.jar
[22:56:38] [main/DEBUG] [FML]: Examining file: LootTweaker-0.3.1+MC1.12.2.jar
[22:56:38] [main/DEBUG] [FML]: Examining file: lostcities-1.12-2.0.22.jar
[22:56:38] [main/DEBUG] [FML]: Examining file: lost_aether_content-1.20.1-1.2.3.jar
[22:56:38] [main/DEBUG] [FML]: Examining file: Luna-FORGE-MC1.19.X-1.0.1.jar
[22:56:38] [main/DEBUG] [FML]: Examining file: lycanitesmobs-1.12.2-2.0.8.10.jar
[22:56:38] [main/DEBUG] [FML]: Examining file: L_Enders_Cataclysm-2.16 - 1.20.1.jar
[22:56:38] [main/DEBUG] [FML]: Examining file: MagnumTorch-v8.0.2-1.20.1-Forge.jar
[22:56:38] [main/DEBUG] [FML]: Examining file: Mantle-1.12-1.3.3.55.jar
[22:56:38] [main/DEBUG] [FML]: Examining file: MaterialTweaker-1.1.1.jar
[22:56:38] [main/DEBUG] [FML]: Examining file: mcw-bridges-1.0.6b-mc1.12.2.jar
[22:56:38] [main/DEBUG] [FML]: Examining file: mediumcore-1.0.0.jar
[22:56:38] [main/DEBUG] [FML]: Examining file: melody_forge_1.0.3_MC_1.20.1-1.20.4.jar
[22:56:38] [main/DEBUG] [FML]: Examining file: memoryleakfix-forge-1.17+-1.1.1.jar
[22:56:38] [main/DEBUG] [FML]: Examining file: memorysettings-1.20.1-5.5.jar
[22:56:38] [main/DEBUG] [FML]: Examining file: mes-1.3.4-1.20-forge.jar
[22:56:38] [main/DEBUG] [FML]: Examining file: MindfulDarkness-v8.0.3-1.20.1-Forge.jar
[22:56:38] [main/DEBUG] [FML]: Examining file: MmmMmmMmmMmm-1.12-1.14.jar
[22:56:38] [main/DEBUG] [FML]: Examining file: mns-1.0.3-1.20-forge.jar
[22:56:38] [main/DEBUG] [FML]: Examining file: MoBends_1.12.2-1.2.1-19.12.21.jar
[22:56:38] [main/DEBUG] [FML]: Examining file: modernfix-forge-5.19.4+mc1.20.1.jar
[22:56:38] [main/DEBUG] [FML]: Examining file: modpack-update-checker-1.20.1-forge-0.15.2.jar
[22:56:38] [main/DEBUG] [FML]: Examining file: modtweaker-4.0.20.11.jar
[22:56:38] [main/DEBUG] [FML]: Examining file: moonlight-1.20-2.13.17-forge.jar
[22:56:38] [main/DEBUG] [FML]: Examining file: MouseTweaks-2.10.1-mc1.12.2.jar
[22:56:38] [main/DEBUG] [FML]: Examining file: mowziesmobs-1.6.5.jar
[22:56:38] [main/DEBUG] [FML]: Examining file: MTLib-3.0.7.jar
[22:56:38] [main/DEBUG] [FML]: Examining file: MultiMine-1.12.2.jar
[22:56:38] [main/DEBUG] [FML]: Examining file: mvs-4.1.4-1.20-forge.jar
[22:56:38] [main/DEBUG] [FML]: Examining file: NaturesCompass-1.20.1-1.11.2-forge.jar
[22:56:38] [main/DEBUG] [FML]: Examining file: Neat 1.4-17.jar
[22:56:38] [main/DEBUG] [FML]: Examining file: Necronomicon-Forge-1.6.0+1.20.1.jar
[22:56:38] [main/DEBUG] [FML]: Examining file: Neruina-2.1.2-forge+1.20.1.jar
[22:56:38] [main/DEBUG] [FML]: Examining file: NetherChested-v8.0.4-1.20.1-Forge.jar
[22:56:38] [main/DEBUG] [FML]: Examining file: netherportalfix-forge-1.20-13.0.1.jar
[22:56:38] [main/DEBUG] [FML]: Examining file: nethersdelight-1.20.1-4.0.jar
[22:56:38] [main/DEBUG] [FML]: Examining file: NoChatReports-FORGE-1.20.1-v2.2.2.jar
[22:56:38] [main/DEBUG] [FML]: Examining file: noisium-forge-2.3.0+mc1.20-1.20.1.jar
[22:56:38] [main/DEBUG] [FML]: Examining file: notreepunching-2.0.21.jar
[22:56:38] [main/DEBUG] [FML]: Examining file: oceansdelight-1.0.2-1.20.jar
[22:56:38] [main/DEBUG] [FML]: Examining file: open-parties-and-claims-forge-1.20.1-0.23.2.jar
[22:56:38] [main/DEBUG] [FML]: Examining file: OpenTerrainGenerator-1.12.2-v9.5-R2.jar
[22:56:38] [main/DEBUG] [FML]: Found existing ContainDep extracted to C:\Users\frank\OneDrive\Desktop\mc-server-share-mod1\server1.20.4\mods\1.12.2\OTG-Core.jar, skipping extraction
[22:56:38] [main/DEBUG] [FML]: Examining file: OreLib-1.12.2-3.6.0.1.jar
[22:56:38] [main/DEBUG] [FML]: Making maven link for org.orecruncher:OreLib:1.12.2-3.6.0.1 in memory to C:\Users\frank\OneDrive\Desktop\mc-server-share-mod1\server1.20.4\.\mods\OreLib-1.12.2-3.6.0.1.jar.
[22:56:38] [main/DEBUG] [FML]: Examining file: packetfixer-forge-1.4.2-1.19-to-1.20.1.jar
[22:56:38] [main/DEBUG] [FML]: Examining file: Paintings-forge-1.20.1-11.0.0.2.jar
[22:56:38] [main/DEBUG] [FML]: Examining file: palegarden-1.0.0-forge-1.20.1.jar
[22:56:38] [main/DEBUG] [FML]: Examining file: particleculling-1.12.2-v1.4.3.jar
[22:56:38] [main/DEBUG] [FML]: Examining file: Patchouli-1.20.1-84-FORGE.jar
[22:56:38] [main/DEBUG] [FML]: Examining file: Paxi-1.20-Forge-4.0.jar
[22:56:38] [main/DEBUG] [FML]: Examining file: pet_cemetery-1.20.1-2.0.0.jar
[22:56:38] [main/DEBUG] [FML]: Examining file: Philips-Ruins1.20.1-4.6.jar
[22:56:38] [main/DEBUG] [FML]: Examining file: phosphor-1.12.2-0.2.6+build50-universal.jar
[22:56:38] [main/DEBUG] [FML]: Making maven link for me.jellysquid.mods:phosphor:1.12.2-0.2.6+build50 in memory to C:\Users\frank\OneDrive\Desktop\mc-server-share-mod1\server1.20.4\.\mods\phosphor-1.12.2-0.2.6+build50-universal.jar.
[22:56:38] [main/DEBUG] [FML]: Examining file: pigstep-1.12.jar
[22:56:38] [main/DEBUG] [FML]: Examining file: Ping-Wheel-1.9.1-forge-1.20.1.jar
[22:56:38] [main/DEBUG] [FML]: Examining file: Placebo-1.12.2-1.6.1.jar
[22:56:38] [main/DEBUG] [FML]: Examining file: playerbosses-1.12.2-1.1.0.jar
[22:56:38] [main/DEBUG] [FML]: Examining file: polymorph-forge-0.49.5+1.20.1.jar
[22:56:38] [main/DEBUG] [FML]: Examining file: PortalDupeBegone-1.0.0.jar
[22:56:38] [main/DEBUG] [FML]: Examining file: PotionCore-1.9_for_1.12.2.jar
[22:56:38] [main/DEBUG] [FML]: Examining file: potiondescriptions-1.12.2-1.2.4.jar
[22:56:38] [main/DEBUG] [FML]: Examining file: PotionFingers-r1.0-8.jar
[22:56:38] [main/DEBUG] [FML]: Examining file: PuzzlesLib-v8.1.24-1.20.1-Forge.jar
[22:56:38] [main/DEBUG] [FML]: Examining file: QualityTools-1.0.7_for_1.12.2.jar
[22:56:38] [main/DEBUG] [FML]: Examining file: Quark-4.0-460.jar
[22:56:38] [main/DEBUG] [FML]: Examining file: Quark-r1.6-179.jar
[22:56:38] [main/DEBUG] [FML]: Examining file: radium-mc1.20.1-0.12.4+git.26c9d8e.jar
[22:56:38] [main/DEBUG] [FML]: Examining file: Raided-1.20.1-0.1.4.jar
[22:56:38] [main/DEBUG] [FML]: Examining file: ReachFix-1.12.2-1.0.10.jar
[22:56:38] [main/DEBUG] [FML]: Examining file: RealBench-1.12.2-1.3.3.jar
[22:56:38] [main/DEBUG] [FML]: Examining file: RealisticTorches-1.12.2-2.1.2.jar
[22:56:38] [main/DEBUG] [FML]: Examining file: RebornCore-1.12.2-3.19.5-universal.jar
[22:56:38] [main/DEBUG] [FML]: Examining file: recipeessentials-1.20.1-3.6.jar
[22:56:38] [main/DEBUG] [FML]: Examining file: RecurrentComplex-1.4.8.6.jar
[22:56:38] [main/DEBUG] [FML]: Examining file: redirector-5.0.0.jar
[22:56:38] [main/DEBUG] [FML]: Examining file: RenderLib-1.12.2-1.3.5.jar
[22:56:38] [main/DEBUG] [FML]: Examining file: repurposed_structures-7.1.15+1.20.1-forge.jar
[22:56:38] [main/DEBUG] [FML]: Examining file: Reskillable-1.12.2-1.13.0.jar
[22:56:38] [main/DEBUG] [FML]: Examining file: resourcefullib-forge-1.20.1-2.1.29.jar
[22:56:38] [main/DEBUG] [FML]: Examining file: ResourceLoader-MC1.12.1-1.5.3.jar
[22:56:38] [main/DEBUG] [FML]: Examining file: ResourcePackOverrides-v8.0.3-1.20.1-Forge.jar
[22:56:38] [main/DEBUG] [FML]: Examining file: revampedwolf-1.20.1-5.0.0.jar
[22:56:38] [main/DEBUG] [FML]: Examining file: RLArtifacts-1.1.2.jar
[22:56:38] [main/DEBUG] [FML]: Examining file: RLCombat-1.12.2-2.2.1.jar
[22:56:38] [main/DEBUG] [FML]: Examining file: RLFoliage-MC1.12-2.4.2.jar
[22:56:38] [main/DEBUG] [FML]: Examining file: RLMixins-1.3.13.jar
[22:56:38] [main/DEBUG] [FML]: Examining file: RLTweaker-1.12.2-0.6.5.jar
[22:56:38] [main/DEBUG] [FML]: Examining file: RoguelikeDungeonsFnarEdition-1.12.2-2.4.6.jar
[22:56:38] [main/DEBUG] [FML]: Examining file: roughTweaks0.2.4-1.12.2.jar
[22:56:38] [main/DEBUG] [FML]: Examining file: rustic-1.1.7.jar
[22:56:38] [main/DEBUG] [FML]: Examining file: sawmill-1.20-1.4.3.jar
[22:56:38] [main/DEBUG] [FML]: Examining file: ScalingHealth-1.12.2-1.3.42+147.jar
[22:56:38] [main/DEBUG] [FML]: Examining file: Searchables-forge-1.20.1-1.0.3.jar
[22:56:38] [main/DEBUG] [FML]: Examining file: SereneSeasons-1.12.2-1.2.18-universal.jar
[22:56:38] [main/DEBUG] [FML]: Examining file: SereneSeasons-forge-1.20.1-9.1.0.0.jar
[22:56:38] [main/DEBUG] [FML]: Examining file: sereneseasonsfix-1.20.2-1.1.0.1.jar
[22:56:38] [main/DEBUG] [FML]: Examining file: ServerBrowser-1.20.1-FORGE-1.3.0.jar
[22:56:38] [main/DEBUG] [FML]: Examining file: servercore-forge-1.5.1+1.20.1.jar
[22:56:38] [main/DEBUG] [FML]: Examining file: SetBonus-1.12.2.020.jar
[22:56:38] [main/DEBUG] [FML]: Examining file: ShieldBreak-1.1.3.jar
[22:56:38] [main/DEBUG] [FML]: Examining file: ShieldExpansion-1.20.1-1.1.7a.jar
[22:56:38] [main/DEBUG] [FML]: Examining file: SilentLib-1.12.2-3.0.14+168.jar
[22:56:38] [main/DEBUG] [FML]: Examining file: SimpleDifficulty-1.12.2-0.3.9.jar
[22:56:38] [main/DEBUG] [FML]: Examining file: SimpleStorageNetwork-1.20.1-1.11.3.jar
[22:56:38] [main/DEBUG] [FML]: Examining file: sit-1.12.2-v1.3.jar
[22:56:38] [main/DEBUG] [FML]: Examining file: smarterfarmers-1.20-2.1.0.jar
[22:56:38] [main/DEBUG] [FML]: Examining file: smoothchunk-1.20.1-3.6.jar
[22:56:38] [main/DEBUG] [FML]: Examining file: SnowRealMagic-1.12.2-0.7.1.jar
[22:56:38] [main/DEBUG] [FML]: Examining file: SnowRealMagic-1.20.1-Forge-10.5.2.jar
[22:56:38] [main/DEBUG] [FML]: Examining file: snowundertrees-1.20.1-1.4.5.jar
[22:56:38] [main/DEBUG] [FML]: Examining file: SoManyEnchantments-0.5.5.jar
[22:56:38] [main/DEBUG] [FML]: Examining file: sound-physics-remastered-forge-1.20.1-1.4.5.jar
[22:56:38] [main/DEBUG] [FML]: Examining file: SoundFilters-0.12.1_for_1.12.jar
[22:56:38] [main/DEBUG] [FML]: Examining file: spark-1.10.53-forge.jar
[22:56:38] [main/DEBUG] [FML]: Examining file: spark-unforged-1.11.2-forge.jar
[22:56:38] [main/DEBUG] [FML]: Examining file: sparsestructuresreforged-1.20.1-0.0.1.jar
[22:56:38] [main/DEBUG] [FML]: Examining file: spartandefiled-1.12.2-1.2.jar
[22:56:38] [main/DEBUG] [FML]: Examining file: spartanfire_rlcraft-1.3.2.jar
[22:56:38] [main/DEBUG] [FML]: Examining file: SpartanHUDBaubles-1.12.2-1.0.0.jar
[22:56:38] [main/DEBUG] [FML]: Examining file: SpartanShields-1.12.2-1.5.5.jar
[22:56:38] [main/DEBUG] [FML]: Examining file: SpartanWeaponry-1.12.2-1.6.0.jar
[22:56:38] [main/DEBUG] [FML]: Examining file: SpawnerControl-1.6.3b.jar
[22:56:38] [main/DEBUG] [FML]: Examining file: spawnersplus-4.0-1.20.1.jar
[22:56:38] [main/DEBUG] [FML]: Examining file: SRParasites-1.12.2v1.9.21.jar
[22:56:38] [main/DEBUG] [FML]: Examining file: stalwart-dungeons-1.20.1-1.2.8.jar
[22:56:38] [main/DEBUG] [FML]: Examining file: StandardExpansion-3.4.173.jar
[22:56:38] [main/DEBUG] [FML]: Examining file: Stoneworks-v8.0.0-1.20.1-Forge.jar
[22:56:38] [main/DEBUG] [FML]: Examining file: Stony Cliffs FML v1.1.2.jar
[22:56:38] [main/DEBUG] [FML]: Examining file: Structory_1.20.x_v1.3.5.jar
[22:56:38] [main/DEBUG] [FML]: Examining file: Structory_Towers_1.20.x_v1.0.7.jar
[22:56:38] [main/DEBUG] [FML]: Examining file: structureessentials-1.20.1-3.4.jar
[22:56:38] [main/DEBUG] [FML]: Examining file: structure_gel-1.20.1-2.16.2.jar
[22:56:38] [main/DEBUG] [FML]: Examining file: supplementaries-1.20-2.8.17.jar
[22:56:38] [main/DEBUG] [FML]: Examining file: suppsquared-1.20-1.1.15.jar
[22:56:38] [main/DEBUG] [FML]: Examining file: Surge-1.12.2-2.0.79.jar
[22:56:38] [main/DEBUG] [FML]: Examining file: switchbow-1.6.8.jar
[22:56:38] [main/DEBUG] [FML]: Examining file: takesapillage-1.0.3-1.20.1.jar
[22:56:38] [main/DEBUG] [FML]: Examining file: temporalapi-1.6.7.jar
[22:56:38] [main/DEBUG] [FML]: Examining file: TerraBlender-forge-1.20.1-3.0.1.7.jar
[22:56:38] [main/DEBUG] [FML]: Examining file: the-conjurer-1.20.1-1.1.6.jar
[22:56:38] [main/DEBUG] [FML]: Examining file: tnt_utilities-mc1.12-1.2.3.jar
[22:56:38] [main/DEBUG] [FML]: Examining file: Toast Control-1.12.2-1.8.1.jar
[22:56:38] [main/DEBUG] [FML]: Examining file: toofast-1.20-0.4.3.5.jar
[22:56:38] [main/DEBUG] [FML]: Examining file: ToolBelt-1.12.2-1.9.14.jar
[22:56:38] [main/DEBUG] [FML]: Examining file: Towns-and-Towers-1.12-Fabric+Forge.jar
[22:56:38] [main/DEBUG] [FML]: Examining file: TradingPost-v8.0.2-1.20.1-Forge.jar
[22:56:38] [main/DEBUG] [FML]: Examining file: transparent-forge-8.0.1+1.20.1.jar
[22:56:38] [main/DEBUG] [FML]: Examining file: Traverse-1.12.2-1.6.0-69.jar
[22:56:38] [main/DEBUG] [FML]: Examining file: Trinkets and Baubles-0.32.5.jar
[22:56:38] [main/DEBUG] [FML]: Examining file: trumpetskeleton-1.12-1.0.2.1.jar
[22:56:38] [main/DEBUG] [FML]: Examining file: tschipplib-1.12.2-1.1.7.jar
[22:56:38] [main/DEBUG] [FML]: Examining file: tumbleweed-1.12-0.4.7.jar
[22:56:38] [main/DEBUG] [FML]: Examining file: Twigs-1.20.1-3.1.0.jar
[22:56:38] [main/DEBUG] [FML]: Examining file: twilightdelight-2.0.13.jar
[22:56:38] [main/DEBUG] [FML]: Examining file: twilightforest-1.20.1-4.3.2508-universal.jar
[22:56:38] [main/DEBUG] [FML]: Examining file: ucrashedlol-0.0.3+1.20.1.jar
[22:56:38] [main/DEBUG] [FML]: Examining file: umbral_skies-1.3.jar
[22:56:38] [main/DEBUG] [FML]: Examining file: Underneath-1.4.jar
[22:56:38] [main/DEBUG] [FML]: Examining file: VariedCommodities_1.12.2-(31Mar23).jar
[22:56:38] [main/DEBUG] [FML]: Examining file: veinmining-forge-1.5.0+1.20.1.jar
[22:56:38] [main/DEBUG] [FML]: Examining file: VerticallyStackedDimensions-1.12.2-0.1.9.jar
[22:56:38] [main/DEBUG] [FML]: Examining file: villagernames-1.20.1-8.1.jar
[22:56:38] [main/DEBUG] [FML]: Examining file: VillagersPlus_3.1_(FORGE)_for_1.20.1.jar
[22:56:38] [main/DEBUG] [FML]: Examining file: villagesandpillages-forge-mc1.20.1-1.0.1.jar
[22:56:38] [main/DEBUG] [FML]: Examining file: visuality-forge-2.0.2.jar
[22:56:38] [main/DEBUG] [FML]: Examining file: VisualWorkbench-v8.0.0-1.20.1-Forge.jar
[22:56:38] [main/DEBUG] [FML]: Examining file: voidtotem-forge-1.20-3.0.1.jar
[22:56:38] [main/DEBUG] [FML]: Examining file: v_slab_compat-1.20-2.4.jar
[22:56:38] [main/DEBUG] [FML]: Examining file: watut-forge-1.20.1-1.1.3.jar
[22:56:38] [main/DEBUG] [FML]: Examining file: waystones-forge-1.20-14.1.6.jar
[22:56:38] [main/DEBUG] [FML]: Examining file: Waystones_1.12.2-4.1.0.jar
[22:56:38] [main/DEBUG] [FML]: Examining file: WearableBackpacks-RLCraft-1.12.2-3.2.6.jar
[22:56:38] [main/DEBUG] [FML]: Examining file: whatareyouvotingfor2023-1.20.1-1.2.5.jar
[22:56:38] [main/DEBUG] [FML]: Examining file: wither_spawn_fix-1.0.0.jar
[22:56:38] [main/DEBUG] [FML]: Examining file: WolfArmorAndStorage-3.8.1+1.12.2.alpha.1-SNAPSHOT-signed.jar
[22:56:38] [main/DEBUG] [FML]: Examining file: XaerosWorldMap_1.39.0_Forge_1.20.jar
[22:56:38] [main/DEBUG] [FML]: Examining file: Xaeros_Minimap_24.5.0_Forge_1.20.jar
[22:56:38] [main/DEBUG] [FML]: Examining file: XPFromHarvest-1.12.2-1.2.0.jar
[22:56:38] [main/DEBUG] [FML]: Examining file: xptome-1.12.2-v1.1.6.jar
[22:56:38] [main/DEBUG] [FML]: Examining file: xptome-1.20.1-2.2.1.jar
[22:56:38] [main/DEBUG] [FML]: Examining file: YouShallNotSpawn-forge-1.20.x-2.0.2.jar
[22:56:38] [main/DEBUG] [FML]: Examining file: YungsApi-1.20-Forge-4.0.6.jar
[22:56:38] [main/DEBUG] [FML]: Examining file: YungsBetterDungeons-1.20-Forge-4.0.4.jar
[22:56:38] [main/DEBUG] [FML]: Examining file: YungsBetterEndIsland-1.20-Forge-2.0.6.jar
[22:56:38] [main/DEBUG] [FML]: Examining file: YungsBetterJungleTemples-1.20-Forge-2.0.5.jar
[22:56:38] [main/DEBUG] [FML]: Examining file: YungsBetterMineshafts-1.20-Forge-4.0.4.jar
[22:56:38] [main/DEBUG] [FML]: Examining file: YungsBetterNetherFortresses-1.20-Forge-2.0.6.jar
[22:56:38] [main/DEBUG] [FML]: Examining file: YungsBetterOceanMonuments-1.20-Forge-3.0.4.jar
[22:56:38] [main/DEBUG] [FML]: Examining file: YungsBetterStrongholds-1.20-Forge-4.0.3.jar
[22:56:38] [main/DEBUG] [FML]: Examining file: YungsBetterWitchHuts-1.20-Forge-3.0.3.jar
[22:56:38] [main/DEBUG] [FML]: Examining file: YungsBridges-1.20-Forge-4.0.3.jar
[22:56:38] [main/DEBUG] [FML]: Examining file: YungsCaveBiomes-1.20.1-Forge-2.0.1.jar
[22:56:38] [main/DEBUG] [FML]: Examining file: YungsLaw-1.12.2-1.0.4.jar
[22:56:38] [main/DEBUG] [FML]: Examining file: Zeta-1.0-24.jar
[22:56:38] [main/DEBUG] [FML]: Examining file: [___MixinCompat-1.1-1.12.2___].jar
[22:56:38] [main/DEBUG] [FML]: Examining file: _MixinBootstrap-1.1.0.jar
[22:56:38] [main/DEBUG] [FML]: Examining file: `FermiumBooter-1.1.1.jar
[22:56:38] [main/DEBUG] [FML]: Cleaning up mods folder: .\mods\1.12.2
[22:56:38] [main/DEBUG] [FML]: Examining file: OTG-Core.jar
[22:56:38] [main/DEBUG] [FML]: File already proccessed C:\Users\frank\OneDrive\Desktop\mc-server-share-mod1\server1.20.4\.\mods\DynamicSurroundingsHuds-1.12.2-3.6.0.0.jar, Skipping
[22:56:38] [main/DEBUG] [FML]: File already proccessed C:\Users\frank\OneDrive\Desktop\mc-server-share-mod1\server1.20.4\.\mods\memory_repo\com\github\mcjty\mcjtytools\0.0.21\mcjtytools-0.0.21.jar, Skipping
[22:56:38] [main/DEBUG] [FML]: File already proccessed C:\Users\frank\OneDrive\Desktop\mc-server-share-mod1\server1.20.4\.\mods\Kiwi-1.12.2-0.5.3.32.jar, Skipping
[22:56:38] [main/DEBUG] [FML]: File already proccessed C:\Users\frank\OneDrive\Desktop\mc-server-share-mod1\server1.20.4\.\mods\memory_repo\net\ilexiconn\llibrary-core\1.0.11-1.12.2\llibrary-core-1.0.11-1.12.2.jar, Skipping
[22:56:38] [main/DEBUG] [FML]: File already proccessed C:\Users\frank\OneDrive\Desktop\mc-server-share-mod1\server1.20.4\.\mods\llibrary-1.7.20-1.12.2.jar, Skipping
[22:56:38] [main/DEBUG] [FML]: File already proccessed C:\Users\frank\OneDrive\Desktop\mc-server-share-mod1\server1.20.4\.\mods\OreLib-1.12.2-3.6.0.1.jar, Skipping
[22:56:38] [main/DEBUG] [FML]: File already proccessed C:\Users\frank\OneDrive\Desktop\mc-server-share-mod1\server1.20.4\.\mods\phosphor-1.12.2-0.2.6+build50-universal.jar, Skipping
[22:56:38] [main/DEBUG] [FML]: Enabling runtime deobfuscation
[22:56:38] [main/DEBUG] [FML]: Instantiating coremod class FMLCorePlugin
[22:56:38] [main/DEBUG] [FML]: Found signing certificates for coremod FMLCorePlugin (net.minecraftforge.fml.relauncher.FMLCorePlugin)
[22:56:38] [main/DEBUG] [FML]: Found certificate e3c3d50c7c986df74c645c0ac54639741c90a557
[22:56:38] [main/DEBUG] [FML]: Added access transformer class net.minecraftforge.fml.common.asm.transformers.AccessTransformer to enqueued access transformers
[22:56:38] [main/DEBUG] [FML]: Enqueued coremod FMLCorePlugin
[22:56:38] [main/DEBUG] [FML]: Instantiating coremod class FMLForgePlugin
[22:56:38] [main/DEBUG] [FML]: Found signing certificates for coremod FMLForgePlugin (net.minecraftforge.classloading.FMLForgePlugin)
[22:56:38] [main/DEBUG] [FML]: Found certificate e3c3d50c7c986df74c645c0ac54639741c90a557
[22:56:38] [main/DEBUG] [FML]: Enqueued coremod FMLForgePlugin
[22:56:38] [main/DEBUG] [FML]: All fundamental core mods are successfully located
[22:56:38] [main/DEBUG] [FML]: Discovering coremods
[22:56:38] [main/INFO] [FML]: Searching C:\Users\frank\OneDrive\Desktop\mc-server-share-mod1\server1.20.4\.\mods for mods
[22:56:38] [main/DEBUG] [FML]:   Adding !mod-director-launchwrapper-1.8.3.jar to the mod list
[22:56:38] [main/DEBUG] [FML]:   Adding aaa_particles-1.20.1-1.4.7-forge.jar to the mod list
[22:56:38] [main/DEBUG] [FML]:   Adding AdHooks-1.12.2-3.3.1.0-build.0626.jar to the mod list
[22:56:38] [main/DEBUG] [FML]:   Adding adorabuild-structures-2.8.0-forge-1.20.1.jar to the mod list
[22:56:38] [main/DEBUG] [FML]:   Adding Advanced-Fishing-1.12.2-1.3.3.jar to the mod list
[22:56:38] [main/DEBUG] [FML]:   Adding advancednetherite-forge-2.1.3-1.20.1.jar to the mod list
[22:56:38] [main/DEBUG] [FML]:   Adding aeroblender-1.20.1-1.0.1-neoforge.jar to the mod list
[22:56:38] [main/DEBUG] [FML]:   Adding aether-1.20.1-1.4.2-neoforge.jar to the mod list
[22:56:38] [main/DEBUG] [FML]:   Adding aether-redux-2.0.17-1.20.1-neoforge.jar to the mod list
[22:56:38] [main/DEBUG] [FML]:   Adding AetherVillages-1.20.1-1.0.7-forge.jar to the mod list
[22:56:38] [main/DEBUG] [FML]:   Adding aether_enhanced_extinguishing-1.20.1-1.0.0-neoforge.jar to the mod list
[22:56:38] [main/DEBUG] [FML]:   Adding aether_protect_your_moa-1.20.1-1.0.0-neoforge.jar to the mod list
[22:56:38] [main/DEBUG] [FML]:   Adding AIReducer-1.12.2-0.3.0.jar to the mod list
[22:56:38] [main/DEBUG] [FML]:   Adding alcatrazcore-1.0.4.jar to the mod list
[22:56:38] [main/DEBUG] [FML]:   Adding alexsmobs-1.22.9.jar to the mod list
[22:56:38] [main/DEBUG] [FML]:   Adding alternate_current-mc1.20-1.7.0.jar to the mod list
[22:56:38] [main/DEBUG] [FML]:   Adding amendments-1.20-1.2.12.jar to the mod list
[22:56:38] [main/DEBUG] [FML]:   Adding another_furniture-forge-1.20.1-3.0.1.jar to the mod list
[22:56:38] [main/DEBUG] [FML]:   Adding antiqueatlas-1.12.2-4.6.3.jar to the mod list
[22:56:38] [main/DEBUG] [FML]:   Adding antiquecities-1.2.1.jar to the mod list
[22:56:38] [main/DEBUG] [FML]:   Adding anvilpatch-1.1.1.jar to the mod list
[22:56:38] [main/DEBUG] [FML]:   Adding Aquaculture-1.12.2-1.6.8.jar to the mod list
[22:56:38] [main/DEBUG] [FML]:   Adding architectury-9.2.14-forge.jar to the mod list
[22:56:38] [main/DEBUG] [FML]:   Adding armorunder-mc1.12.2-1.0.0.jar to the mod list
[22:56:38] [main/DEBUG] [FML]:   Adding ascended_quark-1.20.1-1.0.4.jar to the mod list
[22:56:38] [main/DEBUG] [FML]:   Adding ash_api-forge-3.0.2+1.20.1.jar to the mod list
[22:56:38] [main/DEBUG] [FML]:   Adding astikorcarts-1.12.2-0.1.2.8.jar to the mod list
[22:56:38] [main/DEBUG] [FML]:   Adding athena-forge-1.20.1-3.1.2.jar to the mod list
[22:56:38] [main/DEBUG] [FML]:   Adding AttributeFix-Forge-1.12.2-1.0.12.jar to the mod list
[22:56:38] [main/DEBUG] [FML]:   Adding AutochefsDelight-1.20.1-Forge-1.0.5.jar to the mod list
[22:56:38] [main/DEBUG] [FML]:   Adding AutoRegLib-1.3-32.jar to the mod list
[22:56:38] [main/DEBUG] [FML]:   Adding azurelib-neo-1.20.1-2.0.39.jar to the mod list
[22:56:38] [main/DEBUG] [FML]:   Adding backpacked-forge-1.20.1-3.0.0-beta.9.jar to the mod list
[22:56:38] [main/DEBUG] [FML]:   Adding balm-forge-1.20.1-7.3.9-all.jar to the mod list
[22:56:38] [main/DEBUG] [FML]:   Adding BarteringStation-v8.0.0-1.20.1-Forge.jar to the mod list
[22:56:38] [main/DEBUG] [FML]:   Adding base-1.12.2-3.14.0.jar to the mod list
[22:56:38] [main/DEBUG] [FML]:   Adding BattleTowers-1.12.2.jar to the mod list
[22:56:38] [main/DEBUG] [FML]:   Adding Baubles-1.12-1.5.2.jar to the mod list
[22:56:38] [main/DEBUG] [FML]:   Adding bclib-3.0.14.jar to the mod list
[22:56:38] [main/DEBUG] [FML]:   Adding BedBreakBegone-1.0.2.jar to the mod list
[22:56:38] [main/DEBUG] [FML]:   Adding better-end-4.0.11.jar to the mod list
[22:56:38] [main/DEBUG] [FML]:   Adding better-nether-9.0.10.jar to the mod list
[22:56:38] [main/DEBUG] [FML]:   Adding betterbiomeblend-1.12.2-1.1.7-forge.jar to the mod list
[22:56:38] [main/DEBUG] [FML]:   Adding bettercaves-1.12.2-2.0.4.jar to the mod list
[22:56:38] [main/DEBUG] [FML]:   Adding BetterCompatibilityChecker-forge-4.0.8+mc1.20.1.jar to the mod list
[22:56:38] [main/DEBUG] [FML]:   Adding betterend-crashed-ships-1.0.0.jar to the mod list
[22:56:38] [main/DEBUG] [FML]:   Adding betterfpsdist-1.20.1-6.0.jar to the mod list
[22:56:38] [main/DEBUG] [FML]:   Adding BetterMineshaftsForge-1.12.2-2.2.1.jar to the mod list
[22:56:38] [main/DEBUG] [FML]:   Adding betternether-0.1.8.6.jar to the mod list
[22:56:38] [main/DEBUG] [FML]:   Adding BetterQuesting-3.5.329.jar to the mod list
[22:56:38] [main/DEBUG] [FML]:   Adding BetterTabs-1.0.4.jar to the mod list
[22:56:38] [main/DEBUG] [FML]:   Adding better_survival-1.5.4.jar to the mod list
[22:56:38] [main/DEBUG] [FML]:   Adding BHMenu-Forge-1.12.2-2.4.3.jar to the mod list
[22:56:38] [main/DEBUG] [FML]:   Adding biomemusic-1.20.1-2.5.jar to the mod list
[22:56:38] [main/DEBUG] [FML]:   Adding BiomesOPlenty-1.12.2-7.0.1.2445-universal.jar to the mod list
[22:56:38] [main/DEBUG] [FML]:   Adding BiomesOPlenty-forge-1.20.1-19.0.0.91.jar to the mod list
[22:56:38] [main/DEBUG] [FML]:   Adding BlockOverlayFix-1.12.2-1.0.0.jar to the mod list
[22:56:38] [main/DEBUG] [FML]:   Adding Bloodmoon-MC1.12.2-1.5.3.jar to the mod list
[22:56:38] [main/DEBUG] [FML]:   Adding blossom.jar to the mod list
[22:56:38] [main/DEBUG] [FML]:   Adding blueprint-1.20.1-7.1.0.jar to the mod list
[22:56:38] [main/DEBUG] [FML]:   Adding blueprintfix-forge-1.0.0-1.20.1.jar to the mod list
[22:56:38] [main/DEBUG] [FML]:   Adding blue_skies-1.20.1-1.3.31.jar to the mod list
[22:56:38] [main/DEBUG] [FML]:   Adding BNBGamingLib-1.12.2-2.17.6.jar to the mod list
[22:56:38] [main/DEBUG] [FML]:   Adding BoatBreakFix-Universal-1.0.2.jar to the mod list
[22:56:38] [main/DEBUG] [FML]:   Adding boatload-1.20.1-5.0.1.jar to the mod list
[22:56:38] [main/DEBUG] [FML]:   Adding Bookshelf-Forge-1.20.1-20.2.13.jar to the mod list
[22:56:38] [main/DEBUG] [FML]:   Adding Born In A Barn 1.8-1.12-1.2.jar to the mod list
[22:56:38] [main/DEBUG] [FML]:   Adding Bountiful Baubles-1.12.2-0.1.8.jar to the mod list
[22:56:38] [main/DEBUG] [FML]:   Adding Bountiful-1.12.2-2.2.3.jar to the mod list
[22:56:38] [main/DEBUG] [FML]:   Adding Bountiful-6.0.3+1.20.1-forge.jar to the mod list
[22:56:38] [main/DEBUG] [FML]:   Adding BQTweaker-1.3.5.jar to the mod list
[22:56:38] [main/DEBUG] [FML]:   Adding BQ_Multiblock_Structure_Integration-1.0.9.jar to the mod list
[22:56:38] [main/DEBUG] [FML]:   Adding bygonenether-1.3.2-1.20.x.jar to the mod list
[22:56:38] [main/DEBUG] [FML]:   Adding caelus-forge-3.2.0+1.20.1.jar to the mod list
[22:56:38] [main/DEBUG] [FML]:   Adding callablehorses-1.12.2-1.1.1.jar to the mod list
[22:56:38] [main/DEBUG] [FML]:   Adding carrotslib-mc1.12.2-1.0.0b1.jar to the mod list
[22:56:38] [main/DEBUG] [FML]:   Adding carryon-1.12.2-1.12.7.23.jar to the mod list
[22:56:38] [main/DEBUG] [FML]:   Adding carryon-forge-1.20.1-2.1.2.7.jar to the mod list
[22:56:38] [main/DEBUG] [FML]:   Adding CD4017BE_lib-1.12.2-6.5.1.jar to the mod list
[22:56:38] [main/DEBUG] [FML]:   Adding champions-1.12.2-1.0.11.10.jar to the mod list
[22:56:38] [main/DEBUG] [FML]:   Adding Charm-1.12.2-1.4.1.jar to the mod list
[22:56:38] [main/DEBUG] [FML]:   Adding charmofundying-forge-6.5.0+1.20.1.jar to the mod list
[22:56:38] [main/DEBUG] [FML]:   Adding chefs-delight-1.0.3-forge-1.20.1.jar to the mod list
[22:56:38] [main/DEBUG] [FML]:   Adding chipped-forge-1.20.1-3.0.7.jar to the mod list
[22:56:38] [main/DEBUG] [FML]:   Adding ChunkAnimator-1.12.2-1.2.1.jar to the mod list
[22:56:38] [main/DEBUG] [FML]:   Adding chunksending-1.20.1-2.8.jar to the mod list
[22:56:38] [main/DEBUG] [FML]:   Adding citadel-2.6.0-1.20.1.jar to the mod list
[22:56:38] [main/DEBUG] [FML]:   Adding classyhats-1.6.0.jar to the mod list
[22:56:38] [main/DEBUG] [FML]:   Adding clientcrafting-1.20.1-1.8.jar to the mod list
[22:56:38] [main/DEBUG] [FML]:   Adding cloth-config-11.1.136-forge.jar to the mod list
[22:56:38] [main/DEBUG] [FML]:   Adding Clumps-forge-1.20.1-12.0.0.4.jar to the mod list
[22:56:38] [main/DEBUG] [FML]:   Adding collective-1.20.1-7.87.jar to the mod list
[22:56:38] [main/DEBUG] [FML]:   Adding CollisionDamage-1.2.2.jar to the mod list
[22:56:38] [main/DEBUG] [FML]:   Adding comforts-1.12.2-1.4.1.3.jar to the mod list
[22:56:38] [main/DEBUG] [FML]:   Adding comforts-forge-6.4.0+1.20.1.jar to the mod list
[22:56:38] [main/DEBUG] [FML]:   Adding CompatSkills-1.12.2-1.17.0.jar to the mod list
[22:56:38] [main/DEBUG] [FML]:   Adding ConfiguredDefaults-v8.0.1-1.20.1-Forge.jar to the mod list
[22:56:38] [main/DEBUG] [FML]:   Adding connectivity-1.20.1-5.6.jar to the mod list
[22:56:38] [main/DEBUG] [FML]:   Adding Connector-1.0.0-beta.46+1.20.1.jar to the mod list
[22:56:38] [main/DEBUG] [FML]:   Adding ConnectorExtras-1.11.2+1.20.1.jar to the mod list
[22:56:38] [main/DEBUG] [FML]:   Adding ContentCreator-1.3.7-fix2.jar to the mod list
[22:56:38] [main/DEBUG] [FML]:   Adding ContentTweaker-1.12.2-4.10.0.jar to the mod list
[22:56:38] [main/DEBUG] [FML]:   Adding continuity-3.0.0-beta.5+1.20.1.jar to the mod list
[22:56:38] [main/DEBUG] [FML]:   Adding Controlling-3.0.12.4.jar to the mod list
[22:56:38] [main/DEBUG] [FML]:   Adding CoralReef-2.5-1.12.2.jar to the mod list
[22:56:38] [main/DEBUG] [FML]:   Adding coroutil-forge-1.20.1-1.3.7.jar to the mod list
[22:56:38] [main/DEBUG] [FML]:   Adding corpse-forge-1.20.1-1.0.17.jar to the mod list
[22:56:38] [main/DEBUG] [FML]:   Adding corpsecomplex-1.12.2-1.0.12.0.jar to the mod list
[22:56:38] [main/DEBUG] [FML]:   Adding CrabbersDelight-1.20.1-1.1.7c.jar to the mod list
[22:56:38] [main/DEBUG] [FML]:   Adding craftablechainmail-1.0.jar to the mod list
[22:56:38] [main/DEBUG] [FML]:   Adding CraftTweaker2-1.12-4.1.20.700.jar to the mod list
[22:56:38] [main/DEBUG] [FML]:   Adding crafttweakerutils-0.7.jar to the mod list
[22:56:38] [main/DEBUG] [FML]:   Adding crashexploitfixer-forge-1.1.0+1.20.1.jar to the mod list
[22:56:38] [main/DEBUG] [FML]:   Adding crawlondemand-1.20.x-1.0.0.jar to the mod list
[22:56:38] [main/DEBUG] [FML]:   Adding CreativeCore_v1.10.71_mc1.12.2.jar to the mod list
[22:56:38] [main/DEBUG] [FML]:   Adding cristellib-1.1.5-forge.jar to the mod list
[22:56:38] [main/DEBUG] [FML]:   Adding ctintegration-1.8.0.jar to the mod list
[22:56:38] [main/DEBUG] [FML]:   Adding cupboard-1.20.1-2.7.jar to the mod list
[22:56:38] [main/DEBUG] [FML]:   Adding curios-forge-5.11.0+1.20.1.jar to the mod list
[22:56:38] [main/DEBUG] [FML]:   Adding CutThrough-v8.0.2-1.20.1-Forge.jar to the mod list
[22:56:38] [main/DEBUG] [FML]:   Adding decorative_blocks-forge-1.20.1-4.1.3.jar to the mod list
[22:56:38] [main/DEBUG] [FML]:   Adding deeperdarker-forge-1.20.1-1.3.2.jar to the mod list
[22:56:38] [main/DEBUG] [FML]:   Adding deep_aether-1.20.1-1.0.4.jar to the mod list
[22:56:38] [main/DEBUG] [FML]:   Adding defiledlands-1.12.2-1.4.3.jar to the mod list
[22:56:38] [main/DEBUG] [FML]:   Adding Delightful-1.20.1-3.6.jar to the mod list
[22:56:38] [main/DEBUG] [FML]:   Adding despawn_tweaker-1.20.1-1.0.0.jar to the mod list
[22:56:38] [main/DEBUG] [FML]:   Adding deuf-1.20.1-1.3.jar to the mod list
[22:56:38] [main/DEBUG] [FML]:   Adding DiagonalFences-v8.1.4-1.20.1-Forge.jar to the mod list
[22:56:38] [main/DEBUG] [FML]:   Adding dimensionalsycnfixes-1.20.1-0.0.1.jar to the mod list
[22:56:38] [main/DEBUG] [FML]:   Adding disenchanter[1.12]1.8.jar to the mod list
[22:56:38] [main/DEBUG] [FML]:   Adding DoomlikeDungeons-1.14.12-MC1.12.2.jar to the mod list
[22:56:38] [main/DEBUG] [FML]:   Adding dragonmounts-1.20.1-1.2.3-beta.jar to the mod list
[22:56:38] [main/DEBUG] [FML]:   Adding dragon_mounts_patches-1.0.0.jar to the mod list
[22:56:38] [main/DEBUG] [FML]:   Adding DregoraRL-2.1.jar to the mod list
[22:56:38] [main/DEBUG] [FML]:   Adding dtkupd-1.3-forge-1.20.1.jar to the mod list
[22:56:38] [main/DEBUG] [FML]:   Adding DungeonsArise-1.20.x-2.1.58-release.jar to the mod list
[22:56:38] [main/DEBUG] [FML]:   Adding DynamicSurroundings-1.12.2-3.6.2.1.jar to the mod list
[22:56:38] [main/DEBUG] [FML]:   Adding DynamicSurroundingsHuds-1.12.2-3.6.0.0.jar to the mod list
[22:56:38] [main/DEBUG] [FML]:   Adding DynamicTrees-1.12.2-0.9.29.jar to the mod list
[22:56:38] [main/DEBUG] [FML]:   Adding DynamicTreesBOP-1.12.2-1.5.2.jar to the mod list
[22:56:38] [main/DEBUG] [FML]:   Adding dynamictreesdefiledlands-1.12.2-1.0.0.jar to the mod list
[22:56:38] [main/DEBUG] [FML]:   Adding DynamicTreesTraverse-1.12.2-2.1.jar to the mod list
[22:56:38] [main/DEBUG] [FML]:   Adding EasyAnvils-v8.0.2-1.20.1-Forge.jar to the mod list
[22:56:38] [main/DEBUG] [FML]:   Adding EasyMagic-v8.0.1-1.20.1-Forge.jar to the mod list
[22:56:38] [main/DEBUG] [FML]:   Adding EditableEdibles-1.3.0.jar to the mod list
[22:56:38] [main/DEBUG] [FML]:   Adding Eldritch_End-FORGE-MC1.20.1-0.3.2.jar to the mod list
[22:56:38] [main/DEBUG] [FML]:   Adding ElenaiDodge-1.12.2-2.1.jar to the mod list
[22:56:38] [main/DEBUG] [FML]:   Adding elevatorid-1.20.1-lex-1.9.jar to the mod list
[22:56:38] [main/DEBUG] [FML]:   Adding elytraslot-forge-6.4.4+1.20.1.jar to the mod list
[22:56:38] [main/DEBUG] [FML]:   Adding EnchantmentDescriptions-1.12.2-1.1.20.jar to the mod list
[22:56:38] [main/DEBUG] [FML]:   Adding endersdelight-1.20.1-1.0.3.jar to the mod list
[22:56:38] [main/DEBUG] [FML]:   Adding EnhancedVisuals_v1.4.4_mc1.12.2.jar to the mod list
[22:56:38] [main/DEBUG] [FML]:   Adding EntityCulling-1.12.2-6.4.3.jar to the mod list
[22:56:38] [main/DEBUG] [FML]:   Adding EpheroLib-1.20.1-FORGE-1.2.0.jar to the mod list
[22:56:38] [main/DEBUG] [FML]:   Adding EpicSiegeMod-13.167.jar to the mod list
[22:56:38] [main/DEBUG] [FML]:   Adding everycomp-1.20-2.6.87.jar to the mod list
[22:56:38] [main/DEBUG] [FML]:   Adding explorations-forge-1.20.1-1.6.1.jar to the mod list
[22:56:38] [main/DEBUG] [FML]:   Adding extra_compat-1.5.22.jar to the mod list
[22:56:38] [main/DEBUG] [FML]:   Adding fabric-api-0.92.2+1.11.8+1.20.1.jar to the mod list
[22:56:38] [main/DEBUG] [FML]:   Adding FallingTree-1.20.1-4.3.4.jar to the mod list
[22:56:38] [main/DEBUG] [FML]:   Adding FamiliarFauna-1.12.2-1.0.11.jar to the mod list
[22:56:38] [main/DEBUG] [FML]:   Adding FancyBlockParticles-1.12.x-2.4.1.jar to the mod list
[22:56:38] [main/DEBUG] [FML]:   Adding fancymenu_forge_2.14.9_MC_1.12-1.12.2.jar to the mod list
[22:56:38] [main/DEBUG] [FML]:   Adding FantasticLib-1.12.2.047.jar to the mod list
[22:56:38] [main/DEBUG] [FML]:   Adding FarmersDelight-1.20.1-1.2.4.jar to the mod list
[22:56:38] [main/DEBUG] [FML]:   Adding FarmersStructures-1.0.3-1.20.jar to the mod list
[22:56:38] [main/DEBUG] [FML]:   Adding fastasyncworldsave-1.20.1-2.0.jar to the mod list
[22:56:38] [main/DEBUG] [FML]:   Adding fasterrandom-5.1.0.jar to the mod list
[22:56:38] [main/DEBUG] [FML]:   Adding fastpaintings-1.20-1.2.7.jar to the mod list
[22:56:38] [main/DEBUG] [FML]:   Adding Feature-Recycler-forge-1.0.1.jar to the mod list
[22:56:38] [main/DEBUG] [FML]:   Adding fermiumasm-5.23.jar to the mod list
[22:56:38] [main/DEBUG] [FML]:   Adding ferritecore-6.0.1-forge.jar to the mod list
[22:56:38] [main/DEBUG] [FML]:   Adding firstaid-1.6.22.jar to the mod list
[22:56:38] [main/DEBUG] [FML]:   Adding Fish's Undead Rising-1.4.2.jar to the mod list
[22:56:38] [main/DEBUG] [FML]:   Adding FishingMadeBetter-1.12.2-2.2.6.jar to the mod list
[22:56:38] [main/DEBUG] [FML]:   Adding flib-1.20.1-0.0.14.jar to the mod list
[22:56:38] [main/DEBUG] [FML]:   Adding foamfix-0.10.15-1.12.2.jar to the mod list
[22:56:38] [main/DEBUG] [FML]:   Adding FoodExpansion1.3.3-1.12.2.jar to the mod list
[22:56:38] [main/DEBUG] [FML]:   Adding ForgeConfigScreens-v8.0.2-1.20.1-Forge.jar to the mod list
[22:56:38] [main/DEBUG] [FML]:   Adding ForgeEndertech-1.12.2-4.5.6.1-build.0648.jar to the mod list
[22:56:38] [main/DEBUG] [FML]:   Adding Forgelin-1.8.4.jar to the mod list
[22:56:38] [main/DEBUG] [FML]:   Adding forgottenitems-1.12.2-1.3.1.4.jar to the mod list
[22:56:38] [main/DEBUG] [FML]:   Adding formations-1.0.2a-forge-mc1.20.2.jar to the mod list
[22:56:38] [main/DEBUG] [FML]:   Adding formationsnether-1.0.5.jar to the mod list
[22:56:38] [main/DEBUG] [FML]:   Adding formationsoverworld-1.0.4.jar to the mod list
[22:56:38] [main/DEBUG] [FML]:   Adding framevoidpatch-1.0.0.jar to the mod list
[22:56:38] [main/DEBUG] [FML]:   Adding framework-forge-1.20.1-0.7.11.jar to the mod list
[22:56:38] [main/DEBUG] [FML]:   Adding FriendlyEndermite_v1.0.1_mc1.12.2.jar to the mod list
[22:56:38] [main/DEBUG] [FML]:   Adding friendsandfoes-forge-mc1.20.1-3.0.5.jar to the mod list
[22:56:38] [main/DEBUG] [FML]:   Adding ftb-library-forge-2001.2.4.jar to the mod list
[22:56:38] [main/DEBUG] [FML]:   Adding ftb-quests-forge-2001.4.9.jar to the mod list
[22:56:38] [main/DEBUG] [FML]:   Adding ftb-teams-forge-2001.3.0.jar to the mod list
[22:56:38] [main/DEBUG] [FML]:   Adding ftb-xmod-compat-forge-2.1.1.jar to the mod list
[22:56:38] [main/DEBUG] [FML]:   Adding ftbquestsfreezefix-forge-1.0.0-1.20.1.jar to the mod list
[22:56:38] [main/DEBUG] [FML]:   Adding fxcontrol-1.12-0.1.15.jar to the mod list
[22:56:38] [main/DEBUG] [FML]:   Adding Galosphere-1.20.1-1.4.1-Forge.jar to the mod list
[22:56:38] [main/DEBUG] [FML]:   Adding gardens-of-the-dead-forge-4.0.1.jar to the mod list
[22:56:38] [main/DEBUG] [FML]:   Adding geckolib-forge-1.20.1-4.4.9.jar to the mod list
[22:56:38] [main/DEBUG] [FML]:   Adding GeckoLibOculusCompat-Forge-1.0.1.jar to the mod list
[22:56:38] [main/DEBUG] [FML]:   Adding Geophilic v3.1.4 f15-57.jar to the mod list
[22:56:38] [main/DEBUG] [FML]:   Adding GeophilicReforged-v1.2.0.jar to the mod list
[22:56:38] [main/DEBUG] [FML]:   Adding GlitchCore-forge-1.20.1-0.0.1.1.jar to the mod list
[22:56:38] [main/DEBUG] [FML]:   Adding GlobalGameRules-1.12.2-2.2.7.jar to the mod list
[22:56:38] [main/DEBUG] [FML]:   Adding goblintraders-forge-1.20.1-1.9.3.jar to the mod list
[22:56:38] [main/DEBUG] [FML]:   Adding GooglyEyes-1.12.2-7.1.1.jar to the mod list
[22:56:38] [main/DEBUG] [FML]:   Adding grapplemod-1.12.2-v12.3.jar to the mod list
[22:56:38] [main/DEBUG] [FML]:   Adding Grass_Overhaul-Forge-23.10.10-MC1.20.1.jar to the mod list
[22:56:38] [main/DEBUG] [FML]:   Adding guardvillagers-1.20.1-1.6.7.jar to the mod list
[22:56:38] [main/DEBUG] [FML]:   Adding handcrafted-forge-1.20.1-3.0.6.jar to the mod list
[22:56:38] [main/DEBUG] [FML]:   Adding Hearths v1.0.1 f12-48.jar to the mod list
[22:56:38] [main/DEBUG] [FML]:   Adding hearth_and_home-forge-1.20.1-2.0.3.jar to the mod list
[22:56:38] [main/DEBUG] [FML]:   Adding HelpFixer-1.12.1-1.5.18.jar to the mod list
[22:56:38] [main/DEBUG] [FML]:   Adding Highlighter-1.20.1-forge-1.1.9.jar to the mod list
[22:56:38] [main/DEBUG] [FML]:   Adding Ice and Fire-2.0.5.jar to the mod list
[22:56:38] [main/DEBUG] [FML]:   Adding Iceberg-1.20.1-forge-1.1.25.jar to the mod list
[22:56:38] [main/DEBUG] [FML]:   Adding iChunUtil-1.12.2-7.2.2.jar to the mod list
[22:56:38] [main/DEBUG] [FML]:   Adding IllagerInvasion-v8.0.6-1.20.1-Forge.jar to the mod list
[22:56:38] [main/DEBUG] [FML]:   Adding incontrol-1.12-3.9.18.jar to the mod list
[22:56:38] [main/DEBUG] [FML]:   Adding incubation-1.20.1-4.0.2.jar to the mod list
[22:56:38] [main/DEBUG] [FML]:   Adding InfernalMobs-1.12.2.jar to the mod list
[22:56:38] [main/DEBUG] [FML]:   Adding Inspirations-1.12.2-0.2.9.jar to the mod list
[22:56:38] [main/DEBUG] [FML]:   Adding inventorymanagement-1.3.1+1.20.jar to the mod list
[22:56:38] [main/DEBUG] [FML]:   Adding InventoryTweaks-1.64+dev.151.jar to the mod list
[22:56:38] [main/DEBUG] [FML]:   Adding item-filters-forge-2001.1.0-build.59.jar to the mod list
[22:56:38] [main/DEBUG] [FML]:   Adding ItemPhysic_Full_1.4.37_mc1.12.2.jar to the mod list
[22:56:38] [main/DEBUG] [FML]:   Adding itlt-1.12.x-1.0.4.jar to the mod list
[22:56:38] [main/DEBUG] [FML]:   Adding IvToolkit-1.3.3-1.12.jar to the mod list
[22:56:38] [main/DEBUG] [FML]:   Adding Jade-1.20.1-forge-11.11.1.jar to the mod list
[22:56:38] [main/DEBUG] [FML]:   Adding Jadens-Nether-Expansion-2.1.0-Forge.jar to the mod list
[22:56:38] [main/DEBUG] [FML]:   Adding jei-1.20.1-forge-15.20.0.105.jar to the mod list
[22:56:38] [main/DEBUG] [FML]:   Adding jei_1.12.2-4.16.1.1012.jar to the mod list
[22:56:38] [main/DEBUG] [FML]:   Adding justenoughbreeding-forge-1.20.x-1.4.1.jar to the mod list
[22:56:38] [main/DEBUG] [FML]:   Adding JustEnoughResources-1.20.1-1.4.0.247.jar to the mod list
[22:56:38] [main/DEBUG] [FML]:   Adding Kambrik-6.1.1+1.20.1-forge.jar to the mod list
[22:56:38] [main/DEBUG] [FML]:   Adding Kiwi-1.12.2-0.5.3.32.jar to the mod list
[22:56:38] [main/DEBUG] [FML]:   Adding Kiwi-1.20.1-Forge-11.8.20.jar to the mod list
[22:56:38] [main/DEBUG] [FML]:   Adding kleeslabs-forge-1.20-15.0.0.jar to the mod list
[22:56:38] [main/DEBUG] [FML]:   Adding konkrete_forge_1.6.1_MC_1.12-1.12.2.jar to the mod list
[22:56:38] [main/DEBUG] [FML]:   Adding konkrete_forge_1.8.0_MC_1.20-1.20.1.jar to the mod list
[22:56:38] [main/DEBUG] [FML]:   Adding kotlinforforge-4.11.0-all.jar to the mod list
[22:56:38] [main/DEBUG] [FML]:   Adding KryptonReforged-0.2.3.jar to the mod list
[22:56:38] [main/DEBUG] [FML]:   Adding lagbgonrevived-1.1.0.jar to the mod list
[22:56:38] [main/DEBUG] [FML]:   Adding LeavesBeGone-v8.0.0-1.20.1-Forge.jar to the mod list
[22:56:38] [main/DEBUG] [FML]:   Adding LegendaryTooltips-1.12.2-1.1.11.jar to the mod list
[22:56:38] [main/DEBUG] [FML]:   Adding Level Up! 2-1.1.23-1.12.jar to the mod list
[22:56:38] [main/DEBUG] [FML]:   Adding libertyvillagers-2.0.0+forge+1.20.1.jar to the mod list
[22:56:38] [main/DEBUG] [FML]:   Adding librarianlib-1.12.2-4.22.jar to the mod list
[22:56:38] [main/DEBUG] [FML]:   Adding lionfishapi-1.9.jar to the mod list
[22:56:38] [main/DEBUG] [FML]:   Adding lithostitched-forge-1.20.1-1.3.4.jar to the mod list
[22:56:38] [main/DEBUG] [FML]:   Adding llibrary-1.7.20-1.12.2.jar to the mod list
[22:56:38] [main/DEBUG] [FML]:   Adding lmft-1.0.4+1.20.1-forge.jar to the mod list
[22:56:38] [main/DEBUG] [FML]:   Adding LoadingScreens-1.12.2-0.3.1.jar to the mod list
[22:56:38] [main/DEBUG] [FML]:   Adding Locks-1.12.2-3.0.0.jar to the mod list
[22:56:38] [main/DEBUG] [FML]:   Adding Log-Begone-Forge-1.20.1-1.0.8.jar to the mod list
[22:56:38] [main/DEBUG] [FML]:   Adding LongerChatHistory-1.3-Forge.jar to the mod list
[22:56:38] [main/DEBUG] [FML]:   Adding LongNbtKiller-Forge-1.20.1-1.0.0.jar to the mod list
[22:56:38] [main/DEBUG] [FML]:   Adding lootintegrations-1.20.1-3.7.jar to the mod list
[22:56:38] [main/DEBUG] [FML]:   Adding lootintegrations_yungs-1.2.jar to the mod list
[22:56:38] [main/DEBUG] [FML]:   Adding LootTweaker-0.3.1+MC1.12.2.jar to the mod list
[22:56:38] [main/DEBUG] [FML]:   Adding lostcities-1.12-2.0.22.jar to the mod list
[22:56:38] [main/DEBUG] [FML]:   Adding lost_aether_content-1.20.1-1.2.3.jar to the mod list
[22:56:38] [main/DEBUG] [FML]:   Adding Luna-FORGE-MC1.19.X-1.0.1.jar to the mod list
[22:56:38] [main/DEBUG] [FML]:   Adding lycanitesmobs-1.12.2-2.0.8.10.jar to the mod list
[22:56:38] [main/DEBUG] [FML]:   Adding L_Enders_Cataclysm-2.16 - 1.20.1.jar to the mod list
[22:56:38] [main/DEBUG] [FML]:   Adding MagnumTorch-v8.0.2-1.20.1-Forge.jar to the mod list
[22:56:38] [main/DEBUG] [FML]:   Adding Mantle-1.12-1.3.3.55.jar to the mod list
[22:56:38] [main/DEBUG] [FML]:   Adding MaterialTweaker-1.1.1.jar to the mod list
[22:56:38] [main/DEBUG] [FML]:   Adding mcw-bridges-1.0.6b-mc1.12.2.jar to the mod list
[22:56:38] [main/DEBUG] [FML]:   Adding mediumcore-1.0.0.jar to the mod list
[22:56:38] [main/DEBUG] [FML]:   Adding melody_forge_1.0.3_MC_1.20.1-1.20.4.jar to the mod list
[22:56:38] [main/DEBUG] [FML]:   Adding memoryleakfix-forge-1.17+-1.1.1.jar to the mod list
[22:56:38] [main/DEBUG] [FML]:   Adding memorysettings-1.20.1-5.5.jar to the mod list
[22:56:38] [main/DEBUG] [FML]:   Adding mes-1.3.4-1.20-forge.jar to the mod list
[22:56:38] [main/DEBUG] [FML]:   Adding MindfulDarkness-v8.0.3-1.20.1-Forge.jar to the mod list
[22:56:38] [main/DEBUG] [FML]:   Adding MmmMmmMmmMmm-1.12-1.14.jar to the mod list
[22:56:38] [main/DEBUG] [FML]:   Adding mns-1.0.3-1.20-forge.jar to the mod list
[22:56:38] [main/DEBUG] [FML]:   Adding MoBends_1.12.2-1.2.1-19.12.21.jar to the mod list
[22:56:38] [main/DEBUG] [FML]:   Adding modernfix-forge-5.19.4+mc1.20.1.jar to the mod list
[22:56:38] [main/DEBUG] [FML]:   Adding modpack-update-checker-1.20.1-forge-0.15.2.jar to the mod list
[22:56:38] [main/DEBUG] [FML]:   Adding modtweaker-4.0.20.11.jar to the mod list
[22:56:38] [main/DEBUG] [FML]:   Adding moonlight-1.20-2.13.17-forge.jar to the mod list
[22:56:38] [main/DEBUG] [FML]:   Adding MouseTweaks-2.10.1-mc1.12.2.jar to the mod list
[22:56:38] [main/DEBUG] [FML]:   Adding mowziesmobs-1.6.5.jar to the mod list
[22:56:38] [main/DEBUG] [FML]:   Adding MTLib-3.0.7.jar to the mod list
[22:56:38] [main/DEBUG] [FML]:   Adding MultiMine-1.12.2.jar to the mod list
[22:56:38] [main/DEBUG] [FML]:   Adding mvs-4.1.4-1.20-forge.jar to the mod list
[22:56:38] [main/DEBUG] [FML]:   Adding NaturesCompass-1.20.1-1.11.2-forge.jar to the mod list
[22:56:38] [main/DEBUG] [FML]:   Adding Neat 1.4-17.jar to the mod list
[22:56:38] [main/DEBUG] [FML]:   Adding Necronomicon-Forge-1.6.0+1.20.1.jar to the mod list
[22:56:38] [main/DEBUG] [FML]:   Adding Neruina-2.1.2-forge+1.20.1.jar to the mod list
[22:56:38] [main/DEBUG] [FML]:   Adding NetherChested-v8.0.4-1.20.1-Forge.jar to the mod list
[22:56:38] [main/DEBUG] [FML]:   Adding netherportalfix-forge-1.20-13.0.1.jar to the mod list
[22:56:38] [main/DEBUG] [FML]:   Adding nethersdelight-1.20.1-4.0.jar to the mod list
[22:56:38] [main/DEBUG] [FML]:   Adding NoChatReports-FORGE-1.20.1-v2.2.2.jar to the mod list
[22:56:38] [main/DEBUG] [FML]:   Adding noisium-forge-2.3.0+mc1.20-1.20.1.jar to the mod list
[22:56:38] [main/DEBUG] [FML]:   Adding notreepunching-2.0.21.jar to the mod list
[22:56:38] [main/DEBUG] [FML]:   Adding oceansdelight-1.0.2-1.20.jar to the mod list
[22:56:38] [main/DEBUG] [FML]:   Adding open-parties-and-claims-forge-1.20.1-0.23.2.jar to the mod list
[22:56:38] [main/DEBUG] [FML]:   Adding OpenTerrainGenerator-1.12.2-v9.5-R2.jar to the mod list
[22:56:38] [main/DEBUG] [FML]:   Adding OreLib-1.12.2-3.6.0.1.jar to the mod list
[22:56:38] [main/DEBUG] [FML]:   Adding packetfixer-forge-1.4.2-1.19-to-1.20.1.jar to the mod list
[22:56:38] [main/DEBUG] [FML]:   Adding Paintings-forge-1.20.1-11.0.0.2.jar to the mod list
[22:56:38] [main/DEBUG] [FML]:   Adding palegarden-1.0.0-forge-1.20.1.jar to the mod list
[22:56:38] [main/DEBUG] [FML]:   Adding particleculling-1.12.2-v1.4.3.jar to the mod list
[22:56:38] [main/DEBUG] [FML]:   Adding Patchouli-1.20.1-84-FORGE.jar to the mod list
[22:56:38] [main/DEBUG] [FML]:   Adding Paxi-1.20-Forge-4.0.jar to the mod list
[22:56:38] [main/DEBUG] [FML]:   Adding pet_cemetery-1.20.1-2.0.0.jar to the mod list
[22:56:38] [main/DEBUG] [FML]:   Adding Philips-Ruins1.20.1-4.6.jar to the mod list
[22:56:38] [main/DEBUG] [FML]:   Adding phosphor-1.12.2-0.2.6+build50-universal.jar to the mod list
[22:56:38] [main/DEBUG] [FML]:   Adding pigstep-1.12.jar to the mod list
[22:56:38] [main/DEBUG] [FML]:   Adding Ping-Wheel-1.9.1-forge-1.20.1.jar to the mod list
[22:56:38] [main/DEBUG] [FML]:   Adding Placebo-1.12.2-1.6.1.jar to the mod list
[22:56:38] [main/DEBUG] [FML]:   Adding playerbosses-1.12.2-1.1.0.jar to the mod list
[22:56:38] [main/DEBUG] [FML]:   Adding polymorph-forge-0.49.5+1.20.1.jar to the mod list
[22:56:38] [main/DEBUG] [FML]:   Adding PortalDupeBegone-1.0.0.jar to the mod list
[22:56:38] [main/DEBUG] [FML]:   Adding PotionCore-1.9_for_1.12.2.jar to the mod list
[22:56:38] [main/DEBUG] [FML]:   Adding potiondescriptions-1.12.2-1.2.4.jar to the mod list
[22:56:38] [main/DEBUG] [FML]:   Adding PotionFingers-r1.0-8.jar to the mod list
[22:56:38] [main/DEBUG] [FML]:   Adding PuzzlesLib-v8.1.24-1.20.1-Forge.jar to the mod list
[22:56:38] [main/DEBUG] [FML]:   Adding QualityTools-1.0.7_for_1.12.2.jar to the mod list
[22:56:38] [main/DEBUG] [FML]:   Adding Quark-4.0-460.jar to the mod list
[22:56:38] [main/DEBUG] [FML]:   Adding Quark-r1.6-179.jar to the mod list
[22:56:38] [main/DEBUG] [FML]:   Adding radium-mc1.20.1-0.12.4+git.26c9d8e.jar to the mod list
[22:56:38] [main/DEBUG] [FML]:   Adding Raided-1.20.1-0.1.4.jar to the mod list
[22:56:38] [main/DEBUG] [FML]:   Adding ReachFix-1.12.2-1.0.10.jar to the mod list
[22:56:38] [main/DEBUG] [FML]:   Adding RealBench-1.12.2-1.3.3.jar to the mod list
[22:56:38] [main/DEBUG] [FML]:   Adding RealisticTorches-1.12.2-2.1.2.jar to the mod list
[22:56:38] [main/DEBUG] [FML]:   Adding RebornCore-1.12.2-3.19.5-universal.jar to the mod list
[22:56:38] [main/DEBUG] [FML]:   Adding recipeessentials-1.20.1-3.6.jar to the mod list
[22:56:38] [main/DEBUG] [FML]:   Adding RecurrentComplex-1.4.8.6.jar to the mod list
[22:56:38] [main/DEBUG] [FML]:   Adding redirector-5.0.0.jar to the mod list
[22:56:38] [main/DEBUG] [FML]:   Adding RenderLib-1.12.2-1.3.5.jar to the mod list
[22:56:38] [main/DEBUG] [FML]:   Adding repurposed_structures-7.1.15+1.20.1-forge.jar to the mod list
[22:56:38] [main/DEBUG] [FML]:   Adding Reskillable-1.12.2-1.13.0.jar to the mod list
[22:56:38] [main/DEBUG] [FML]:   Adding resourcefullib-forge-1.20.1-2.1.29.jar to the mod list
[22:56:38] [main/DEBUG] [FML]:   Adding ResourceLoader-MC1.12.1-1.5.3.jar to the mod list
[22:56:38] [main/DEBUG] [FML]:   Adding ResourcePackOverrides-v8.0.3-1.20.1-Forge.jar to the mod list
[22:56:38] [main/DEBUG] [FML]:   Adding revampedwolf-1.20.1-5.0.0.jar to the mod list
[22:56:38] [main/DEBUG] [FML]:   Adding RLArtifacts-1.1.2.jar to the mod list
[22:56:38] [main/DEBUG] [FML]:   Adding RLCombat-1.12.2-2.2.1.jar to the mod list
[22:56:38] [main/DEBUG] [FML]:   Adding RLFoliage-MC1.12-2.4.2.jar to the mod list
[22:56:38] [main/DEBUG] [FML]:   Adding RLMixins-1.3.13.jar to the mod list
[22:56:38] [main/DEBUG] [FML]:   Adding RLTweaker-1.12.2-0.6.5.jar to the mod list
[22:56:38] [main/DEBUG] [FML]:   Adding RoguelikeDungeonsFnarEdition-1.12.2-2.4.6.jar to the mod list
[22:56:38] [main/DEBUG] [FML]:   Adding roughTweaks0.2.4-1.12.2.jar to the mod list
[22:56:38] [main/DEBUG] [FML]:   Adding rustic-1.1.7.jar to the mod list
[22:56:38] [main/DEBUG] [FML]:   Adding sawmill-1.20-1.4.3.jar to the mod list
[22:56:38] [main/DEBUG] [FML]:   Adding ScalingHealth-1.12.2-1.3.42+147.jar to the mod list
[22:56:38] [main/DEBUG] [FML]:   Adding Searchables-forge-1.20.1-1.0.3.jar to the mod list
[22:56:38] [main/DEBUG] [FML]:   Adding SereneSeasons-1.12.2-1.2.18-universal.jar to the mod list
[22:56:38] [main/DEBUG] [FML]:   Adding SereneSeasons-forge-1.20.1-9.1.0.0.jar to the mod list
[22:56:38] [main/DEBUG] [FML]:   Adding sereneseasonsfix-1.20.2-1.1.0.1.jar to the mod list
[22:56:38] [main/DEBUG] [FML]:   Adding ServerBrowser-1.20.1-FORGE-1.3.0.jar to the mod list
[22:56:38] [main/DEBUG] [FML]:   Adding servercore-forge-1.5.1+1.20.1.jar to the mod list
[22:56:38] [main/DEBUG] [FML]:   Adding SetBonus-1.12.2.020.jar to the mod list
[22:56:38] [main/DEBUG] [FML]:   Adding ShieldBreak-1.1.3.jar to the mod list
[22:56:38] [main/DEBUG] [FML]:   Adding ShieldExpansion-1.20.1-1.1.7a.jar to the mod list
[22:56:38] [main/DEBUG] [FML]:   Adding SilentLib-1.12.2-3.0.14+168.jar to the mod list
[22:56:38] [main/DEBUG] [FML]:   Adding SimpleDifficulty-1.12.2-0.3.9.jar to the mod list
[22:56:38] [main/DEBUG] [FML]:   Adding SimpleStorageNetwork-1.20.1-1.11.3.jar to the mod list
[22:56:38] [main/DEBUG] [FML]:   Adding sit-1.12.2-v1.3.jar to the mod list
[22:56:38] [main/DEBUG] [FML]:   Adding smarterfarmers-1.20-2.1.0.jar to the mod list
[22:56:38] [main/DEBUG] [FML]:   Adding smoothchunk-1.20.1-3.6.jar to the mod list
[22:56:38] [main/DEBUG] [FML]:   Adding SnowRealMagic-1.12.2-0.7.1.jar to the mod list
[22:56:38] [main/DEBUG] [FML]:   Adding SnowRealMagic-1.20.1-Forge-10.5.2.jar to the mod list
[22:56:38] [main/DEBUG] [FML]:   Adding snowundertrees-1.20.1-1.4.5.jar to the mod list
[22:56:38] [main/DEBUG] [FML]:   Adding SoManyEnchantments-0.5.5.jar to the mod list
[22:56:38] [main/DEBUG] [FML]:   Adding sound-physics-remastered-forge-1.20.1-1.4.5.jar to the mod list
[22:56:38] [main/DEBUG] [FML]:   Adding SoundFilters-0.12.1_for_1.12.jar to the mod list
[22:56:38] [main/DEBUG] [FML]:   Adding spark-1.10.53-forge.jar to the mod list
[22:56:38] [main/DEBUG] [FML]:   Adding spark-unforged-1.11.2-forge.jar to the mod list
[22:56:38] [main/DEBUG] [FML]:   Adding sparsestructuresreforged-1.20.1-0.0.1.jar to the mod list
[22:56:38] [main/DEBUG] [FML]:   Adding spartandefiled-1.12.2-1.2.jar to the mod list
[22:56:38] [main/DEBUG] [FML]:   Adding spartanfire_rlcraft-1.3.2.jar to the mod list
[22:56:38] [main/DEBUG] [FML]:   Adding SpartanHUDBaubles-1.12.2-1.0.0.jar to the mod list
[22:56:38] [main/DEBUG] [FML]:   Adding SpartanShields-1.12.2-1.5.5.jar to the mod list
[22:56:38] [main/DEBUG] [FML]:   Adding SpartanWeaponry-1.12.2-1.6.0.jar to the mod list
[22:56:38] [main/DEBUG] [FML]:   Adding SpawnerControl-1.6.3b.jar to the mod list
[22:56:38] [main/DEBUG] [FML]:   Adding spawnersplus-4.0-1.20.1.jar to the mod list
[22:56:38] [main/DEBUG] [FML]:   Adding SRParasites-1.12.2v1.9.21.jar to the mod list
[22:56:38] [main/DEBUG] [FML]:   Adding stalwart-dungeons-1.20.1-1.2.8.jar to the mod list
[22:56:38] [main/DEBUG] [FML]:   Adding StandardExpansion-3.4.173.jar to the mod list
[22:56:38] [main/DEBUG] [FML]:   Adding Stoneworks-v8.0.0-1.20.1-Forge.jar to the mod list
[22:56:38] [main/DEBUG] [FML]:   Adding Stony Cliffs FML v1.1.2.jar to the mod list
[22:56:38] [main/DEBUG] [FML]:   Adding Structory_1.20.x_v1.3.5.jar to the mod list
[22:56:38] [main/DEBUG] [FML]:   Adding Structory_Towers_1.20.x_v1.0.7.jar to the mod list
[22:56:38] [main/DEBUG] [FML]:   Adding structureessentials-1.20.1-3.4.jar to the mod list
[22:56:38] [main/DEBUG] [FML]:   Adding structure_gel-1.20.1-2.16.2.jar to the mod list
[22:56:38] [main/DEBUG] [FML]:   Adding supplementaries-1.20-2.8.17.jar to the mod list
[22:56:38] [main/DEBUG] [FML]:   Adding suppsquared-1.20-1.1.15.jar to the mod list
[22:56:38] [main/DEBUG] [FML]:   Adding Surge-1.12.2-2.0.79.jar to the mod list
[22:56:38] [main/DEBUG] [FML]:   Adding switchbow-1.6.8.jar to the mod list
[22:56:38] [main/DEBUG] [FML]:   Adding takesapillage-1.0.3-1.20.1.jar to the mod list
[22:56:38] [main/DEBUG] [FML]:   Adding temporalapi-1.6.7.jar to the mod list
[22:56:38] [main/DEBUG] [FML]:   Adding TerraBlender-forge-1.20.1-3.0.1.7.jar to the mod list
[22:56:38] [main/DEBUG] [FML]:   Adding the-conjurer-1.20.1-1.1.6.jar to the mod list
[22:56:38] [main/DEBUG] [FML]:   Adding tnt_utilities-mc1.12-1.2.3.jar to the mod list
[22:56:38] [main/DEBUG] [FML]:   Adding Toast Control-1.12.2-1.8.1.jar to the mod list
[22:56:38] [main/DEBUG] [FML]:   Adding toofast-1.20-0.4.3.5.jar to the mod list
[22:56:38] [main/DEBUG] [FML]:   Adding ToolBelt-1.12.2-1.9.14.jar to the mod list
[22:56:38] [main/DEBUG] [FML]:   Adding Towns-and-Towers-1.12-Fabric+Forge.jar to the mod list
[22:56:38] [main/DEBUG] [FML]:   Adding TradingPost-v8.0.2-1.20.1-Forge.jar to the mod list
[22:56:38] [main/DEBUG] [FML]:   Adding transparent-forge-8.0.1+1.20.1.jar to the mod list
[22:56:38] [main/DEBUG] [FML]:   Adding Traverse-1.12.2-1.6.0-69.jar to the mod list
[22:56:38] [main/DEBUG] [FML]:   Adding Trinkets and Baubles-0.32.5.jar to the mod list
[22:56:38] [main/DEBUG] [FML]:   Adding trumpetskeleton-1.12-1.0.2.1.jar to the mod list
[22:56:38] [main/DEBUG] [FML]:   Adding tschipplib-1.12.2-1.1.7.jar to the mod list
[22:56:38] [main/DEBUG] [FML]:   Adding tumbleweed-1.12-0.4.7.jar to the mod list
[22:56:38] [main/DEBUG] [FML]:   Adding Twigs-1.20.1-3.1.0.jar to the mod list
[22:56:38] [main/DEBUG] [FML]:   Adding twilightdelight-2.0.13.jar to the mod list
[22:56:38] [main/DEBUG] [FML]:   Adding twilightforest-1.20.1-4.3.2508-universal.jar to the mod list
[22:56:38] [main/DEBUG] [FML]:   Adding ucrashedlol-0.0.3+1.20.1.jar to the mod list
[22:56:38] [main/DEBUG] [FML]:   Adding umbral_skies-1.3.jar to the mod list
[22:56:38] [main/DEBUG] [FML]:   Adding Underneath-1.4.jar to the mod list
[22:56:38] [main/DEBUG] [FML]:   Adding VariedCommodities_1.12.2-(31Mar23).jar to the mod list
[22:56:38] [main/DEBUG] [FML]:   Adding veinmining-forge-1.5.0+1.20.1.jar to the mod list
[22:56:38] [main/DEBUG] [FML]:   Adding VerticallyStackedDimensions-1.12.2-0.1.9.jar to the mod list
[22:56:38] [main/DEBUG] [FML]:   Adding villagernames-1.20.1-8.1.jar to the mod list
[22:56:38] [main/DEBUG] [FML]:   Adding VillagersPlus_3.1_(FORGE)_for_1.20.1.jar to the mod list
[22:56:38] [main/DEBUG] [FML]:   Adding villagesandpillages-forge-mc1.20.1-1.0.1.jar to the mod list
[22:56:38] [main/DEBUG] [FML]:   Adding visuality-forge-2.0.2.jar to the mod list
[22:56:38] [main/DEBUG] [FML]:   Adding VisualWorkbench-v8.0.0-1.20.1-Forge.jar to the mod list
[22:56:38] [main/DEBUG] [FML]:   Adding voidtotem-forge-1.20-3.0.1.jar to the mod list
[22:56:38] [main/DEBUG] [FML]:   Adding v_slab_compat-1.20-2.4.jar to the mod list
[22:56:38] [main/DEBUG] [FML]:   Adding watut-forge-1.20.1-1.1.3.jar to the mod list
[22:56:38] [main/DEBUG] [FML]:   Adding waystones-forge-1.20-14.1.6.jar to the mod list
[22:56:38] [main/DEBUG] [FML]:   Adding Waystones_1.12.2-4.1.0.jar to the mod list
[22:56:38] [main/DEBUG] [FML]:   Adding WearableBackpacks-RLCraft-1.12.2-3.2.6.jar to the mod list
[22:56:38] [main/DEBUG] [FML]:   Adding whatareyouvotingfor2023-1.20.1-1.2.5.jar to the mod list
[22:56:38] [main/DEBUG] [FML]:   Adding wither_spawn_fix-1.0.0.jar to the mod list
[22:56:38] [main/DEBUG] [FML]:   Adding WolfArmorAndStorage-3.8.1+1.12.2.alpha.1-SNAPSHOT-signed.jar to the mod list
[22:56:38] [main/DEBUG] [FML]:   Adding XaerosWorldMap_1.39.0_Forge_1.20.jar to the mod list
[22:56:38] [main/DEBUG] [FML]:   Adding Xaeros_Minimap_24.5.0_Forge_1.20.jar to the mod list
[22:56:38] [main/DEBUG] [FML]:   Adding XPFromHarvest-1.12.2-1.2.0.jar to the mod list
[22:56:38] [main/DEBUG] [FML]:   Adding xptome-1.12.2-v1.1.6.jar to the mod list
[22:56:38] [main/DEBUG] [FML]:   Adding xptome-1.20.1-2.2.1.jar to the mod list
[22:56:38] [main/DEBUG] [FML]:   Adding YouShallNotSpawn-forge-1.20.x-2.0.2.jar to the mod list
[22:56:38] [main/DEBUG] [FML]:   Adding YungsApi-1.20-Forge-4.0.6.jar to the mod list
[22:56:38] [main/DEBUG] [FML]:   Adding YungsBetterDungeons-1.20-Forge-4.0.4.jar to the mod list
[22:56:38] [main/DEBUG] [FML]:   Adding YungsBetterEndIsland-1.20-Forge-2.0.6.jar to the mod list
[22:56:38] [main/DEBUG] [FML]:   Adding YungsBetterJungleTemples-1.20-Forge-2.0.5.jar to the mod list
[22:56:38] [main/DEBUG] [FML]:   Adding YungsBetterMineshafts-1.20-Forge-4.0.4.jar to the mod list
[22:56:38] [main/DEBUG] [FML]:   Adding YungsBetterNetherFortresses-1.20-Forge-2.0.6.jar to the mod list
[22:56:38] [main/DEBUG] [FML]:   Adding YungsBetterOceanMonuments-1.20-Forge-3.0.4.jar to the mod list
[22:56:38] [main/DEBUG] [FML]:   Adding YungsBetterStrongholds-1.20-Forge-4.0.3.jar to the mod list
[22:56:38] [main/DEBUG] [FML]:   Adding YungsBetterWitchHuts-1.20-Forge-3.0.3.jar to the mod list
[22:56:38] [main/DEBUG] [FML]:   Adding YungsBridges-1.20-Forge-4.0.3.jar to the mod list
[22:56:38] [main/DEBUG] [FML]:   Adding YungsCaveBiomes-1.20.1-Forge-2.0.1.jar to the mod list
[22:56:38] [main/DEBUG] [FML]:   Adding YungsLaw-1.12.2-1.0.4.jar to the mod list
[22:56:38] [main/DEBUG] [FML]:   Adding Zeta-1.0-24.jar to the mod list
[22:56:38] [main/DEBUG] [FML]:   Adding [___MixinCompat-1.1-1.12.2___].jar to the mod list
[22:56:38] [main/DEBUG] [FML]:   Adding _MixinBootstrap-1.1.0.jar to the mod list
[22:56:38] [main/DEBUG] [FML]:   Adding `FermiumBooter-1.1.1.jar to the mod list
[22:56:38] [main/INFO] [FML]: Searching C:\Users\frank\OneDrive\Desktop\mc-server-share-mod1\server1.20.4\.\mods\1.12.2 for mods
[22:56:38] [main/DEBUG] [FML]:   Adding OTG-Core.jar to the mod list
[22:56:38] [main/DEBUG] [FML]: Examining for coremod candidacy !mod-director-launchwrapper-1.8.3.jar
[22:56:38] [main/INFO] [FML]: Loading tweaker net.jan.moddirector.launchwrapper.ModDirectorTweaker from !mod-director-launchwrapper-1.8.3.jar
[22:56:38] [main/DEBUG] [FML]: Examining for coremod candidacy [___MixinCompat-1.1-1.12.2___].jar
[22:56:38] [main/INFO] [FML]: Loading tweaker org.spongepowered.asm.launch.MixinTweaker from [___MixinCompat-1.1-1.12.2___].jar
[22:56:38] [main/DEBUG] [FML]: Examining for coremod candidacy _MixinBootstrap-1.1.0.jar
[22:56:38] [main/INFO] [FML]: Loading tweaker org.spongepowered.asm.launch.MixinTweaker from _MixinBootstrap-1.1.0.jar
[22:56:38] [main/DEBUG] [FML]: Examining for coremod candidacy `FermiumBooter-1.1.1.jar
[22:56:38] [main/INFO] [FML]: Loading tweaker org.spongepowered.asm.launch.MixinTweaker from `FermiumBooter-1.1.1.jar
[22:56:38] [main/DEBUG] [FML]: Examining for coremod candidacy aaa_particles-1.20.1-1.4.7-forge.jar
[22:56:38] [main/DEBUG] [FML]: Not found coremod data in aaa_particles-1.20.1-1.4.7-forge.jar
[22:56:38] [main/DEBUG] [FML]: Examining for coremod candidacy AdHooks-1.12.2-3.3.1.0-build.0626.jar
[22:56:38] [main/DEBUG] [FML]: Not found coremod data in AdHooks-1.12.2-3.3.1.0-build.0626.jar
[22:56:38] [main/DEBUG] [FML]: Examining for coremod candidacy adorabuild-structures-2.8.0-forge-1.20.1.jar
[22:56:38] [main/DEBUG] [FML]: Not found coremod data in adorabuild-structures-2.8.0-forge-1.20.1.jar
[22:56:38] [main/DEBUG] [FML]: Examining for coremod candidacy Advanced-Fishing-1.12.2-1.3.3.jar
[22:56:38] [main/DEBUG] [FML]: Not found coremod data in Advanced-Fishing-1.12.2-1.3.3.jar
[22:56:38] [main/DEBUG] [FML]: Examining for coremod candidacy advancednetherite-forge-2.1.3-1.20.1.jar
[22:56:38] [main/DEBUG] [FML]: Not found coremod data in advancednetherite-forge-2.1.3-1.20.1.jar
[22:56:38] [main/DEBUG] [FML]: Examining for coremod candidacy aeroblender-1.20.1-1.0.1-neoforge.jar
[22:56:38] [main/DEBUG] [FML]: Not found coremod data in aeroblender-1.20.1-1.0.1-neoforge.jar
[22:56:38] [main/DEBUG] [FML]: Examining for coremod candidacy aether-1.20.1-1.4.2-neoforge.jar
[22:56:38] [main/DEBUG] [FML]: Not found coremod data in aether-1.20.1-1.4.2-neoforge.jar
[22:56:38] [main/DEBUG] [FML]: Examining for coremod candidacy aether-redux-2.0.17-1.20.1-neoforge.jar
[22:56:38] [main/DEBUG] [FML]: Not found coremod data in aether-redux-2.0.17-1.20.1-neoforge.jar
[22:56:38] [main/DEBUG] [FML]: Examining for coremod candidacy aether_enhanced_extinguishing-1.20.1-1.0.0-neoforge.jar
[22:56:38] [main/DEBUG] [FML]: Not found coremod data in aether_enhanced_extinguishing-1.20.1-1.0.0-neoforge.jar
[22:56:38] [main/DEBUG] [FML]: Examining for coremod candidacy aether_protect_your_moa-1.20.1-1.0.0-neoforge.jar
[22:56:38] [main/DEBUG] [FML]: Not found coremod data in aether_protect_your_moa-1.20.1-1.0.0-neoforge.jar
[22:56:38] [main/DEBUG] [FML]: Examining for coremod candidacy AetherVillages-1.20.1-1.0.7-forge.jar
[22:56:38] [main/DEBUG] [FML]: Not found coremod data in AetherVillages-1.20.1-1.0.7-forge.jar
[22:56:38] [main/DEBUG] [FML]: Examining for coremod candidacy AIReducer-1.12.2-0.3.0.jar
[22:56:38] [main/DEBUG] [FML]: Not found coremod data in AIReducer-1.12.2-0.3.0.jar
[22:56:38] [main/DEBUG] [FML]: Examining for coremod candidacy alcatrazcore-1.0.4.jar
[22:56:38] [main/DEBUG] [FML]: Not found coremod data in alcatrazcore-1.0.4.jar
[22:56:38] [main/DEBUG] [FML]: Examining for coremod candidacy alexsmobs-1.22.9.jar
[22:56:38] [main/DEBUG] [FML]: Not found coremod data in alexsmobs-1.22.9.jar
[22:56:38] [main/DEBUG] [FML]: Examining for coremod candidacy alternate_current-mc1.20-1.7.0.jar
[22:56:38] [main/DEBUG] [FML]: Not found coremod data in alternate_current-mc1.20-1.7.0.jar
[22:56:38] [main/DEBUG] [FML]: Examining for coremod candidacy amendments-1.20-1.2.12.jar
[22:56:38] [main/DEBUG] [FML]: Not found coremod data in amendments-1.20-1.2.12.jar
[22:56:38] [main/DEBUG] [FML]: Examining for coremod candidacy another_furniture-forge-1.20.1-3.0.1.jar
[22:56:38] [main/DEBUG] [FML]: Not found coremod data in another_furniture-forge-1.20.1-3.0.1.jar
[22:56:38] [main/DEBUG] [FML]: Examining for coremod candidacy antiqueatlas-1.12.2-4.6.3.jar
[22:56:38] [main/DEBUG] [FML]: Not found coremod data in antiqueatlas-1.12.2-4.6.3.jar
[22:56:38] [main/DEBUG] [FML]: Examining for coremod candidacy antiquecities-1.2.1.jar
[22:56:38] [main/DEBUG] [FML]: Not found coremod data in antiquecities-1.2.1.jar
[22:56:38] [main/DEBUG] [FML]: Examining for coremod candidacy anvilpatch-1.1.1.jar
[22:56:38] [main/DEBUG] [FML]: Not found coremod data in anvilpatch-1.1.1.jar
[22:56:38] [main/DEBUG] [FML]: Examining for coremod candidacy Aquaculture-1.12.2-1.6.8.jar
[22:56:38] [main/DEBUG] [FML]: Not found coremod data in Aquaculture-1.12.2-1.6.8.jar
[22:56:38] [main/DEBUG] [FML]: Examining for coremod candidacy architectury-9.2.14-forge.jar
[22:56:38] [main/DEBUG] [FML]: Not found coremod data in architectury-9.2.14-forge.jar
[22:56:38] [main/DEBUG] [FML]: Examining for coremod candidacy armorunder-mc1.12.2-1.0.0.jar
[22:56:38] [main/DEBUG] [FML]: Not found coremod data in armorunder-mc1.12.2-1.0.0.jar
[22:56:38] [main/DEBUG] [FML]: Examining for coremod candidacy ascended_quark-1.20.1-1.0.4.jar
[22:56:38] [main/DEBUG] [FML]: Not found coremod data in ascended_quark-1.20.1-1.0.4.jar
[22:56:38] [main/DEBUG] [FML]: Examining for coremod candidacy ash_api-forge-3.0.2+1.20.1.jar
[22:56:38] [main/DEBUG] [FML]: Not found coremod data in ash_api-forge-3.0.2+1.20.1.jar
[22:56:38] [main/DEBUG] [FML]: Examining for coremod candidacy astikorcarts-1.12.2-0.1.2.8.jar
[22:56:38] [main/DEBUG] [FML]: Not found coremod data in astikorcarts-1.12.2-0.1.2.8.jar
[22:56:38] [main/DEBUG] [FML]: Examining for coremod candidacy athena-forge-1.20.1-3.1.2.jar
[22:56:38] [main/DEBUG] [FML]: Not found coremod data in athena-forge-1.20.1-3.1.2.jar
[22:56:38] [main/DEBUG] [FML]: Examining for coremod candidacy AttributeFix-Forge-1.12.2-1.0.12.jar
[22:56:38] [main/DEBUG] [FML]: Not found coremod data in AttributeFix-Forge-1.12.2-1.0.12.jar
[22:56:38] [main/DEBUG] [FML]: Examining for coremod candidacy AutochefsDelight-1.20.1-Forge-1.0.5.jar
[22:56:38] [main/DEBUG] [FML]: Not found coremod data in AutochefsDelight-1.20.1-Forge-1.0.5.jar
[22:56:38] [main/DEBUG] [FML]: Examining for coremod candidacy AutoRegLib-1.3-32.jar
[22:56:38] [main/DEBUG] [FML]: Not found coremod data in AutoRegLib-1.3-32.jar
[22:56:38] [main/DEBUG] [FML]: Examining for coremod candidacy azurelib-neo-1.20.1-2.0.39.jar
[22:56:38] [main/DEBUG] [FML]: Not found coremod data in azurelib-neo-1.20.1-2.0.39.jar
[22:56:38] [main/DEBUG] [FML]: Examining for coremod candidacy backpacked-forge-1.20.1-3.0.0-beta.9.jar
[22:56:38] [main/DEBUG] [FML]: Not found coremod data in backpacked-forge-1.20.1-3.0.0-beta.9.jar
[22:56:38] [main/DEBUG] [FML]: Examining for coremod candidacy balm-forge-1.20.1-7.3.9-all.jar
[22:56:38] [main/DEBUG] [FML]: Not found coremod data in balm-forge-1.20.1-7.3.9-all.jar
[22:56:38] [main/DEBUG] [FML]: Examining for coremod candidacy BarteringStation-v8.0.0-1.20.1-Forge.jar
[22:56:38] [main/DEBUG] [FML]: Not found coremod data in BarteringStation-v8.0.0-1.20.1-Forge.jar
[22:56:38] [main/DEBUG] [FML]: Examining for coremod candidacy base-1.12.2-3.14.0.jar
[22:56:38] [main/DEBUG] [FML]: Not found coremod data in base-1.12.2-3.14.0.jar
[22:56:38] [main/DEBUG] [FML]: Examining for coremod candidacy BattleTowers-1.12.2.jar
[22:56:38] [main/DEBUG] [FML]: Not found coremod data in BattleTowers-1.12.2.jar
[22:56:38] [main/DEBUG] [FML]: Examining for coremod candidacy Baubles-1.12-1.5.2.jar
[22:56:38] [main/DEBUG] [FML]: Not found coremod data in Baubles-1.12-1.5.2.jar
[22:56:38] [main/DEBUG] [FML]: Examining for coremod candidacy bclib-3.0.14.jar
[22:56:38] [main/DEBUG] [FML]: Not found coremod data in bclib-3.0.14.jar
[22:56:38] [main/DEBUG] [FML]: Examining for coremod candidacy BedBreakBegone-1.0.2.jar
[22:56:38] [main/INFO] [FML]: Loading tweaker org.spongepowered.asm.launch.MixinTweaker from BedBreakBegone-1.0.2.jar
[22:56:38] [main/DEBUG] [FML]: Examining for coremod candidacy better-end-4.0.11.jar
[22:56:38] [main/DEBUG] [FML]: Not found coremod data in better-end-4.0.11.jar
[22:56:38] [main/DEBUG] [FML]: Examining for coremod candidacy better-nether-9.0.10.jar
[22:56:38] [main/DEBUG] [FML]: Not found coremod data in better-nether-9.0.10.jar
[22:56:38] [main/DEBUG] [FML]: Examining for coremod candidacy better_survival-1.5.4.jar
[22:56:38] [main/DEBUG] [FML]: Not found coremod data in better_survival-1.5.4.jar
[22:56:38] [main/DEBUG] [FML]: Examining for coremod candidacy betterbiomeblend-1.12.2-1.1.7-forge.jar
[22:56:38] [main/WARN] [FML]: Found FMLCorePluginContainsFMLMod marker in betterbiomeblend-1.12.2-1.1.7-forge.jar. This is not recommended, @Mods should be in a separate jar from the coremod.
[22:56:38] [main/DEBUG] [FML]: Instantiating coremod class CoreMod
[22:56:38] [main/TRACE] [FML]: coremod named Better Biome Blend is loading
[22:56:38] [main/DEBUG] [FML]: The coremod fionathemortal.betterbiomeblend.core.CoreMod requested minecraft version 1.12.2 and minecraft is 1.12.2. It will be loaded.
[22:56:38] [main/WARN] [FML]: The coremod Better Biome Blend (fionathemortal.betterbiomeblend.core.CoreMod) is not signed!
[22:56:38] [main/DEBUG] [FML]: Enqueued coremod Better Biome Blend
[22:56:38] [main/DEBUG] [FML]: Examining for coremod candidacy bettercaves-1.12.2-2.0.4.jar
[22:56:38] [main/DEBUG] [FML]: Not found coremod data in bettercaves-1.12.2-2.0.4.jar
[22:56:38] [main/DEBUG] [FML]: Examining for coremod candidacy BetterCompatibilityChecker-forge-4.0.8+mc1.20.1.jar
[22:56:38] [main/DEBUG] [FML]: Not found coremod data in BetterCompatibilityChecker-forge-4.0.8+mc1.20.1.jar
[22:56:38] [main/DEBUG] [FML]: Examining for coremod candidacy betterend-crashed-ships-1.0.0.jar
[22:56:38] [main/DEBUG] [FML]: Not found coremod data in betterend-crashed-ships-1.0.0.jar
[22:56:38] [main/DEBUG] [FML]: Examining for coremod candidacy betterfpsdist-1.20.1-6.0.jar
[22:56:38] [main/DEBUG] [FML]: Not found coremod data in betterfpsdist-1.20.1-6.0.jar
[22:56:38] [main/DEBUG] [FML]: Examining for coremod candidacy BetterMineshaftsForge-1.12.2-2.2.1.jar
[22:56:38] [main/DEBUG] [FML]: Not found coremod data in BetterMineshaftsForge-1.12.2-2.2.1.jar
[22:56:38] [main/DEBUG] [FML]: Examining for coremod candidacy betternether-0.1.8.6.jar
[22:56:38] [main/DEBUG] [FML]: Not found coremod data in betternether-0.1.8.6.jar
[22:56:38] [main/DEBUG] [FML]: Examining for coremod candidacy BetterQuesting-3.5.329.jar
[22:56:38] [main/DEBUG] [FML]: Not found coremod data in BetterQuesting-3.5.329.jar
[22:56:38] [main/DEBUG] [FML]: Examining for coremod candidacy BetterTabs-1.0.4.jar
[22:56:38] [main/DEBUG] [FML]: Not found coremod data in BetterTabs-1.0.4.jar
[22:56:38] [main/DEBUG] [FML]: Examining for coremod candidacy BHMenu-Forge-1.12.2-2.4.3.jar
[22:56:38] [main/INFO] [FML]: Loading tweaker org.spongepowered.asm.launch.MixinTweaker from BHMenu-Forge-1.12.2-2.4.3.jar
[22:56:38] [main/DEBUG] [FML]: Examining for coremod candidacy biomemusic-1.20.1-2.5.jar
[22:56:38] [main/DEBUG] [FML]: Not found coremod data in biomemusic-1.20.1-2.5.jar
[22:56:38] [main/DEBUG] [FML]: Examining for coremod candidacy BiomesOPlenty-1.12.2-7.0.1.2445-universal.jar
[22:56:38] [main/DEBUG] [FML]: Not found coremod data in BiomesOPlenty-1.12.2-7.0.1.2445-universal.jar
[22:56:38] [main/DEBUG] [FML]: Examining for coremod candidacy BiomesOPlenty-forge-1.20.1-19.0.0.91.jar
[22:56:38] [main/DEBUG] [FML]: Not found coremod data in BiomesOPlenty-forge-1.20.1-19.0.0.91.jar
[22:56:38] [main/DEBUG] [FML]: Examining for coremod candidacy BlockOverlayFix-1.12.2-1.0.0.jar
[22:56:38] [main/DEBUG] [FML]: Mod BlockOverlayFix-1.12.2-1.0.0.jar has ModSide meta-inf value CLIENT, and we're SERVER It will be ignored
[22:56:38] [main/DEBUG] [FML]: Examining for coremod candidacy Bloodmoon-MC1.12.2-1.5.3.jar
[22:56:38] [main/WARN] [FML]: Found FMLCorePluginContainsFMLMod marker in Bloodmoon-MC1.12.2-1.5.3.jar. This is not recommended, @Mods should be in a separate jar from the coremod.
[22:56:38] [main/DEBUG] [FML]: Instantiating coremod class LoadingPlugin
[22:56:38] [main/WARN] [FML]: The coremod lumien.bloodmoon.asm.LoadingPlugin does not have a MCVersion annotation, it may cause issues with this version of Minecraft
[22:56:38] [main/DEBUG] [FML]: Found signing certificates for coremod LoadingPlugin (lumien.bloodmoon.asm.LoadingPlugin)
[22:56:38] [main/DEBUG] [FML]: Found certificate d72e0dd57935b3e9476212aea0c0df352dd76291
[22:56:38] [main/DEBUG] [FML]: Enqueued coremod LoadingPlugin
[22:56:38] [main/DEBUG] [FML]: Examining for coremod candidacy blossom.jar
[22:56:38] [main/DEBUG] [FML]: Examining for coremod candidacy blue_skies-1.20.1-1.3.31.jar
[22:56:38] [main/DEBUG] [FML]: Not found coremod data in blue_skies-1.20.1-1.3.31.jar
[22:56:38] [main/DEBUG] [FML]: Examining for coremod candidacy blueprint-1.20.1-7.1.0.jar
[22:56:38] [main/DEBUG] [FML]: Not found coremod data in blueprint-1.20.1-7.1.0.jar
[22:56:38] [main/DEBUG] [FML]: Examining for coremod candidacy blueprintfix-forge-1.0.0-1.20.1.jar
[22:56:38] [main/DEBUG] [FML]: Not found coremod data in blueprintfix-forge-1.0.0-1.20.1.jar
[22:56:38] [main/DEBUG] [FML]: Examining for coremod candidacy BNBGamingLib-1.12.2-2.17.6.jar
[22:56:38] [main/DEBUG] [FML]: Not found coremod data in BNBGamingLib-1.12.2-2.17.6.jar
[22:56:38] [main/DEBUG] [FML]: Examining for coremod candidacy BoatBreakFix-Universal-1.0.2.jar
[22:56:38] [main/DEBUG] [FML]: Not found coremod data in BoatBreakFix-Universal-1.0.2.jar
[22:56:38] [main/DEBUG] [FML]: Examining for coremod candidacy boatload-1.20.1-5.0.1.jar
[22:56:38] [main/DEBUG] [FML]: Not found coremod data in boatload-1.20.1-5.0.1.jar
[22:56:38] [main/DEBUG] [FML]: Examining for coremod candidacy Bookshelf-Forge-1.20.1-20.2.13.jar
[22:56:38] [main/DEBUG] [FML]: Not found coremod data in Bookshelf-Forge-1.20.1-20.2.13.jar
[22:56:38] [main/DEBUG] [FML]: Examining for coremod candidacy Born In A Barn 1.8-1.12-1.2.jar
[22:56:38] [main/WARN] [FML]: Found FMLCorePluginContainsFMLMod marker in Born In A Barn 1.8-1.12-1.2.jar. This is not recommended, @Mods should be in a separate jar from the coremod.
[22:56:38] [main/DEBUG] [FML]: Instantiating coremod class BornInABarn
[22:56:38] [main/TRACE] [FML]: coremod named Born in a Barn is loading
[22:56:38] [main/WARN] [FML]: The coremod com.chocohead.biab.BornInABarn does not have a MCVersion annotation, it may cause issues with this version of Minecraft
[22:56:38] [main/WARN] [FML]: The coremod Born in a Barn (com.chocohead.biab.BornInABarn) is not signed!
[22:56:38] [main/DEBUG] [FML]: Enqueued coremod Born in a Barn
[22:56:38] [main/DEBUG] [FML]: Examining for coremod candidacy Bountiful Baubles-1.12.2-0.1.8.jar
[22:56:38] [main/DEBUG] [FML]: Not found coremod data in Bountiful Baubles-1.12.2-0.1.8.jar
[22:56:38] [main/DEBUG] [FML]: Examining for coremod candidacy Bountiful-1.12.2-2.2.3.jar
[22:56:38] [main/DEBUG] [FML]: Not found coremod data in Bountiful-1.12.2-2.2.3.jar
[22:56:38] [main/DEBUG] [FML]: Examining for coremod candidacy Bountiful-6.0.3+1.20.1-forge.jar
[22:56:38] [main/DEBUG] [FML]: Not found coremod data in Bountiful-6.0.3+1.20.1-forge.jar
[22:56:38] [main/DEBUG] [FML]: Examining for coremod candidacy BQ_Multiblock_Structure_Integration-1.0.9.jar
[22:56:38] [main/DEBUG] [FML]: Not found coremod data in BQ_Multiblock_Structure_Integration-1.0.9.jar
[22:56:38] [main/DEBUG] [FML]: Examining for coremod candidacy BQTweaker-1.3.5.jar
[22:56:38] [main/DEBUG] [FML]: Not found coremod data in BQTweaker-1.3.5.jar
[22:56:38] [main/DEBUG] [FML]: Examining for coremod candidacy bygonenether-1.3.2-1.20.x.jar
[22:56:38] [main/DEBUG] [FML]: Not found coremod data in bygonenether-1.3.2-1.20.x.jar
[22:56:38] [main/DEBUG] [FML]: Examining for coremod candidacy caelus-forge-3.2.0+1.20.1.jar
[22:56:38] [main/DEBUG] [FML]: Not found coremod data in caelus-forge-3.2.0+1.20.1.jar
[22:56:38] [main/DEBUG] [FML]: Examining for coremod candidacy callablehorses-1.12.2-1.1.1.jar
[22:56:38] [main/DEBUG] [FML]: Not found coremod data in callablehorses-1.12.2-1.1.1.jar
[22:56:38] [main/DEBUG] [FML]: Examining for coremod candidacy carrotslib-mc1.12.2-1.0.0b1.jar
[22:56:38] [main/DEBUG] [FML]: Not found coremod data in carrotslib-mc1.12.2-1.0.0b1.jar
[22:56:38] [main/DEBUG] [FML]: Examining for coremod candidacy carryon-1.12.2-1.12.7.23.jar
[22:56:38] [main/DEBUG] [FML]: Not found coremod data in carryon-1.12.2-1.12.7.23.jar
[22:56:38] [main/DEBUG] [FML]: Examining for coremod candidacy carryon-forge-1.20.1-2.1.2.7.jar
[22:56:38] [main/DEBUG] [FML]: Not found coremod data in carryon-forge-1.20.1-2.1.2.7.jar
[22:56:38] [main/DEBUG] [FML]: Examining for coremod candidacy CD4017BE_lib-1.12.2-6.5.1.jar
[22:56:38] [main/DEBUG] [FML]: Not found coremod data in CD4017BE_lib-1.12.2-6.5.1.jar
[22:56:38] [main/DEBUG] [FML]: Examining for coremod candidacy champions-1.12.2-1.0.11.10.jar
[22:56:38] [main/DEBUG] [FML]: Not found coremod data in champions-1.12.2-1.0.11.10.jar
[22:56:38] [main/DEBUG] [FML]: Examining for coremod candidacy Charm-1.12.2-1.4.1.jar
[22:56:38] [main/WARN] [FML]: Found FMLCorePluginContainsFMLMod marker in Charm-1.12.2-1.4.1.jar. This is not recommended, @Mods should be in a separate jar from the coremod.
[22:56:38] [main/DEBUG] [FML]: Instantiating coremod class CharmLoadingPlugin
[22:56:38] [main/WARN] [FML]: The coremod svenhjol.charm.base.CharmLoadingPlugin does not have a MCVersion annotation, it may cause issues with this version of Minecraft
[22:56:38] [main/WARN] [FML]: The coremod CharmLoadingPlugin (svenhjol.charm.base.CharmLoadingPlugin) is not signed!
[22:56:38] [main/DEBUG] [FML]: Enqueued coremod CharmLoadingPlugin
[22:56:38] [main/DEBUG] [FML]: Examining for coremod candidacy charmofundying-forge-6.5.0+1.20.1.jar
[22:56:38] [main/DEBUG] [FML]: Not found coremod data in charmofundying-forge-6.5.0+1.20.1.jar
[22:56:38] [main/DEBUG] [FML]: Examining for coremod candidacy chefs-delight-1.0.3-forge-1.20.1.jar
[22:56:38] [main/DEBUG] [FML]: Not found coremod data in chefs-delight-1.0.3-forge-1.20.1.jar
[22:56:38] [main/DEBUG] [FML]: Examining for coremod candidacy chipped-forge-1.20.1-3.0.7.jar
[22:56:38] [main/DEBUG] [FML]: Not found coremod data in chipped-forge-1.20.1-3.0.7.jar
[22:56:38] [main/DEBUG] [FML]: Examining for coremod candidacy ChunkAnimator-1.12.2-1.2.1.jar
[22:56:38] [main/WARN] [FML]: Found FMLCorePluginContainsFMLMod marker in ChunkAnimator-1.12.2-1.2.1.jar. This is not recommended, @Mods should be in a separate jar from the coremod.
[22:56:38] [main/DEBUG] [FML]: Instantiating coremod class LoadingPlugin
[22:56:38] [main/WARN] [FML]: The coremod lumien.chunkanimator.asm.LoadingPlugin does not have a MCVersion annotation, it may cause issues with this version of Minecraft
[22:56:38] [main/WARN] [FML]: The coremod LoadingPlugin (lumien.chunkanimator.asm.LoadingPlugin) is not signed!
[22:56:38] [main/DEBUG] [FML]: Enqueued coremod LoadingPlugin
[22:56:38] [main/DEBUG] [FML]: Examining for coremod candidacy chunksending-1.20.1-2.8.jar
[22:56:38] [main/DEBUG] [FML]: Not found coremod data in chunksending-1.20.1-2.8.jar
[22:56:38] [main/DEBUG] [FML]: Examining for coremod candidacy citadel-2.6.0-1.20.1.jar
[22:56:38] [main/DEBUG] [FML]: Not found coremod data in citadel-2.6.0-1.20.1.jar
[22:56:38] [main/DEBUG] [FML]: Examining for coremod candidacy classyhats-1.6.0.jar
[22:56:38] [main/DEBUG] [FML]: Not found coremod data in classyhats-1.6.0.jar
[22:56:38] [main/DEBUG] [FML]: Examining for coremod candidacy clientcrafting-1.20.1-1.8.jar
[22:56:38] [main/DEBUG] [FML]: Not found coremod data in clientcrafting-1.20.1-1.8.jar
[22:56:38] [main/DEBUG] [FML]: Examining for coremod candidacy cloth-config-11.1.136-forge.jar
[22:56:38] [main/DEBUG] [FML]: Not found coremod data in cloth-config-11.1.136-forge.jar
[22:56:38] [main/DEBUG] [FML]: Examining for coremod candidacy Clumps-forge-1.20.1-12.0.0.4.jar
[22:56:38] [main/DEBUG] [FML]: Not found coremod data in Clumps-forge-1.20.1-12.0.0.4.jar
[22:56:38] [main/DEBUG] [FML]: Examining for coremod candidacy collective-1.20.1-7.87.jar
[22:56:38] [main/DEBUG] [FML]: Not found coremod data in collective-1.20.1-7.87.jar
[22:56:38] [main/DEBUG] [FML]: Examining for coremod candidacy CollisionDamage-1.2.2.jar
[22:56:38] [main/DEBUG] [FML]: Not found coremod data in CollisionDamage-1.2.2.jar
[22:56:38] [main/DEBUG] [FML]: Examining for coremod candidacy comforts-1.12.2-1.4.1.3.jar
[22:56:38] [main/DEBUG] [FML]: Not found coremod data in comforts-1.12.2-1.4.1.3.jar
[22:56:38] [main/DEBUG] [FML]: Examining for coremod candidacy comforts-forge-6.4.0+1.20.1.jar
[22:56:38] [main/DEBUG] [FML]: Not found coremod data in comforts-forge-6.4.0+1.20.1.jar
[22:56:38] [main/DEBUG] [FML]: Examining for coremod candidacy CompatSkills-1.12.2-1.17.0.jar
[22:56:38] [main/DEBUG] [FML]: Not found coremod data in CompatSkills-1.12.2-1.17.0.jar
[22:56:38] [main/DEBUG] [FML]: Examining for coremod candidacy ConfiguredDefaults-v8.0.1-1.20.1-Forge.jar
[22:56:38] [main/DEBUG] [FML]: Not found coremod data in ConfiguredDefaults-v8.0.1-1.20.1-Forge.jar
[22:56:38] [main/DEBUG] [FML]: Examining for coremod candidacy connectivity-1.20.1-5.6.jar
[22:56:38] [main/DEBUG] [FML]: Not found coremod data in connectivity-1.20.1-5.6.jar
[22:56:38] [main/DEBUG] [FML]: Examining for coremod candidacy Connector-1.0.0-beta.46+1.20.1.jar
[22:56:38] [main/DEBUG] [FML]: Not found coremod data in Connector-1.0.0-beta.46+1.20.1.jar
[22:56:38] [main/DEBUG] [FML]: Examining for coremod candidacy ConnectorExtras-1.11.2+1.20.1.jar
[22:56:38] [main/DEBUG] [FML]: Not found coremod data in ConnectorExtras-1.11.2+1.20.1.jar
[22:56:38] [main/DEBUG] [FML]: Examining for coremod candidacy ContentCreator-1.3.7-fix2.jar
[22:56:38] [main/WARN] [FML]: Found FMLCorePluginContainsFMLMod marker in ContentCreator-1.3.7-fix2.jar. This is not recommended, @Mods should be in a separate jar from the coremod.
[22:56:38] [main/DEBUG] [FML]: Instantiating coremod class CCLoadingPlugin
[22:56:38] [main/TRACE] [FML]: coremod named Content Creator is loading
[22:56:38] [main/DEBUG] [FML]: The coremod surreal.contentcreator.core.CCLoadingPlugin requested minecraft version 1.12.2 and minecraft is 1.12.2. It will be loaded.
[22:56:38] [main/WARN] [FML]: The coremod Content Creator (surreal.contentcreator.core.CCLoadingPlugin) is not signed!
[22:56:38] [main/DEBUG] [FML]: Enqueued coremod Content Creator
[22:56:38] [main/DEBUG] [FML]: Examining for coremod candidacy ContentTweaker-1.12.2-4.10.0.jar
[22:56:38] [main/DEBUG] [FML]: Not found coremod data in ContentTweaker-1.12.2-4.10.0.jar
[22:56:38] [main/DEBUG] [FML]: Examining for coremod candidacy continuity-3.0.0-beta.5+1.20.1.jar
[22:56:38] [main/DEBUG] [FML]: Not found coremod data in continuity-3.0.0-beta.5+1.20.1.jar
[22:56:38] [main/DEBUG] [FML]: Examining for coremod candidacy Controlling-3.0.12.4.jar
[22:56:38] [main/DEBUG] [FML]: Not found coremod data in Controlling-3.0.12.4.jar
[22:56:38] [main/DEBUG] [FML]: Examining for coremod candidacy CoralReef-2.5-1.12.2.jar
[22:56:38] [main/DEBUG] [FML]: Not found coremod data in CoralReef-2.5-1.12.2.jar
[22:56:38] [main/DEBUG] [FML]: Examining for coremod candidacy coroutil-forge-1.20.1-1.3.7.jar
[22:56:38] [main/DEBUG] [FML]: Not found coremod data in coroutil-forge-1.20.1-1.3.7.jar
[22:56:38] [main/DEBUG] [FML]: Examining for coremod candidacy corpse-forge-1.20.1-1.0.17.jar
[22:56:38] [main/DEBUG] [FML]: Not found coremod data in corpse-forge-1.20.1-1.0.17.jar
[22:56:38] [main/DEBUG] [FML]: Examining for coremod candidacy corpsecomplex-1.12.2-1.0.12.0.jar
[22:56:38] [main/DEBUG] [FML]: Not found coremod data in corpsecomplex-1.12.2-1.0.12.0.jar
[22:56:38] [main/DEBUG] [FML]: Examining for coremod candidacy CrabbersDelight-1.20.1-1.1.7c.jar
[22:56:38] [main/DEBUG] [FML]: Not found coremod data in CrabbersDelight-1.20.1-1.1.7c.jar
[22:56:38] [main/DEBUG] [FML]: Examining for coremod candidacy craftablechainmail-1.0.jar
[22:56:38] [main/DEBUG] [FML]: Not found coremod data in craftablechainmail-1.0.jar
[22:56:38] [main/DEBUG] [FML]: Examining for coremod candidacy CraftTweaker2-1.12-4.1.20.700.jar
[22:56:38] [main/DEBUG] [FML]: Not found coremod data in CraftTweaker2-1.12-4.1.20.700.jar
[22:56:38] [main/DEBUG] [FML]: Examining for coremod candidacy crafttweakerutils-0.7.jar
[22:56:38] [main/DEBUG] [FML]: Not found coremod data in crafttweakerutils-0.7.jar
[22:56:38] [main/DEBUG] [FML]: Examining for coremod candidacy crashexploitfixer-forge-1.1.0+1.20.1.jar
[22:56:38] [main/DEBUG] [FML]: Not found coremod data in crashexploitfixer-forge-1.1.0+1.20.1.jar
[22:56:38] [main/DEBUG] [FML]: Examining for coremod candidacy crawlondemand-1.20.x-1.0.0.jar
[22:56:38] [main/DEBUG] [FML]: Not found coremod data in crawlondemand-1.20.x-1.0.0.jar
[22:56:38] [main/DEBUG] [FML]: Examining for coremod candidacy CreativeCore_v1.10.71_mc1.12.2.jar
[22:56:38] [main/WARN] [FML]: Found FMLCorePluginContainsFMLMod marker in CreativeCore_v1.10.71_mc1.12.2.jar. This is not recommended, @Mods should be in a separate jar from the coremod.
[22:56:38] [main/DEBUG] [FML]: Instantiating coremod class CreativePatchingLoader
[22:56:38] [main/WARN] [FML]: The coremod com.creativemd.creativecore.core.CreativePatchingLoader does not have a MCVersion annotation, it may cause issues with this version of Minecraft
[22:56:38] [main/WARN] [FML]: The coremod CreativePatchingLoader (com.creativemd.creativecore.core.CreativePatchingLoader) is not signed!
[22:56:38] [main/DEBUG] [FML]: Enqueued coremod CreativePatchingLoader
[22:56:38] [main/DEBUG] [FML]: Examining for coremod candidacy cristellib-1.1.5-forge.jar
[22:56:38] [main/DEBUG] [FML]: Not found coremod data in cristellib-1.1.5-forge.jar
[22:56:38] [main/DEBUG] [FML]: Examining for coremod candidacy ctintegration-1.8.0.jar
[22:56:38] [main/DEBUG] [FML]: Not found coremod data in ctintegration-1.8.0.jar
[22:56:38] [main/DEBUG] [FML]: Examining for coremod candidacy cupboard-1.20.1-2.7.jar
[22:56:38] [main/DEBUG] [FML]: Not found coremod data in cupboard-1.20.1-2.7.jar
[22:56:38] [main/DEBUG] [FML]: Examining for coremod candidacy curios-forge-5.11.0+1.20.1.jar
[22:56:38] [main/DEBUG] [FML]: Not found coremod data in curios-forge-5.11.0+1.20.1.jar
[22:56:38] [main/DEBUG] [FML]: Examining for coremod candidacy CutThrough-v8.0.2-1.20.1-Forge.jar
[22:56:38] [main/DEBUG] [FML]: Not found coremod data in CutThrough-v8.0.2-1.20.1-Forge.jar
[22:56:38] [main/DEBUG] [FML]: Examining for coremod candidacy decorative_blocks-forge-1.20.1-4.1.3.jar
[22:56:38] [main/DEBUG] [FML]: Not found coremod data in decorative_blocks-forge-1.20.1-4.1.3.jar
[22:56:38] [main/DEBUG] [FML]: Examining for coremod candidacy deep_aether-1.20.1-1.0.4.jar
[22:56:38] [main/DEBUG] [FML]: Not found coremod data in deep_aether-1.20.1-1.0.4.jar
[22:56:38] [main/DEBUG] [FML]: Examining for coremod candidacy deeperdarker-forge-1.20.1-1.3.2.jar
[22:56:38] [main/DEBUG] [FML]: Not found coremod data in deeperdarker-forge-1.20.1-1.3.2.jar
[22:56:38] [main/DEBUG] [FML]: Examining for coremod candidacy defiledlands-1.12.2-1.4.3.jar
[22:56:38] [main/DEBUG] [FML]: Not found coremod data in defiledlands-1.12.2-1.4.3.jar
[22:56:38] [main/DEBUG] [FML]: Examining for coremod candidacy Delightful-1.20.1-3.6.jar
[22:56:38] [main/DEBUG] [FML]: Not found coremod data in Delightful-1.20.1-3.6.jar
[22:56:38] [main/DEBUG] [FML]: Examining for coremod candidacy despawn_tweaker-1.20.1-1.0.0.jar
[22:56:38] [main/DEBUG] [FML]: Not found coremod data in despawn_tweaker-1.20.1-1.0.0.jar
[22:56:38] [main/DEBUG] [FML]: Examining for coremod candidacy deuf-1.20.1-1.3.jar
[22:56:38] [main/DEBUG] [FML]: Not found coremod data in deuf-1.20.1-1.3.jar
[22:56:38] [main/DEBUG] [FML]: Examining for coremod candidacy DiagonalFences-v8.1.4-1.20.1-Forge.jar
[22:56:38] [main/DEBUG] [FML]: Not found coremod data in DiagonalFences-v8.1.4-1.20.1-Forge.jar
[22:56:38] [main/DEBUG] [FML]: Examining for coremod candidacy dimensionalsycnfixes-1.20.1-0.0.1.jar
[22:56:38] [main/DEBUG] [FML]: Not found coremod data in dimensionalsycnfixes-1.20.1-0.0.1.jar
[22:56:38] [main/DEBUG] [FML]: Examining for coremod candidacy disenchanter[1.12]1.8.jar
[22:56:38] [main/DEBUG] [FML]: Not found coremod data in disenchanter[1.12]1.8.jar
[22:56:38] [main/DEBUG] [FML]: Examining for coremod candidacy DoomlikeDungeons-1.14.12-MC1.12.2.jar
[22:56:38] [main/DEBUG] [FML]: Not found coremod data in DoomlikeDungeons-1.14.12-MC1.12.2.jar
[22:56:38] [main/DEBUG] [FML]: Examining for coremod candidacy dragon_mounts_patches-1.0.0.jar
[22:56:38] [main/DEBUG] [FML]: Not found coremod data in dragon_mounts_patches-1.0.0.jar
[22:56:38] [main/DEBUG] [FML]: Examining for coremod candidacy dragonmounts-1.20.1-1.2.3-beta.jar
[22:56:38] [main/DEBUG] [FML]: Not found coremod data in dragonmounts-1.20.1-1.2.3-beta.jar
[22:56:38] [main/DEBUG] [FML]: Examining for coremod candidacy DregoraRL-2.1.jar
[22:56:38] [main/DEBUG] [FML]: Not found coremod data in DregoraRL-2.1.jar
[22:56:38] [main/DEBUG] [FML]: Examining for coremod candidacy dtkupd-1.3-forge-1.20.1.jar
[22:56:38] [main/DEBUG] [FML]: Not found coremod data in dtkupd-1.3-forge-1.20.1.jar
[22:56:38] [main/DEBUG] [FML]: Examining for coremod candidacy DungeonsArise-1.20.x-2.1.58-release.jar
[22:56:38] [main/DEBUG] [FML]: Not found coremod data in DungeonsArise-1.20.x-2.1.58-release.jar
[22:56:38] [main/DEBUG] [FML]: Examining for coremod candidacy DynamicSurroundings-1.12.2-3.6.2.1.jar
[22:56:38] [main/INFO] [FML]: Loading tweaker org.spongepowered.asm.launch.MixinTweaker from DynamicSurroundings-1.12.2-3.6.2.1.jar
[22:56:38] [main/DEBUG] [FML]: Examining for coremod candidacy DynamicTrees-1.12.2-0.9.29.jar
[22:56:38] [main/DEBUG] [FML]: Not found coremod data in DynamicTrees-1.12.2-0.9.29.jar
[22:56:38] [main/DEBUG] [FML]: Examining for coremod candidacy DynamicTreesBOP-1.12.2-1.5.2.jar
[22:56:38] [main/DEBUG] [FML]: Not found coremod data in DynamicTreesBOP-1.12.2-1.5.2.jar
[22:56:38] [main/DEBUG] [FML]: Examining for coremod candidacy dynamictreesdefiledlands-1.12.2-1.0.0.jar
[22:56:38] [main/DEBUG] [FML]: Not found coremod data in dynamictreesdefiledlands-1.12.2-1.0.0.jar
[22:56:38] [main/DEBUG] [FML]: Examining for coremod candidacy DynamicTreesTraverse-1.12.2-2.1.jar
[22:56:38] [main/DEBUG] [FML]: Not found coremod data in DynamicTreesTraverse-1.12.2-2.1.jar
[22:56:38] [main/DEBUG] [FML]: Examining for coremod candidacy EasyAnvils-v8.0.2-1.20.1-Forge.jar
[22:56:38] [main/DEBUG] [FML]: Not found coremod data in EasyAnvils-v8.0.2-1.20.1-Forge.jar
[22:56:38] [main/DEBUG] [FML]: Examining for coremod candidacy EasyMagic-v8.0.1-1.20.1-Forge.jar
[22:56:38] [main/DEBUG] [FML]: Not found coremod data in EasyMagic-v8.0.1-1.20.1-Forge.jar
[22:56:38] [main/DEBUG] [FML]: Examining for coremod candidacy EditableEdibles-1.3.0.jar
[22:56:38] [main/INFO] [FML]: Loading tweaker org.spongepowered.asm.launch.MixinTweaker from EditableEdibles-1.3.0.jar
[22:56:38] [main/DEBUG] [FML]: Examining for coremod candidacy Eldritch_End-FORGE-MC1.20.1-0.3.2.jar
[22:56:38] [main/DEBUG] [FML]: Not found coremod data in Eldritch_End-FORGE-MC1.20.1-0.3.2.jar
[22:56:38] [main/DEBUG] [FML]: Examining for coremod candidacy ElenaiDodge-1.12.2-2.1.jar
[22:56:38] [main/DEBUG] [FML]: Not found coremod data in ElenaiDodge-1.12.2-2.1.jar
[22:56:38] [main/DEBUG] [FML]: Examining for coremod candidacy elevatorid-1.20.1-lex-1.9.jar
[22:56:38] [main/DEBUG] [FML]: Not found coremod data in elevatorid-1.20.1-lex-1.9.jar
[22:56:38] [main/DEBUG] [FML]: Examining for coremod candidacy elytraslot-forge-6.4.4+1.20.1.jar
[22:56:38] [main/DEBUG] [FML]: Not found coremod data in elytraslot-forge-6.4.4+1.20.1.jar
[22:56:38] [main/DEBUG] [FML]: Examining for coremod candidacy EnchantmentDescriptions-1.12.2-1.1.20.jar
[22:56:38] [main/DEBUG] [FML]: Not found coremod data in EnchantmentDescriptions-1.12.2-1.1.20.jar
[22:56:38] [main/DEBUG] [FML]: Examining for coremod candidacy endersdelight-1.20.1-1.0.3.jar
[22:56:38] [main/DEBUG] [FML]: Not found coremod data in endersdelight-1.20.1-1.0.3.jar
[22:56:38] [main/DEBUG] [FML]: Examining for coremod candidacy EnhancedVisuals_v1.4.4_mc1.12.2.jar
[22:56:38] [main/DEBUG] [FML]: Examining for coremod candidacy EntityCulling-1.12.2-6.4.3.jar
[22:56:38] [main/DEBUG] [FML]: Mod EntityCulling-1.12.2-6.4.3.jar has ModSide meta-inf value CLIENT, and we're SERVER It will be ignored
[22:56:38] [main/DEBUG] [FML]: Examining for coremod candidacy EpheroLib-1.20.1-FORGE-1.2.0.jar
[22:56:38] [main/DEBUG] [FML]: Not found coremod data in EpheroLib-1.20.1-FORGE-1.2.0.jar
[22:56:38] [main/DEBUG] [FML]: Examining for coremod candidacy EpicSiegeMod-13.167.jar
[22:56:38] [main/DEBUG] [FML]: Not found coremod data in EpicSiegeMod-13.167.jar
[22:56:38] [main/DEBUG] [FML]: Examining for coremod candidacy everycomp-1.20-2.6.87.jar
[22:56:38] [main/DEBUG] [FML]: Not found coremod data in everycomp-1.20-2.6.87.jar
[22:56:38] [main/DEBUG] [FML]: Examining for coremod candidacy explorations-forge-1.20.1-1.6.1.jar
[22:56:38] [main/DEBUG] [FML]: Not found coremod data in explorations-forge-1.20.1-1.6.1.jar
[22:56:38] [main/DEBUG] [FML]: Examining for coremod candidacy extra_compat-1.5.22.jar
[22:56:38] [main/DEBUG] [FML]: Not found coremod data in extra_compat-1.5.22.jar
[22:56:38] [main/DEBUG] [FML]: Examining for coremod candidacy fabric-api-0.92.2+1.11.8+1.20.1.jar
[22:56:38] [main/DEBUG] [FML]: Not found coremod data in fabric-api-0.92.2+1.11.8+1.20.1.jar
[22:56:38] [main/DEBUG] [FML]: Examining for coremod candidacy FallingTree-1.20.1-4.3.4.jar
[22:56:38] [main/DEBUG] [FML]: Not found coremod data in FallingTree-1.20.1-4.3.4.jar
[22:56:38] [main/DEBUG] [FML]: Examining for coremod candidacy FamiliarFauna-1.12.2-1.0.11.jar
[22:56:38] [main/DEBUG] [FML]: Not found coremod data in FamiliarFauna-1.12.2-1.0.11.jar
[22:56:38] [main/DEBUG] [FML]: Examining for coremod candidacy FancyBlockParticles-1.12.x-2.4.1.jar
[22:56:38] [main/DEBUG] [FML]: Not found coremod data in FancyBlockParticles-1.12.x-2.4.1.jar
[22:56:38] [main/DEBUG] [FML]: Examining for coremod candidacy fancymenu_forge_2.14.9_MC_1.12-1.12.2.jar
[22:56:38] [main/INFO] [FML]: Loading tweaker org.spongepowered.asm.launch.MixinTweaker from fancymenu_forge_2.14.9_MC_1.12-1.12.2.jar
[22:56:38] [main/DEBUG] [FML]: Examining for coremod candidacy FantasticLib-1.12.2.047.jar
[22:56:38] [main/DEBUG] [FML]: Not found coremod data in FantasticLib-1.12.2.047.jar
[22:56:38] [main/DEBUG] [FML]: Examining for coremod candidacy FarmersDelight-1.20.1-1.2.4.jar
[22:56:38] [main/DEBUG] [FML]: Not found coremod data in FarmersDelight-1.20.1-1.2.4.jar
[22:56:38] [main/DEBUG] [FML]: Examining for coremod candidacy FarmersStructures-1.0.3-1.20.jar
[22:56:38] [main/DEBUG] [FML]: Not found coremod data in FarmersStructures-1.0.3-1.20.jar
[22:56:38] [main/DEBUG] [FML]: Examining for coremod candidacy fastasyncworldsave-1.20.1-2.0.jar
[22:56:38] [main/DEBUG] [FML]: Not found coremod data in fastasyncworldsave-1.20.1-2.0.jar
[22:56:38] [main/DEBUG] [FML]: Examining for coremod candidacy fasterrandom-5.1.0.jar
[22:56:38] [main/DEBUG] [FML]: Not found coremod data in fasterrandom-5.1.0.jar
[22:56:38] [main/DEBUG] [FML]: Examining for coremod candidacy fastpaintings-1.20-1.2.7.jar
[22:56:38] [main/DEBUG] [FML]: Not found coremod data in fastpaintings-1.20-1.2.7.jar
[22:56:38] [main/DEBUG] [FML]: Examining for coremod candidacy Feature-Recycler-forge-1.0.1.jar
[22:56:38] [main/DEBUG] [FML]: Not found coremod data in Feature-Recycler-forge-1.0.1.jar
[22:56:38] [main/DEBUG] [FML]: Examining for coremod candidacy fermiumasm-5.23.jar
[22:56:38] [main/WARN] [FML]: Found FMLCorePluginContainsFMLMod marker in fermiumasm-5.23.jar. This is not recommended, @Mods should be in a separate jar from the coremod.
[22:56:38] [main/DEBUG] [FML]: Instantiating coremod class NormalLoadingPlugin
[22:56:38] [main/TRACE] [FML]: coremod named FermiumASM is loading
[22:56:38] [main/DEBUG] [FML]: The coremod mirror.normalasm.core.NormalLoadingPlugin requested minecraft version 1.12.2 and minecraft is 1.12.2. It will be loaded.
[22:56:38] [main/WARN] [FML]: The coremod FermiumASM (mirror.normalasm.core.NormalLoadingPlugin) is not signed!
[22:56:38] [main/INFO] [FermiumASM]: FermiumASM is on the server-side.
[22:56:38] [main/INFO] [FermiumASM]: FermiumASM is preparing and loading in mixins
[22:56:38] [main/WARN] [FermiumASM]: Replacing CA Certs with an updated one...
[22:56:38] [main/WARN] [FermiumASM]: Detaching FMLSecurityManager.
[22:56:38] [main/INFO] [FermiumASM]: Initializing StacktraceDeobfuscator...
[22:56:38] [main/INFO] [FermiumASM]: Found MCP stable-39 method mappings: methods-stable_39.csv
[22:56:38] [main/INFO] [FermiumASM]: Initialized StacktraceDeobfuscator.
[22:56:38] [main/INFO] [FermiumASM]: Installing DeobfuscatingRewritePolicy...
[22:56:38] [main/INFO] [FermiumASM]: Installed DeobfuscatingRewritePolicy.
[22:56:38] [main/INFO] [FermiumASM]: FermiumASM enqueueing early mixins
[22:56:38] [main/INFO] [FermiumRegistryAPI]: FermiumRegistryAPI supplied "mixins.devenv.json" for early mixin enqueue, adding.
[22:56:38] [main/INFO] [FermiumRegistryAPI]: FermiumRegistryAPI supplied "mixins.internal.json" for early mixin enqueue, adding.
[22:56:38] [main/INFO] [FermiumRegistryAPI]: FermiumRegistryAPI supplied "mixins.vanities.json" for early mixin enqueue, adding.
[22:56:38] [main/INFO] [FermiumRegistryAPI]: FermiumRegistryAPI supplied "mixins.registries.json" for early mixin enqueue, adding.
[22:56:38] [main/INFO] [FermiumRegistryAPI]: FermiumRegistryAPI supplied "mixins.stripitemstack.json" for early mixin enqueue, adding.
[22:56:38] [main/INFO] [FermiumRegistryAPI]: FermiumRegistryAPI supplied "mixins.lockcode.json" for early mixin enqueue, adding.
[22:56:38] [main/INFO] [FermiumRegistryAPI]: FermiumRegistryAPI supplied "mixins.recipes.json" for early mixin enqueue, adding.
[22:56:38] [main/INFO] [FermiumRegistryAPI]: FermiumRegistryAPI supplied "mixins.misc_fluidregistry.json" for early mixin enqueue, adding.
[22:56:38] [main/INFO] [FermiumRegistryAPI]: FermiumRegistryAPI supplied "mixins.forgefixes.json" for early mixin enqueue, adding.
[22:56:38] [main/INFO] [FermiumRegistryAPI]: FermiumRegistryAPI supplied "mixins.capability.json" for early mixin enqueue, adding.
[22:56:38] [main/INFO] [FermiumRegistryAPI]: FermiumRegistryAPI supplied "mixins.singletonevents.json" for early mixin enqueue, adding.
[22:56:38] [main/INFO] [FermiumRegistryAPI]: FermiumRegistryAPI supplied "mixins.efficienthashing.json" for early mixin enqueue, adding.
[22:56:38] [main/INFO] [FermiumRegistryAPI]: FermiumRegistryAPI supplied "mixins.crashes.json" for early mixin enqueue, adding.
[22:56:38] [main/INFO] [FermiumRegistryAPI]: FermiumRegistryAPI supplied "mixins.fix_mc129057.json" for early mixin enqueue, adding.
[22:56:38] [main/INFO] [FermiumRegistryAPI]: FermiumRegistryAPI supplied "mixins.priorities.json" for early mixin enqueue, adding.
[22:56:38] [main/INFO] [FermiumRegistryAPI]: FermiumRegistryAPI supplied "mixins.bucket.json" for early mixin enqueue, adding.
[22:56:38] [main/INFO] [FermiumRegistryAPI]: FermiumRegistryAPI supplied "mixins.rendering.json" for early mixin enqueue, adding.
[22:56:38] [main/INFO] [FermiumRegistryAPI]: FermiumRegistryAPI supplied "mixins.datastructures_modelmanager.json" for early mixin enqueue, adding.
[22:56:38] [main/INFO] [FermiumRegistryAPI]: FermiumRegistryAPI supplied "mixins.screenshot.json" for early mixin enqueue, adding.
[22:56:38] [main/INFO] [FermiumRegistryAPI]: FermiumRegistryAPI supplied "mixins.ondemand_sprites.json" for early mixin enqueue, adding.
[22:56:38] [main/INFO] [FermiumRegistryAPI]: FermiumRegistryAPI supplied "mixins.searchtree_vanilla.json" for early mixin enqueue, adding.
[22:56:38] [main/INFO] [FermiumRegistryAPI]: FermiumRegistryAPI supplied "mixins.resolve_mc2071.json" for early mixin enqueue, adding.
[22:56:38] [main/INFO] [FermiumRegistryAPI]: FermiumRegistryAPI supplied "mixins.fix_mc_skindownloading.json" for early mixin enqueue, adding.
[22:56:38] [main/INFO] [FermiumRegistryAPI]: FermiumRegistryAPI supplied "mixins.fix_mc186052.json" for early mixin enqueue, adding.
[22:56:38] [main/INFO] [FermiumRegistryAPI]: FermiumRegistryAPI supplied "mixins.vfix_bugfixes.json" for early mixin enqueue, adding.
[22:56:38] [main/INFO] [FermiumASM]: FermiumASM enqueueing late mixins
[22:56:38] [main/INFO] [FermiumRegistryAPI]: FermiumRegistryAPI supplied "mixins.bakedquadsquasher.json" for late mixin enqueue, adding.
[22:56:38] [main/INFO] [FermiumRegistryAPI]: FermiumRegistryAPI supplied "mixins.modfixes_immersiveengineering.json" for late mixin enqueue, adding.
[22:56:38] [main/INFO] [FermiumRegistryAPI]: FermiumRegistryAPI supplied "mixins.modfixes_evilcraftcompat.json" for late mixin enqueue, adding.
[22:56:38] [main/INFO] [FermiumRegistryAPI]: FermiumRegistryAPI supplied "mixins.modfixes_ebwizardry.json" for late mixin enqueue, adding.
[22:56:38] [main/INFO] [FermiumRegistryAPI]: FermiumRegistryAPI supplied "mixins.modfixes_xu2.json" for late mixin enqueue, adding.
[22:56:38] [main/INFO] [FermiumRegistryAPI]: FermiumRegistryAPI supplied "mixins.searchtree_mod.json" for late mixin enqueue, adding.
[22:56:38] [main/INFO] [FermiumRegistryAPI]: FermiumRegistryAPI supplied "mixins.modfixes_astralsorcery.json" for late mixin enqueue, adding.
[22:56:38] [main/INFO] [FermiumRegistryAPI]: FermiumRegistryAPI supplied "mixins.capability_astralsorcery.json" for late mixin enqueue, adding.
[22:56:38] [main/INFO] [FermiumRegistryAPI]: FermiumRegistryAPI supplied "mixins.modfixes_b3m.json" for late mixin enqueue, adding.
[22:56:38] [main/INFO] [FermiumASM]: FermiumASM finished mixin enqueue
[22:56:38] [main/DEBUG] [FML]: Added access transformer class mirror.normalasm.core.NormalTransformer to enqueued access transformers
[22:56:38] [main/DEBUG] [FML]: Enqueued coremod FermiumASM
[22:56:38] [main/DEBUG] [FML]: Examining for coremod candidacy ferritecore-6.0.1-forge.jar
[22:56:38] [main/DEBUG] [FML]: Not found coremod data in ferritecore-6.0.1-forge.jar
[22:56:38] [main/DEBUG] [FML]: Examining for coremod candidacy firstaid-1.6.22.jar
[22:56:38] [main/DEBUG] [FML]: Not found coremod data in firstaid-1.6.22.jar
[22:56:38] [main/DEBUG] [FML]: Examining for coremod candidacy Fish's Undead Rising-1.4.2.jar
[22:56:38] [main/DEBUG] [FML]: Not found coremod data in Fish's Undead Rising-1.4.2.jar
[22:56:38] [main/DEBUG] [FML]: Examining for coremod candidacy FishingMadeBetter-1.12.2-2.2.6.jar
[22:56:38] [main/DEBUG] [FML]: Not found coremod data in FishingMadeBetter-1.12.2-2.2.6.jar
[22:56:38] [main/DEBUG] [FML]: Examining for coremod candidacy flib-1.20.1-0.0.14.jar
[22:56:38] [main/DEBUG] [FML]: Not found coremod data in flib-1.20.1-0.0.14.jar
[22:56:38] [main/DEBUG] [FML]: Examining for coremod candidacy foamfix-0.10.15-1.12.2.jar
[22:56:38] [main/WARN] [FML]: Found FMLCorePluginContainsFMLMod marker in foamfix-0.10.15-1.12.2.jar. This is not recommended, @Mods should be in a separate jar from the coremod.
[22:56:38] [main/DEBUG] [FML]: Instantiating coremod class FoamFixCore
[22:56:38] [main/TRACE] [FML]: coremod named Do not report to Forge! (If you haven't disabled the FoamFix coremod, try disabling it in the config! Note that this bit of text will still appear.) is loading
[22:56:38] [main/WARN] [FML]: The coremod pl.asie.foamfix.coremod.FoamFixCore does not have a MCVersion annotation, it may cause issues with this version of Minecraft
[22:56:38] [main/WARN] [FML]: The coremod Do not report to Forge! (If you haven't disabled the FoamFix coremod, try disabling it in the config! Note that this bit of text will still appear.) (pl.asie.foamfix.coremod.FoamFixCore) is not signed!
[22:56:38] [main/DEBUG] [FML]: Added access transformer class pl.asie.foamfix.coremod.FoamFixAT to enqueued access transformers
[22:56:38] [main/DEBUG] [FML]: Enqueued coremod Do not report to Forge! (If you haven't disabled the FoamFix coremod, try disabling it in the config! Note that this bit of text will still appear.)
[22:56:38] [main/DEBUG] [FML]: Examining for coremod candidacy FoodExpansion1.3.3-1.12.2.jar
[22:56:38] [main/DEBUG] [FML]: Not found coremod data in FoodExpansion1.3.3-1.12.2.jar
[22:56:38] [main/DEBUG] [FML]: Examining for coremod candidacy ForgeConfigScreens-v8.0.2-1.20.1-Forge.jar
[22:56:38] [main/DEBUG] [FML]: Not found coremod data in ForgeConfigScreens-v8.0.2-1.20.1-Forge.jar
[22:56:38] [main/DEBUG] [FML]: Examining for coremod candidacy ForgeEndertech-1.12.2-4.5.6.1-build.0648.jar
[22:56:38] [main/WARN] [FML]: Found FMLCorePluginContainsFMLMod marker in ForgeEndertech-1.12.2-4.5.6.1-build.0648.jar. This is not recommended, @Mods should be in a separate jar from the coremod.
[22:56:38] [main/DEBUG] [FML]: Instantiating coremod class CorePlugin
[22:56:38] [main/WARN] [FML]: The coremod com.endertech.minecraft.forge.coremod.CorePlugin does not have a MCVersion annotation, it may cause issues with this version of Minecraft
[22:56:38] [main/WARN] [FML]: The coremod CorePlugin (com.endertech.minecraft.forge.coremod.CorePlugin) is not signed!
[22:56:38] [main/DEBUG] [FML]: Enqueued coremod CorePlugin
[22:56:38] [main/DEBUG] [FML]: Examining for coremod candidacy Forgelin-1.8.4.jar
[22:56:38] [main/WARN] [FML]: Found FMLCorePluginContainsFMLMod marker in Forgelin-1.8.4.jar. This is not recommended, @Mods should be in a separate jar from the coremod.
[22:56:38] [main/DEBUG] [FML]: Instantiating coremod class ForgelinPlugin
[22:56:38] [main/WARN] [FML]: The coremod net.shadowfacts.forgelin.preloader.ForgelinPlugin does not have a MCVersion annotation, it may cause issues with this version of Minecraft
[22:56:38] [main/WARN] [FML]: The coremod ForgelinPlugin (net.shadowfacts.forgelin.preloader.ForgelinPlugin) is not signed!
[22:56:38] [main/DEBUG] [FML]: Enqueued coremod ForgelinPlugin
[22:56:38] [main/DEBUG] [FML]: Examining for coremod candidacy forgottenitems-1.12.2-1.3.1.4.jar
[22:56:38] [main/DEBUG] [FML]: Not found coremod data in forgottenitems-1.12.2-1.3.1.4.jar
[22:56:38] [main/DEBUG] [FML]: Examining for coremod candidacy formations-1.0.2a-forge-mc1.20.2.jar
[22:56:38] [main/DEBUG] [FML]: Not found coremod data in formations-1.0.2a-forge-mc1.20.2.jar
[22:56:38] [main/DEBUG] [FML]: Examining for coremod candidacy formationsnether-1.0.5.jar
[22:56:38] [main/DEBUG] [FML]: Not found coremod data in formationsnether-1.0.5.jar
[22:56:38] [main/DEBUG] [FML]: Examining for coremod candidacy formationsoverworld-1.0.4.jar
[22:56:38] [main/DEBUG] [FML]: Not found coremod data in formationsoverworld-1.0.4.jar
[22:56:38] [main/DEBUG] [FML]: Examining for coremod candidacy framevoidpatch-1.0.0.jar
[22:56:38] [main/INFO] [FML]: Loading tweaker org.spongepowered.asm.launch.MixinTweaker from framevoidpatch-1.0.0.jar
[22:56:38] [main/DEBUG] [FML]: Examining for coremod candidacy framework-forge-1.20.1-0.7.11.jar
[22:56:38] [main/DEBUG] [FML]: Not found coremod data in framework-forge-1.20.1-0.7.11.jar
[22:56:38] [main/DEBUG] [FML]: Examining for coremod candidacy FriendlyEndermite_v1.0.1_mc1.12.2.jar
[22:56:38] [main/DEBUG] [FML]: Examining for coremod candidacy friendsandfoes-forge-mc1.20.1-3.0.5.jar
[22:56:38] [main/DEBUG] [FML]: Not found coremod data in friendsandfoes-forge-mc1.20.1-3.0.5.jar
[22:56:38] [main/DEBUG] [FML]: Examining for coremod candidacy ftb-library-forge-2001.2.4.jar
[22:56:38] [main/DEBUG] [FML]: Not found coremod data in ftb-library-forge-2001.2.4.jar
[22:56:38] [main/DEBUG] [FML]: Examining for coremod candidacy ftb-quests-forge-2001.4.9.jar
[22:56:38] [main/DEBUG] [FML]: Not found coremod data in ftb-quests-forge-2001.4.9.jar
[22:56:38] [main/DEBUG] [FML]: Examining for coremod candidacy ftb-teams-forge-2001.3.0.jar
[22:56:38] [main/DEBUG] [FML]: Not found coremod data in ftb-teams-forge-2001.3.0.jar
[22:56:38] [main/DEBUG] [FML]: Examining for coremod candidacy ftb-xmod-compat-forge-2.1.1.jar
[22:56:38] [main/DEBUG] [FML]: Not found coremod data in ftb-xmod-compat-forge-2.1.1.jar
[22:56:38] [main/DEBUG] [FML]: Examining for coremod candidacy ftbquestsfreezefix-forge-1.0.0-1.20.1.jar
[22:56:38] [main/DEBUG] [FML]: Not found coremod data in ftbquestsfreezefix-forge-1.0.0-1.20.1.jar
[22:56:38] [main/DEBUG] [FML]: Examining for coremod candidacy fxcontrol-1.12-0.1.15.jar
[22:56:38] [main/DEBUG] [FML]: Not found coremod data in fxcontrol-1.12-0.1.15.jar
[22:56:38] [main/DEBUG] [FML]: Examining for coremod candidacy Galosphere-1.20.1-1.4.1-Forge.jar
[22:56:38] [main/DEBUG] [FML]: Not found coremod data in Galosphere-1.20.1-1.4.1-Forge.jar
[22:56:38] [main/DEBUG] [FML]: Examining for coremod candidacy gardens-of-the-dead-forge-4.0.1.jar
[22:56:38] [main/DEBUG] [FML]: Not found coremod data in gardens-of-the-dead-forge-4.0.1.jar
[22:56:38] [main/DEBUG] [FML]: Examining for coremod candidacy geckolib-forge-1.20.1-4.4.9.jar
[22:56:38] [main/DEBUG] [FML]: Not found coremod data in geckolib-forge-1.20.1-4.4.9.jar
[22:56:38] [main/DEBUG] [FML]: Examining for coremod candidacy GeckoLibOculusCompat-Forge-1.0.1.jar
[22:56:38] [main/DEBUG] [FML]: Not found coremod data in GeckoLibOculusCompat-Forge-1.0.1.jar
[22:56:38] [main/DEBUG] [FML]: Examining for coremod candidacy Geophilic v3.1.4 f15-57.jar
[22:56:38] [main/DEBUG] [FML]: Examining for coremod candidacy GeophilicReforged-v1.2.0.jar
[22:56:38] [main/DEBUG] [FML]: Examining for coremod candidacy GlitchCore-forge-1.20.1-0.0.1.1.jar
[22:56:38] [main/DEBUG] [FML]: Not found coremod data in GlitchCore-forge-1.20.1-0.0.1.1.jar
[22:56:38] [main/DEBUG] [FML]: Examining for coremod candidacy GlobalGameRules-1.12.2-2.2.7.jar
[22:56:38] [main/DEBUG] [FML]: Not found coremod data in GlobalGameRules-1.12.2-2.2.7.jar
[22:56:38] [main/DEBUG] [FML]: Examining for coremod candidacy goblintraders-forge-1.20.1-1.9.3.jar
[22:56:38] [main/DEBUG] [FML]: Not found coremod data in goblintraders-forge-1.20.1-1.9.3.jar
[22:56:38] [main/DEBUG] [FML]: Examining for coremod candidacy GooglyEyes-1.12.2-7.1.1.jar
[22:56:38] [main/DEBUG] [FML]: Not found coremod data in GooglyEyes-1.12.2-7.1.1.jar
[22:56:38] [main/DEBUG] [FML]: Examining for coremod candidacy grapplemod-1.12.2-v12.3.jar
[22:56:38] [main/DEBUG] [FML]: Not found coremod data in grapplemod-1.12.2-v12.3.jar
[22:56:38] [main/DEBUG] [FML]: Examining for coremod candidacy Grass_Overhaul-Forge-23.10.10-MC1.20.1.jar
[22:56:38] [main/DEBUG] [FML]: Not found coremod data in Grass_Overhaul-Forge-23.10.10-MC1.20.1.jar
[22:56:38] [main/DEBUG] [FML]: Examining for coremod candidacy guardvillagers-1.20.1-1.6.7.jar
[22:56:38] [main/DEBUG] [FML]: Not found coremod data in guardvillagers-1.20.1-1.6.7.jar
[22:56:38] [main/DEBUG] [FML]: Examining for coremod candidacy handcrafted-forge-1.20.1-3.0.6.jar
[22:56:38] [main/DEBUG] [FML]: Not found coremod data in handcrafted-forge-1.20.1-3.0.6.jar
[22:56:38] [main/DEBUG] [FML]: Examining for coremod candidacy hearth_and_home-forge-1.20.1-2.0.3.jar
[22:56:38] [main/DEBUG] [FML]: Not found coremod data in hearth_and_home-forge-1.20.1-2.0.3.jar
[22:56:38] [main/DEBUG] [FML]: Examining for coremod candidacy Hearths v1.0.1 f12-48.jar
[22:56:38] [main/DEBUG] [FML]: Examining for coremod candidacy HelpFixer-1.12.1-1.5.18.jar
[22:56:38] [main/DEBUG] [FML]: Not found coremod data in HelpFixer-1.12.1-1.5.18.jar
[22:56:38] [main/DEBUG] [FML]: Examining for coremod candidacy Highlighter-1.20.1-forge-1.1.9.jar
[22:56:38] [main/DEBUG] [FML]: Not found coremod data in Highlighter-1.20.1-forge-1.1.9.jar
[22:56:38] [main/DEBUG] [FML]: Examining for coremod candidacy Ice and Fire-2.0.5.jar
[22:56:38] [main/WARN] [FML]: Found FMLCorePluginContainsFMLMod marker in Ice and Fire-2.0.5.jar. This is not recommended, @Mods should be in a separate jar from the coremod.
[22:56:38] [main/DEBUG] [FML]: Instantiating coremod class IceAndFirePlugin
[22:56:38] [main/DEBUG] [FML]: The coremod com.github.alexthe666.iceandfire.asm.IceAndFirePlugin requested minecraft version 1.12.2 and minecraft is 1.12.2. It will be loaded.
[22:56:38] [main/WARN] [FML]: The coremod IceAndFirePlugin (com.github.alexthe666.iceandfire.asm.IceAndFirePlugin) is not signed!
[22:56:38] [main/DEBUG] [FML]: Enqueued coremod IceAndFirePlugin
[22:56:38] [main/DEBUG] [FML]: Examining for coremod candidacy Iceberg-1.20.1-forge-1.1.25.jar
[22:56:38] [main/DEBUG] [FML]: Not found coremod data in Iceberg-1.20.1-forge-1.1.25.jar
[22:56:38] [main/DEBUG] [FML]: Examining for coremod candidacy iChunUtil-1.12.2-7.2.2.jar
[22:56:38] [main/DEBUG] [FML]: Not found coremod data in iChunUtil-1.12.2-7.2.2.jar
[22:56:38] [main/DEBUG] [FML]: Examining for coremod candidacy IllagerInvasion-v8.0.6-1.20.1-Forge.jar
[22:56:38] [main/DEBUG] [FML]: Not found coremod data in IllagerInvasion-v8.0.6-1.20.1-Forge.jar
[22:56:38] [main/DEBUG] [FML]: Examining for coremod candidacy incontrol-1.12-3.9.18.jar
[22:56:38] [main/DEBUG] [FML]: Not found coremod data in incontrol-1.12-3.9.18.jar
[22:56:38] [main/DEBUG] [FML]: Examining for coremod candidacy incubation-1.20.1-4.0.2.jar
[22:56:38] [main/DEBUG] [FML]: Not found coremod data in incubation-1.20.1-4.0.2.jar
[22:56:38] [main/DEBUG] [FML]: Examining for coremod candidacy InfernalMobs-1.12.2.jar
[22:56:38] [main/DEBUG] [FML]: Not found coremod data in InfernalMobs-1.12.2.jar
[22:56:38] [main/DEBUG] [FML]: Examining for coremod candidacy Inspirations-1.12.2-0.2.9.jar
[22:56:38] [main/DEBUG] [FML]: Not found coremod data in Inspirations-1.12.2-0.2.9.jar
[22:56:38] [main/DEBUG] [FML]: Examining for coremod candidacy inventorymanagement-1.3.1+1.20.jar
[22:56:38] [main/DEBUG] [FML]: Not found coremod data in inventorymanagement-1.3.1+1.20.jar
[22:56:38] [main/DEBUG] [FML]: Examining for coremod candidacy InventoryTweaks-1.64+dev.151.jar
[22:56:38] [main/WARN] [FML]: Found FMLCorePluginContainsFMLMod marker in InventoryTweaks-1.64+dev.151.jar. This is not recommended, @Mods should be in a separate jar from the coremod.
[22:56:38] [main/DEBUG] [FML]: Instantiating coremod class FMLPlugin
[22:56:38] [main/TRACE] [FML]: coremod named Inventory Tweaks Coremod is loading
[22:56:38] [main/WARN] [FML]: The coremod invtweaks.forge.asm.FMLPlugin does not have a MCVersion annotation, it may cause issues with this version of Minecraft
[22:56:38] [main/DEBUG] [FML]: Found signing certificates for coremod Inventory Tweaks Coremod (invtweaks.forge.asm.FMLPlugin)
[22:56:38] [main/DEBUG] [FML]: Found certificate 55d2cd4f5f0961410bf7b91ef6c6bf00a766dcbe
[22:56:38] [main/DEBUG] [FML]: Added access transformer class invtweaks.forge.asm.ITAccessTransformer to enqueued access transformers
[22:56:38] [main/DEBUG] [FML]: Enqueued coremod Inventory Tweaks Coremod
[22:56:38] [main/DEBUG] [FML]: Examining for coremod candidacy item-filters-forge-2001.1.0-build.59.jar
[22:56:38] [main/DEBUG] [FML]: Not found coremod data in item-filters-forge-2001.1.0-build.59.jar
[22:56:38] [main/DEBUG] [FML]: Examining for coremod candidacy ItemPhysic_Full_1.4.37_mc1.12.2.jar
[22:56:38] [main/TRACE] [FML]: Adding ItemPhysic_Full_1.4.37_mc1.12.2.jar to the list of known coremods, it will not be examined again
[22:56:38] [main/DEBUG] [FML]: Instantiating coremod class ItemPatchingLoader
[22:56:38] [main/WARN] [FML]: The coremod com.creativemd.itemphysic.ItemPatchingLoader does not have a MCVersion annotation, it may cause issues with this version of Minecraft
[22:56:38] [main/WARN] [FML]: The coremod ItemPatchingLoader (com.creativemd.itemphysic.ItemPatchingLoader) is not signed!
[22:56:38] [main/DEBUG] [FML]: Enqueued coremod ItemPatchingLoader
[22:56:38] [main/DEBUG] [FML]: Examining for coremod candidacy itlt-1.12.x-1.0.4.jar
[22:56:38] [main/DEBUG] [FML]: Not found coremod data in itlt-1.12.x-1.0.4.jar
[22:56:38] [main/DEBUG] [FML]: Examining for coremod candidacy IvToolkit-1.3.3-1.12.jar
[22:56:38] [main/TRACE] [FML]: Adding IvToolkit-1.3.3-1.12.jar to the list of known coremods, it will not be examined again
[22:56:38] [main/DEBUG] [FML]: Instantiating coremod class IvToolkitLoadingPlugin
[22:56:38] [main/TRACE] [FML]: coremod named IvToolkit is loading
[22:56:38] [main/WARN] [FML]: The coremod ivorius.ivtoolkit.IvToolkitLoadingPlugin does not have a MCVersion annotation, it may cause issues with this version of Minecraft
[22:56:38] [main/WARN] [FML]: The coremod IvToolkit (ivorius.ivtoolkit.IvToolkitLoadingPlugin) is not signed!
[22:56:38] [main/DEBUG] [FML]: Enqueued coremod IvToolkit
[22:56:38] [main/DEBUG] [FML]: Examining for coremod candidacy Jade-1.20.1-forge-11.11.1.jar
[22:56:38] [main/DEBUG] [FML]: Not found coremod data in Jade-1.20.1-forge-11.11.1.jar
[22:56:38] [main/DEBUG] [FML]: Examining for coremod candidacy Jadens-Nether-Expansion-2.1.0-Forge.jar
[22:56:38] [main/DEBUG] [FML]: Not found coremod data in Jadens-Nether-Expansion-2.1.0-Forge.jar
[22:56:38] [main/DEBUG] [FML]: Examining for coremod candidacy jei-1.20.1-forge-15.20.0.105.jar
[22:56:38] [main/DEBUG] [FML]: Not found coremod data in jei-1.20.1-forge-15.20.0.105.jar
[22:56:38] [main/DEBUG] [FML]: Examining for coremod candidacy jei_1.12.2-4.16.1.1012.jar
[22:56:38] [main/DEBUG] [FML]: Not found coremod data in jei_1.12.2-4.16.1.1012.jar
[22:56:38] [main/DEBUG] [FML]: Examining for coremod candidacy justenoughbreeding-forge-1.20.x-1.4.1.jar
[22:56:38] [main/DEBUG] [FML]: Not found coremod data in justenoughbreeding-forge-1.20.x-1.4.1.jar
[22:56:38] [main/DEBUG] [FML]: Examining for coremod candidacy JustEnoughResources-1.20.1-1.4.0.247.jar
[22:56:38] [main/DEBUG] [FML]: Not found coremod data in JustEnoughResources-1.20.1-1.4.0.247.jar
[22:56:38] [main/DEBUG] [FML]: Examining for coremod candidacy Kambrik-6.1.1+1.20.1-forge.jar
[22:56:38] [main/DEBUG] [FML]: Not found coremod data in Kambrik-6.1.1+1.20.1-forge.jar
[22:56:38] [main/DEBUG] [FML]: Examining for coremod candidacy Kiwi-1.20.1-Forge-11.8.20.jar
[22:56:38] [main/DEBUG] [FML]: Not found coremod data in Kiwi-1.20.1-Forge-11.8.20.jar
[22:56:38] [main/DEBUG] [FML]: Examining for coremod candidacy kleeslabs-forge-1.20-15.0.0.jar
[22:56:38] [main/DEBUG] [FML]: Not found coremod data in kleeslabs-forge-1.20-15.0.0.jar
[22:56:38] [main/DEBUG] [FML]: Examining for coremod candidacy konkrete_forge_1.6.1_MC_1.12-1.12.2.jar
[22:56:38] [main/INFO] [FML]: Loading tweaker org.spongepowered.asm.launch.MixinTweaker from konkrete_forge_1.6.1_MC_1.12-1.12.2.jar
[22:56:38] [main/DEBUG] [FML]: Examining for coremod candidacy konkrete_forge_1.8.0_MC_1.20-1.20.1.jar
[22:56:38] [main/INFO] [FML]: Loading tweaker org.spongepowered.asm.launch.MixinTweaker from konkrete_forge_1.8.0_MC_1.20-1.20.1.jar
[22:56:38] [main/DEBUG] [FML]: Examining for coremod candidacy kotlinforforge-4.11.0-all.jar
[22:56:38] [main/DEBUG] [FML]: Not found coremod data in kotlinforforge-4.11.0-all.jar
[22:56:38] [main/DEBUG] [FML]: Examining for coremod candidacy KryptonReforged-0.2.3.jar
[22:56:38] [main/DEBUG] [FML]: Not found coremod data in KryptonReforged-0.2.3.jar
[22:56:38] [main/DEBUG] [FML]: Examining for coremod candidacy L_Enders_Cataclysm-2.16 - 1.20.1.jar
[22:56:38] [main/DEBUG] [FML]: Not found coremod data in L_Enders_Cataclysm-2.16 - 1.20.1.jar
[22:56:38] [main/DEBUG] [FML]: Examining for coremod candidacy lagbgonrevived-1.1.0.jar
[22:56:38] [main/DEBUG] [FML]: Not found coremod data in lagbgonrevived-1.1.0.jar
[22:56:38] [main/DEBUG] [FML]: Examining for coremod candidacy LeavesBeGone-v8.0.0-1.20.1-Forge.jar
[22:56:38] [main/DEBUG] [FML]: Not found coremod data in LeavesBeGone-v8.0.0-1.20.1-Forge.jar
[22:56:38] [main/DEBUG] [FML]: Examining for coremod candidacy LegendaryTooltips-1.12.2-1.1.11.jar
[22:56:38] [main/DEBUG] [FML]: Not found coremod data in LegendaryTooltips-1.12.2-1.1.11.jar
[22:56:38] [main/DEBUG] [FML]: Examining for coremod candidacy Level Up! 2-1.1.23-1.12.jar
[22:56:38] [main/DEBUG] [FML]: Not found coremod data in Level Up! 2-1.1.23-1.12.jar
[22:56:38] [main/DEBUG] [FML]: Examining for coremod candidacy libertyvillagers-2.0.0+forge+1.20.1.jar
[22:56:38] [main/DEBUG] [FML]: Not found coremod data in libertyvillagers-2.0.0+forge+1.20.1.jar
[22:56:38] [main/DEBUG] [FML]: Examining for coremod candidacy librarianlib-1.12.2-4.22.jar
[22:56:38] [main/WARN] [FML]: Found FMLCorePluginContainsFMLMod marker in librarianlib-1.12.2-4.22.jar. This is not recommended, @Mods should be in a separate jar from the coremod.
[22:56:38] [main/DEBUG] [FML]: Instantiating coremod class LibLibCorePlugin
[22:56:38] [main/TRACE] [FML]: coremod named LibrarianLib Plugin is loading
[22:56:38] [main/WARN] [FML]: The coremod com.teamwizardry.librarianlib.asm.LibLibCorePlugin does not have a MCVersion annotation, it may cause issues with this version of Minecraft
[22:56:38] [main/WARN] [FML]: The coremod LibrarianLib Plugin (com.teamwizardry.librarianlib.asm.LibLibCorePlugin) is not signed!
[22:56:38] [main/DEBUG] [FML]: Enqueued coremod LibrarianLib Plugin
[22:56:38] [main/DEBUG] [FML]: Examining for coremod candidacy lionfishapi-1.9.jar
[22:56:38] [main/DEBUG] [FML]: Not found coremod data in lionfishapi-1.9.jar
[22:56:38] [main/DEBUG] [FML]: Examining for coremod candidacy lithostitched-forge-1.20.1-1.3.4.jar
[22:56:38] [main/DEBUG] [FML]: Not found coremod data in lithostitched-forge-1.20.1-1.3.4.jar
[22:56:38] [main/DEBUG] [FML]: Examining for coremod candidacy lmft-1.0.4+1.20.1-forge.jar
[22:56:38] [main/DEBUG] [FML]: Not found coremod data in lmft-1.0.4+1.20.1-forge.jar
[22:56:38] [main/DEBUG] [FML]: Examining for coremod candidacy LoadingScreens-1.12.2-0.3.1.jar
[22:56:38] [main/DEBUG] [FML]: Not found coremod data in LoadingScreens-1.12.2-0.3.1.jar
[22:56:38] [main/DEBUG] [FML]: Examining for coremod candidacy Locks-1.12.2-3.0.0.jar
[22:56:38] [main/INFO] [FML]: Loading tweaker org.spongepowered.asm.launch.MixinTweaker from Locks-1.12.2-3.0.0.jar
[22:56:38] [main/DEBUG] [FML]: Examining for coremod candidacy Log-Begone-Forge-1.20.1-1.0.8.jar
[22:56:38] [main/DEBUG] [FML]: Not found coremod data in Log-Begone-Forge-1.20.1-1.0.8.jar
[22:56:38] [main/DEBUG] [FML]: Examining for coremod candidacy LongerChatHistory-1.3-Forge.jar
[22:56:38] [main/DEBUG] [FML]: Not found coremod data in LongerChatHistory-1.3-Forge.jar
[22:56:38] [main/DEBUG] [FML]: Examining for coremod candidacy LongNbtKiller-Forge-1.20.1-1.0.0.jar
[22:56:38] [main/DEBUG] [FML]: Not found coremod data in LongNbtKiller-Forge-1.20.1-1.0.0.jar
[22:56:38] [main/DEBUG] [FML]: Examining for coremod candidacy lootintegrations-1.20.1-3.7.jar
[22:56:38] [main/DEBUG] [FML]: Not found coremod data in lootintegrations-1.20.1-3.7.jar
[22:56:38] [main/DEBUG] [FML]: Examining for coremod candidacy lootintegrations_yungs-1.2.jar
[22:56:38] [main/DEBUG] [FML]: Not found coremod data in lootintegrations_yungs-1.2.jar
[22:56:38] [main/DEBUG] [FML]: Examining for coremod candidacy LootTweaker-0.3.1+MC1.12.2.jar
[22:56:38] [main/DEBUG] [FML]: Not found coremod data in LootTweaker-0.3.1+MC1.12.2.jar
[22:56:38] [main/DEBUG] [FML]: Examining for coremod candidacy lost_aether_content-1.20.1-1.2.3.jar
[22:56:38] [main/DEBUG] [FML]: Not found coremod data in lost_aether_content-1.20.1-1.2.3.jar
[22:56:38] [main/DEBUG] [FML]: Examining for coremod candidacy lostcities-1.12-2.0.22.jar
[22:56:39] [main/DEBUG] [FML]: Not found coremod data in lostcities-1.12-2.0.22.jar
[22:56:39] [main/DEBUG] [FML]: Examining for coremod candidacy Luna-FORGE-MC1.19.X-1.0.1.jar
[22:56:39] [main/DEBUG] [FML]: Not found coremod data in Luna-FORGE-MC1.19.X-1.0.1.jar
[22:56:39] [main/DEBUG] [FML]: Examining for coremod candidacy lycanitesmobs-1.12.2-2.0.8.10.jar
[22:56:39] [main/DEBUG] [FML]: Not found coremod data in lycanitesmobs-1.12.2-2.0.8.10.jar
[22:56:39] [main/DEBUG] [FML]: Examining for coremod candidacy MagnumTorch-v8.0.2-1.20.1-Forge.jar
[22:56:39] [main/DEBUG] [FML]: Not found coremod data in MagnumTorch-v8.0.2-1.20.1-Forge.jar
[22:56:39] [main/DEBUG] [FML]: Examining for coremod candidacy Mantle-1.12-1.3.3.55.jar
[22:56:39] [main/DEBUG] [FML]: Not found coremod data in Mantle-1.12-1.3.3.55.jar
[22:56:39] [main/DEBUG] [FML]: Examining for coremod candidacy MaterialTweaker-1.1.1.jar
[22:56:39] [main/INFO] [FML]: Loading tweaker org.spongepowered.asm.launch.MixinTweaker from MaterialTweaker-1.1.1.jar
[22:56:39] [main/DEBUG] [FML]: Examining for coremod candidacy mcw-bridges-1.0.6b-mc1.12.2.jar
[22:56:39] [main/DEBUG] [FML]: Not found coremod data in mcw-bridges-1.0.6b-mc1.12.2.jar
[22:56:39] [main/DEBUG] [FML]: Examining for coremod candidacy mediumcore-1.0.0.jar
[22:56:39] [main/DEBUG] [FML]: Not found coremod data in mediumcore-1.0.0.jar
[22:56:39] [main/DEBUG] [FML]: Examining for coremod candidacy melody_forge_1.0.3_MC_1.20.1-1.20.4.jar
[22:56:39] [main/DEBUG] [FML]: Not found coremod data in melody_forge_1.0.3_MC_1.20.1-1.20.4.jar
[22:56:39] [main/DEBUG] [FML]: Examining for coremod candidacy memoryleakfix-forge-1.17+-1.1.1.jar
[22:56:39] [main/DEBUG] [FML]: Not found coremod data in memoryleakfix-forge-1.17+-1.1.1.jar
[22:56:39] [main/DEBUG] [FML]: Examining for coremod candidacy memorysettings-1.20.1-5.5.jar
[22:56:39] [main/DEBUG] [FML]: Not found coremod data in memorysettings-1.20.1-5.5.jar
[22:56:39] [main/DEBUG] [FML]: Examining for coremod candidacy mes-1.3.4-1.20-forge.jar
[22:56:39] [main/DEBUG] [FML]: Not found coremod data in mes-1.3.4-1.20-forge.jar
[22:56:39] [main/DEBUG] [FML]: Examining for coremod candidacy MindfulDarkness-v8.0.3-1.20.1-Forge.jar
[22:56:39] [main/DEBUG] [FML]: Not found coremod data in MindfulDarkness-v8.0.3-1.20.1-Forge.jar
[22:56:39] [main/DEBUG] [FML]: Examining for coremod candidacy MmmMmmMmmMmm-1.12-1.14.jar
[22:56:39] [main/DEBUG] [FML]: Not found coremod data in MmmMmmMmmMmm-1.12-1.14.jar
[22:56:39] [main/DEBUG] [FML]: Examining for coremod candidacy mns-1.0.3-1.20-forge.jar
[22:56:39] [main/DEBUG] [FML]: Not found coremod data in mns-1.0.3-1.20-forge.jar
[22:56:39] [main/DEBUG] [FML]: Examining for coremod candidacy MoBends_1.12.2-1.2.1-19.12.21.jar
[22:56:39] [main/DEBUG] [FML]: Not found coremod data in MoBends_1.12.2-1.2.1-19.12.21.jar
[22:56:39] [main/DEBUG] [FML]: Examining for coremod candidacy modernfix-forge-5.19.4+mc1.20.1.jar
[22:56:39] [main/DEBUG] [FML]: Not found coremod data in modernfix-forge-5.19.4+mc1.20.1.jar
[22:56:39] [main/DEBUG] [FML]: Examining for coremod candidacy modpack-update-checker-1.20.1-forge-0.15.2.jar
[22:56:39] [main/DEBUG] [FML]: Not found coremod data in modpack-update-checker-1.20.1-forge-0.15.2.jar
[22:56:39] [main/DEBUG] [FML]: Examining for coremod candidacy modtweaker-4.0.20.11.jar
[22:56:39] [main/DEBUG] [FML]: Not found coremod data in modtweaker-4.0.20.11.jar
[22:56:39] [main/DEBUG] [FML]: Examining for coremod candidacy moonlight-1.20-2.13.17-forge.jar
[22:56:39] [main/DEBUG] [FML]: Not found coremod data in moonlight-1.20-2.13.17-forge.jar
[22:56:39] [main/DEBUG] [FML]: Examining for coremod candidacy MouseTweaks-2.10.1-mc1.12.2.jar
[22:56:39] [main/DEBUG] [FML]: Not found coremod data in MouseTweaks-2.10.1-mc1.12.2.jar
[22:56:39] [main/DEBUG] [FML]: Examining for coremod candidacy mowziesmobs-1.6.5.jar
[22:56:39] [main/DEBUG] [FML]: Not found coremod data in mowziesmobs-1.6.5.jar
[22:56:39] [main/DEBUG] [FML]: Examining for coremod candidacy MTLib-3.0.7.jar
[22:56:39] [main/DEBUG] [FML]: Not found coremod data in MTLib-3.0.7.jar
[22:56:39] [main/DEBUG] [FML]: Examining for coremod candidacy MultiMine-1.12.2.jar
[22:56:39] [main/WARN] [FML]: Found FMLCorePluginContainsFMLMod marker in MultiMine-1.12.2.jar. This is not recommended, @Mods should be in a separate jar from the coremod.
[22:56:39] [main/DEBUG] [FML]: Instantiating coremod class MMFMLCorePlugin
[22:56:39] [main/WARN] [FML]: The coremod atomicstryker.multimine.common.fmlmagic.MMFMLCorePlugin does not have a MCVersion annotation, it may cause issues with this version of Minecraft
[22:56:39] [main/WARN] [FML]: The coremod MMFMLCorePlugin (atomicstryker.multimine.common.fmlmagic.MMFMLCorePlugin) is not signed!
[22:56:39] [main/DEBUG] [FML]: Enqueued coremod MMFMLCorePlugin
[22:56:39] [main/DEBUG] [FML]: Examining for coremod candidacy mvs-4.1.4-1.20-forge.jar
[22:56:39] [main/DEBUG] [FML]: Not found coremod data in mvs-4.1.4-1.20-forge.jar
[22:56:39] [main/DEBUG] [FML]: Examining for coremod candidacy NaturesCompass-1.20.1-1.11.2-forge.jar
[22:56:39] [main/DEBUG] [FML]: Not found coremod data in NaturesCompass-1.20.1-1.11.2-forge.jar
[22:56:39] [main/DEBUG] [FML]: Examining for coremod candidacy Neat 1.4-17.jar
[22:56:39] [main/DEBUG] [FML]: Not found coremod data in Neat 1.4-17.jar
[22:56:39] [main/DEBUG] [FML]: Examining for coremod candidacy Necronomicon-Forge-1.6.0+1.20.1.jar
[22:56:39] [main/DEBUG] [FML]: Not found coremod data in Necronomicon-Forge-1.6.0+1.20.1.jar
[22:56:39] [main/DEBUG] [FML]: Examining for coremod candidacy Neruina-2.1.2-forge+1.20.1.jar
[22:56:39] [main/DEBUG] [FML]: Not found coremod data in Neruina-2.1.2-forge+1.20.1.jar
[22:56:39] [main/DEBUG] [FML]: Examining for coremod candidacy NetherChested-v8.0.4-1.20.1-Forge.jar
[22:56:39] [main/DEBUG] [FML]: Not found coremod data in NetherChested-v8.0.4-1.20.1-Forge.jar
[22:56:39] [main/DEBUG] [FML]: Examining for coremod candidacy netherportalfix-forge-1.20-13.0.1.jar
[22:56:39] [main/DEBUG] [FML]: Not found coremod data in netherportalfix-forge-1.20-13.0.1.jar
[22:56:39] [main/DEBUG] [FML]: Examining for coremod candidacy nethersdelight-1.20.1-4.0.jar
[22:56:39] [main/DEBUG] [FML]: Not found coremod data in nethersdelight-1.20.1-4.0.jar
[22:56:39] [main/DEBUG] [FML]: Examining for coremod candidacy NoChatReports-FORGE-1.20.1-v2.2.2.jar
[22:56:39] [main/DEBUG] [FML]: Not found coremod data in NoChatReports-FORGE-1.20.1-v2.2.2.jar
[22:56:39] [main/DEBUG] [FML]: Examining for coremod candidacy noisium-forge-2.3.0+mc1.20-1.20.1.jar
[22:56:39] [main/DEBUG] [FML]: Not found coremod data in noisium-forge-2.3.0+mc1.20-1.20.1.jar
[22:56:39] [main/DEBUG] [FML]: Examining for coremod candidacy notreepunching-2.0.21.jar
[22:56:39] [main/DEBUG] [FML]: Not found coremod data in notreepunching-2.0.21.jar
[22:56:39] [main/DEBUG] [FML]: Examining for coremod candidacy oceansdelight-1.0.2-1.20.jar
[22:56:39] [main/DEBUG] [FML]: Not found coremod data in oceansdelight-1.0.2-1.20.jar
[22:56:39] [main/DEBUG] [FML]: Examining for coremod candidacy open-parties-and-claims-forge-1.20.1-0.23.2.jar
[22:56:39] [main/DEBUG] [FML]: Not found coremod data in open-parties-and-claims-forge-1.20.1-0.23.2.jar
[22:56:39] [main/DEBUG] [FML]: Examining for coremod candidacy OpenTerrainGenerator-1.12.2-v9.5-R2.jar
[22:56:39] [main/DEBUG] [FML]: Not found coremod data in OpenTerrainGenerator-1.12.2-v9.5-R2.jar
[22:56:39] [main/DEBUG] [FML]: Examining for coremod candidacy OTG-Core.jar
[22:56:39] [main/TRACE] [FML]: Adding OTG-Core.jar to the list of known coremods, it will not be examined again
[22:56:39] [main/DEBUG] [FML]: Instantiating coremod class OTGCorePlugin
[22:56:39] [main/DEBUG] [FML]: The coremod com.pg85.otg.forge.asm.excluded.launch.OTGCorePlugin requested minecraft version 1.12.2 and minecraft is 1.12.2. It will be loaded.
[22:56:39] [main/WARN] [FML]: The coremod OTGCorePlugin (com.pg85.otg.forge.asm.excluded.launch.OTGCorePlugin) is not signed!
[22:56:39] [main/DEBUG] [FML]: Enqueued coremod OTGCorePlugin
[22:56:39] [main/DEBUG] [FML]: Examining for coremod candidacy packetfixer-forge-1.4.2-1.19-to-1.20.1.jar
[22:56:39] [main/DEBUG] [FML]: Not found coremod data in packetfixer-forge-1.4.2-1.19-to-1.20.1.jar
[22:56:39] [main/DEBUG] [FML]: Examining for coremod candidacy Paintings-forge-1.20.1-11.0.0.2.jar
[22:56:39] [main/DEBUG] [FML]: Not found coremod data in Paintings-forge-1.20.1-11.0.0.2.jar
[22:56:39] [main/DEBUG] [FML]: Examining for coremod candidacy palegarden-1.0.0-forge-1.20.1.jar
[22:56:39] [main/DEBUG] [FML]: Not found coremod data in palegarden-1.0.0-forge-1.20.1.jar
[22:56:39] [main/DEBUG] [FML]: Examining for coremod candidacy particleculling-1.12.2-v1.4.3.jar
[22:56:39] [main/INFO] [FML]: Loading tweaker org.spongepowered.asm.launch.MixinTweaker from particleculling-1.12.2-v1.4.3.jar
[22:56:39] [main/DEBUG] [FML]: Examining for coremod candidacy Patchouli-1.20.1-84-FORGE.jar
[22:56:39] [main/DEBUG] [FML]: Not found coremod data in Patchouli-1.20.1-84-FORGE.jar
[22:56:39] [main/DEBUG] [FML]: Examining for coremod candidacy Paxi-1.20-Forge-4.0.jar
[22:56:39] [main/DEBUG] [FML]: Not found coremod data in Paxi-1.20-Forge-4.0.jar
[22:56:39] [main/DEBUG] [FML]: Examining for coremod candidacy pet_cemetery-1.20.1-2.0.0.jar
[22:56:39] [main/DEBUG] [FML]: Not found coremod data in pet_cemetery-1.20.1-2.0.0.jar
[22:56:39] [main/DEBUG] [FML]: Examining for coremod candidacy Philips-Ruins1.20.1-4.6.jar
[22:56:39] [main/DEBUG] [FML]: Not found coremod data in Philips-Ruins1.20.1-4.6.jar
[22:56:39] [main/DEBUG] [FML]: Examining for coremod candidacy pigstep-1.12.jar
[22:56:39] [main/DEBUG] [FML]: Not found coremod data in pigstep-1.12.jar
[22:56:39] [main/DEBUG] [FML]: Examining for coremod candidacy Ping-Wheel-1.9.1-forge-1.20.1.jar
[22:56:39] [main/DEBUG] [FML]: Not found coremod data in Ping-Wheel-1.9.1-forge-1.20.1.jar
[22:56:39] [main/DEBUG] [FML]: Examining for coremod candidacy Placebo-1.12.2-1.6.1.jar
[22:56:39] [main/DEBUG] [FML]: Not found coremod data in Placebo-1.12.2-1.6.1.jar
[22:56:39] [main/DEBUG] [FML]: Examining for coremod candidacy playerbosses-1.12.2-1.1.0.jar
[22:56:39] [main/DEBUG] [FML]: Not found coremod data in playerbosses-1.12.2-1.1.0.jar
[22:56:39] [main/DEBUG] [FML]: Examining for coremod candidacy polymorph-forge-0.49.5+1.20.1.jar
[22:56:39] [main/DEBUG] [FML]: Not found coremod data in polymorph-forge-0.49.5+1.20.1.jar
[22:56:39] [main/DEBUG] [FML]: Examining for coremod candidacy PortalDupeBegone-1.0.0.jar
[22:56:39] [main/DEBUG] [FML]: Not found coremod data in PortalDupeBegone-1.0.0.jar
[22:56:39] [main/DEBUG] [FML]: Examining for coremod candidacy PotionCore-1.9_for_1.12.2.jar
[22:56:39] [main/DEBUG] [FML]: Not found coremod data in PotionCore-1.9_for_1.12.2.jar
[22:56:39] [main/DEBUG] [FML]: Examining for coremod candidacy potiondescriptions-1.12.2-1.2.4.jar
[22:56:39] [main/DEBUG] [FML]: Not found coremod data in potiondescriptions-1.12.2-1.2.4.jar
[22:56:39] [main/DEBUG] [FML]: Examining for coremod candidacy PotionFingers-r1.0-8.jar
[22:56:39] [main/DEBUG] [FML]: Not found coremod data in PotionFingers-r1.0-8.jar
[22:56:39] [main/DEBUG] [FML]: Examining for coremod candidacy PuzzlesLib-v8.1.24-1.20.1-Forge.jar
[22:56:39] [main/DEBUG] [FML]: Not found coremod data in PuzzlesLib-v8.1.24-1.20.1-Forge.jar
[22:56:39] [main/DEBUG] [FML]: Examining for coremod candidacy QualityTools-1.0.7_for_1.12.2.jar
[22:56:39] [main/DEBUG] [FML]: Not found coremod data in QualityTools-1.0.7_for_1.12.2.jar
[22:56:39] [main/DEBUG] [FML]: Examining for coremod candidacy Quark-4.0-460.jar
[22:56:39] [main/DEBUG] [FML]: Not found coremod data in Quark-4.0-460.jar
[22:56:39] [main/DEBUG] [FML]: Examining for coremod candidacy Quark-r1.6-179.jar
[22:56:39] [main/WARN] [FML]: Found FMLCorePluginContainsFMLMod marker in Quark-r1.6-179.jar. This is not recommended, @Mods should be in a separate jar from the coremod.
[22:56:39] [main/DEBUG] [FML]: Instantiating coremod class LoadingPlugin
[22:56:39] [main/TRACE] [FML]: coremod named Quark Plugin is loading
[22:56:39] [main/DEBUG] [FML]: The coremod vazkii.quark.base.asm.LoadingPlugin requested minecraft version 1.12.2 and minecraft is 1.12.2. It will be loaded.
[22:56:39] [main/WARN] [FML]: The coremod Quark Plugin (vazkii.quark.base.asm.LoadingPlugin) is not signed!
[22:56:39] [main/DEBUG] [FML]: Enqueued coremod Quark Plugin
[22:56:39] [main/DEBUG] [FML]: Examining for coremod candidacy radium-mc1.20.1-0.12.4+git.26c9d8e.jar
[22:56:39] [main/DEBUG] [FML]: Not found coremod data in radium-mc1.20.1-0.12.4+git.26c9d8e.jar
[22:56:39] [main/DEBUG] [FML]: Examining for coremod candidacy Raided-1.20.1-0.1.4.jar
[22:56:39] [main/DEBUG] [FML]: Not found coremod data in Raided-1.20.1-0.1.4.jar
[22:56:39] [main/DEBUG] [FML]: Examining for coremod candidacy ReachFix-1.12.2-1.0.10.jar
[22:56:39] [main/WARN] [FML]: Found FMLCorePluginContainsFMLMod marker in ReachFix-1.12.2-1.0.10.jar. This is not recommended, @Mods should be in a separate jar from the coremod.
[22:56:39] [main/DEBUG] [FML]: Instantiating coremod class ReachFixPlugin
[22:56:39] [main/DEBUG] [FML]: The coremod meldexun.reachfix.asm.ReachFixPlugin requested minecraft version 1.12.2 and minecraft is 1.12.2. It will be loaded.
[22:56:39] [main/WARN] [FML]: The coremod ReachFixPlugin (meldexun.reachfix.asm.ReachFixPlugin) is not signed!
[22:56:39] [main/DEBUG] [FML]: Enqueued coremod ReachFixPlugin
[22:56:39] [main/DEBUG] [FML]: Examining for coremod candidacy RealBench-1.12.2-1.3.3.jar
[22:56:39] [main/TRACE] [FML]: Adding RealBench-1.12.2-1.3.3.jar to the list of known coremods, it will not be examined again
[22:56:39] [main/DEBUG] [FML]: Instantiating coremod class RBLoadingPlugin
[22:56:39] [main/DEBUG] [FML]: The coremod pw.prok.realbench.asm.RBLoadingPlugin requested minecraft version 1.12.2 and minecraft is 1.12.2. It will be loaded.
[22:56:39] [main/WARN] [FML]: The coremod RBLoadingPlugin (pw.prok.realbench.asm.RBLoadingPlugin) is not signed!
[22:56:39] [main/DEBUG] [FML]: Added access transformer class pw.prok.realbench.asm.RBAccessTransformer to enqueued access transformers
[22:56:39] [main/DEBUG] [FML]: Enqueued coremod RBLoadingPlugin
[22:56:39] [main/DEBUG] [FML]: Examining for coremod candidacy RealisticTorches-1.12.2-2.1.2.jar
[22:56:39] [main/DEBUG] [FML]: Not found coremod data in RealisticTorches-1.12.2-2.1.2.jar
[22:56:39] [main/DEBUG] [FML]: Examining for coremod candidacy RebornCore-1.12.2-3.19.5-universal.jar
[22:56:39] [main/DEBUG] [FML]: Not found coremod data in RebornCore-1.12.2-3.19.5-universal.jar
[22:56:39] [main/DEBUG] [FML]: Examining for coremod candidacy recipeessentials-1.20.1-3.6.jar
[22:56:39] [main/DEBUG] [FML]: Not found coremod data in recipeessentials-1.20.1-3.6.jar
[22:56:39] [main/DEBUG] [FML]: Examining for coremod candidacy RecurrentComplex-1.4.8.6.jar
[22:56:39] [main/DEBUG] [FML]: Not found coremod data in RecurrentComplex-1.4.8.6.jar
[22:56:39] [main/DEBUG] [FML]: Examining for coremod candidacy redirector-5.0.0.jar
[22:56:39] [main/DEBUG] [FML]: Not found coremod data in redirector-5.0.0.jar
[22:56:39] [main/DEBUG] [FML]: Examining for coremod candidacy RenderLib-1.12.2-1.3.5.jar
[22:56:39] [main/DEBUG] [FML]: Mod RenderLib-1.12.2-1.3.5.jar has ModSide meta-inf value CLIENT, and we're SERVER It will be ignored
[22:56:39] [main/DEBUG] [FML]: Examining for coremod candidacy repurposed_structures-7.1.15+1.20.1-forge.jar
[22:56:39] [main/DEBUG] [FML]: Not found coremod data in repurposed_structures-7.1.15+1.20.1-forge.jar
[22:56:39] [main/DEBUG] [FML]: Examining for coremod candidacy Reskillable-1.12.2-1.13.0.jar
[22:56:39] [main/WARN] [FML]: Found FMLCorePluginContainsFMLMod marker in Reskillable-1.12.2-1.13.0.jar. This is not recommended, @Mods should be in a separate jar from the coremod.
[22:56:39] [main/DEBUG] [FML]: Instantiating coremod class LoadingPlugin
[22:56:39] [main/WARN] [FML]: The coremod codersafterdark.reskillable.base.asm.LoadingPlugin does not have a MCVersion annotation, it may cause issues with this version of Minecraft
[22:56:39] [main/WARN] [FML]: The coremod LoadingPlugin (codersafterdark.reskillable.base.asm.LoadingPlugin) is not signed!
[22:56:39] [main/DEBUG] [FML]: Enqueued coremod LoadingPlugin
[22:56:39] [main/DEBUG] [FML]: Examining for coremod candidacy resourcefullib-forge-1.20.1-2.1.29.jar
[22:56:39] [main/DEBUG] [FML]: Not found coremod data in resourcefullib-forge-1.20.1-2.1.29.jar
[22:56:39] [main/DEBUG] [FML]: Examining for coremod candidacy ResourceLoader-MC1.12.1-1.5.3.jar
[22:56:39] [main/WARN] [FML]: Found FMLCorePluginContainsFMLMod marker in ResourceLoader-MC1.12.1-1.5.3.jar. This is not recommended, @Mods should be in a separate jar from the coremod.
[22:56:39] [main/DEBUG] [FML]: Instantiating coremod class LoadingPlugin
[22:56:39] [main/WARN] [FML]: The coremod lumien.resourceloader.asm.LoadingPlugin does not have a MCVersion annotation, it may cause issues with this version of Minecraft
[22:56:39] [main/DEBUG] [FML]: Found signing certificates for coremod LoadingPlugin (lumien.resourceloader.asm.LoadingPlugin)
[22:56:39] [main/DEBUG] [FML]: Found certificate d72e0dd57935b3e9476212aea0c0df352dd76291
[22:56:39] [main/DEBUG] [FML]: Enqueued coremod LoadingPlugin
[22:56:39] [main/DEBUG] [FML]: Examining for coremod candidacy ResourcePackOverrides-v8.0.3-1.20.1-Forge.jar
[22:56:39] [main/DEBUG] [FML]: Not found coremod data in ResourcePackOverrides-v8.0.3-1.20.1-Forge.jar
[22:56:39] [main/DEBUG] [FML]: Examining for coremod candidacy revampedwolf-1.20.1-5.0.0.jar
[22:56:39] [main/DEBUG] [FML]: Not found coremod data in revampedwolf-1.20.1-5.0.0.jar
[22:56:39] [main/DEBUG] [FML]: Examining for coremod candidacy RLArtifacts-1.1.2.jar
[22:56:39] [main/DEBUG] [FML]: Not found coremod data in RLArtifacts-1.1.2.jar
[22:56:39] [main/DEBUG] [FML]: Examining for coremod candidacy RLCombat-1.12.2-2.2.1.jar
[22:56:39] [main/INFO] [FML]: Loading tweaker org.spongepowered.asm.launch.MixinTweaker from RLCombat-1.12.2-2.2.1.jar
[22:56:39] [main/DEBUG] [FML]: Examining for coremod candidacy RLFoliage-MC1.12-2.4.2.jar
[22:56:39] [main/WARN] [FML]: Found FMLCorePluginContainsFMLMod marker in RLFoliage-MC1.12-2.4.2.jar. This is not recommended, @Mods should be in a separate jar from the coremod.
[22:56:39] [main/DEBUG] [FML]: Instantiating coremod class BetterFoliageLoader
[22:56:39] [main/DEBUG] [FML]: The coremod mods.betterfoliage.loader.BetterFoliageLoader requested minecraft version 1.12.2 and minecraft is 1.12.2. It will be loaded.
[22:56:39] [main/WARN] [FML]: The coremod BetterFoliageLoader (mods.betterfoliage.loader.BetterFoliageLoader) is not signed!
[22:56:39] [main/DEBUG] [FML]: Enqueued coremod BetterFoliageLoader
[22:56:39] [main/DEBUG] [FML]: Examining for coremod candidacy RLMixins-1.3.13.jar
[22:56:39] [main/INFO] [FML]: Loading tweaker org.spongepowered.asm.launch.MixinTweaker from RLMixins-1.3.13.jar
[22:56:39] [main/DEBUG] [FML]: Examining for coremod candidacy RLTweaker-1.12.2-0.6.5.jar
[22:56:39] [main/WARN] [FML]: Found FMLCorePluginContainsFMLMod marker in RLTweaker-1.12.2-0.6.5.jar. This is not recommended, @Mods should be in a separate jar from the coremod.
[22:56:39] [main/DEBUG] [FML]: Instantiating coremod class CoreLoader
[22:56:39] [main/TRACE] [FML]: coremod named RLTweaker ASM is loading
[22:56:39] [main/WARN] [FML]: The coremod com.charles445.rltweaker.asm.CoreLoader does not have a MCVersion annotation, it may cause issues with this version of Minecraft
[22:56:39] [main/WARN] [FML]: The coremod RLTweaker ASM (com.charles445.rltweaker.asm.CoreLoader) is not signed!
[22:56:39] [main/DEBUG] [FML]: Enqueued coremod RLTweaker ASM
[22:56:39] [main/DEBUG] [FML]: Examining for coremod candidacy RoguelikeDungeonsFnarEdition-1.12.2-2.4.6.jar
[22:56:39] [main/DEBUG] [FML]: Not found coremod data in RoguelikeDungeonsFnarEdition-1.12.2-2.4.6.jar
[22:56:39] [main/DEBUG] [FML]: Examining for coremod candidacy roughTweaks0.2.4-1.12.2.jar
[22:56:39] [main/DEBUG] [FML]: Not found coremod data in roughTweaks0.2.4-1.12.2.jar
[22:56:39] [main/DEBUG] [FML]: Examining for coremod candidacy rustic-1.1.7.jar
[22:56:39] [main/DEBUG] [FML]: Not found coremod data in rustic-1.1.7.jar
[22:56:39] [main/DEBUG] [FML]: Examining for coremod candidacy sawmill-1.20-1.4.3.jar
[22:56:39] [main/DEBUG] [FML]: Not found coremod data in sawmill-1.20-1.4.3.jar
[22:56:39] [main/DEBUG] [FML]: Examining for coremod candidacy ScalingHealth-1.12.2-1.3.42+147.jar
[22:56:39] [main/DEBUG] [FML]: Not found coremod data in ScalingHealth-1.12.2-1.3.42+147.jar
[22:56:39] [main/DEBUG] [FML]: Examining for coremod candidacy Searchables-forge-1.20.1-1.0.3.jar
[22:56:39] [main/DEBUG] [FML]: Not found coremod data in Searchables-forge-1.20.1-1.0.3.jar
[22:56:39] [main/DEBUG] [FML]: Examining for coremod candidacy SereneSeasons-1.12.2-1.2.18-universal.jar
[22:56:39] [main/WARN] [FML]: Found FMLCorePluginContainsFMLMod marker in SereneSeasons-1.12.2-1.2.18-universal.jar. This is not recommended, @Mods should be in a separate jar from the coremod.
[22:56:39] [main/DEBUG] [FML]: Instantiating coremod class SSLoadingPlugin
[22:56:39] [main/WARN] [FML]: The coremod sereneseasons.asm.SSLoadingPlugin does not have a MCVersion annotation, it may cause issues with this version of Minecraft
[22:56:39] [main/WARN] [FML]: The coremod SSLoadingPlugin (sereneseasons.asm.SSLoadingPlugin) is not signed!
[22:56:39] [main/DEBUG] [FML]: Enqueued coremod SSLoadingPlugin
[22:56:39] [main/DEBUG] [FML]: Examining for coremod candidacy SereneSeasons-forge-1.20.1-9.1.0.0.jar
[22:56:39] [main/DEBUG] [FML]: Not found coremod data in SereneSeasons-forge-1.20.1-9.1.0.0.jar
[22:56:39] [main/DEBUG] [FML]: Examining for coremod candidacy sereneseasonsfix-1.20.2-1.1.0.1.jar
[22:56:39] [main/DEBUG] [FML]: Not found coremod data in sereneseasonsfix-1.20.2-1.1.0.1.jar
[22:56:39] [main/DEBUG] [FML]: Examining for coremod candidacy ServerBrowser-1.20.1-FORGE-1.3.0.jar
[22:56:39] [main/DEBUG] [FML]: Not found coremod data in ServerBrowser-1.20.1-FORGE-1.3.0.jar
[22:56:39] [main/DEBUG] [FML]: Examining for coremod candidacy servercore-forge-1.5.1+1.20.1.jar
[22:56:39] [main/DEBUG] [FML]: Not found coremod data in servercore-forge-1.5.1+1.20.1.jar
[22:56:39] [main/DEBUG] [FML]: Examining for coremod candidacy SetBonus-1.12.2.020.jar
[22:56:39] [main/DEBUG] [FML]: Not found coremod data in SetBonus-1.12.2.020.jar
[22:56:39] [main/DEBUG] [FML]: Examining for coremod candidacy ShieldBreak-1.1.3.jar
[22:56:39] [main/DEBUG] [FML]: Not found coremod data in ShieldBreak-1.1.3.jar
[22:56:39] [main/DEBUG] [FML]: Examining for coremod candidacy ShieldExpansion-1.20.1-1.1.7a.jar
[22:56:39] [main/DEBUG] [FML]: Not found coremod data in ShieldExpansion-1.20.1-1.1.7a.jar
[22:56:39] [main/DEBUG] [FML]: Examining for coremod candidacy SilentLib-1.12.2-3.0.14+168.jar
[22:56:39] [main/DEBUG] [FML]: Not found coremod data in SilentLib-1.12.2-3.0.14+168.jar
[22:56:39] [main/DEBUG] [FML]: Examining for coremod candidacy SimpleDifficulty-1.12.2-0.3.9.jar
[22:56:39] [main/WARN] [FML]: Found FMLCorePluginContainsFMLMod marker in SimpleDifficulty-1.12.2-0.3.9.jar. This is not recommended, @Mods should be in a separate jar from the coremod.
[22:56:39] [main/DEBUG] [FML]: Instantiating coremod class CoreLoader
[22:56:39] [main/TRACE] [FML]: coremod named SimpleDifficulty ASM is loading
[22:56:39] [main/WARN] [FML]: The coremod com.charles445.simpledifficulty.asm.CoreLoader does not have a MCVersion annotation, it may cause issues with this version of Minecraft
[22:56:39] [main/WARN] [FML]: The coremod SimpleDifficulty ASM (com.charles445.simpledifficulty.asm.CoreLoader) is not signed!
[22:56:39] [main/DEBUG] [FML]: Enqueued coremod SimpleDifficulty ASM
[22:56:39] [main/DEBUG] [FML]: Examining for coremod candidacy SimpleStorageNetwork-1.20.1-1.11.3.jar
[22:56:39] [main/DEBUG] [FML]: Not found coremod data in SimpleStorageNetwork-1.20.1-1.11.3.jar
[22:56:39] [main/DEBUG] [FML]: Examining for coremod candidacy sit-1.12.2-v1.3.jar
[22:56:39] [main/DEBUG] [FML]: Not found coremod data in sit-1.12.2-v1.3.jar
[22:56:39] [main/DEBUG] [FML]: Examining for coremod candidacy smarterfarmers-1.20-2.1.0.jar
[22:56:39] [main/DEBUG] [FML]: Not found coremod data in smarterfarmers-1.20-2.1.0.jar
[22:56:39] [main/DEBUG] [FML]: Examining for coremod candidacy smoothchunk-1.20.1-3.6.jar
[22:56:39] [main/DEBUG] [FML]: Not found coremod data in smoothchunk-1.20.1-3.6.jar
[22:56:39] [main/DEBUG] [FML]: Examining for coremod candidacy SnowRealMagic-1.12.2-0.7.1.jar
[22:56:39] [main/INFO] [FML]: Loading tweaker org.spongepowered.asm.launch.MixinTweaker from SnowRealMagic-1.12.2-0.7.1.jar
[22:56:39] [main/DEBUG] [FML]: Examining for coremod candidacy SnowRealMagic-1.20.1-Forge-10.5.2.jar
[22:56:39] [main/DEBUG] [FML]: Not found coremod data in SnowRealMagic-1.20.1-Forge-10.5.2.jar
[22:56:39] [main/DEBUG] [FML]: Examining for coremod candidacy snowundertrees-1.20.1-1.4.5.jar
[22:56:39] [main/DEBUG] [FML]: Not found coremod data in snowundertrees-1.20.1-1.4.5.jar
[22:56:39] [main/DEBUG] [FML]: Examining for coremod candidacy SoManyEnchantments-0.5.5.jar
[22:56:39] [main/WARN] [FML]: Found FMLCorePluginContainsFMLMod marker in SoManyEnchantments-0.5.5.jar. This is not recommended, @Mods should be in a separate jar from the coremod.
[22:56:39] [main/DEBUG] [FML]: Instantiating coremod class CoreLoader
[22:56:39] [main/TRACE] [FML]: coremod named SoManyEnchantments ASM is loading
[22:56:39] [main/WARN] [FML]: The coremod com.Shultrea.Rin.Transformer.CoreLoader does not have a MCVersion annotation, it may cause issues with this version of Minecraft
[22:56:39] [main/WARN] [FML]: The coremod SoManyEnchantments ASM (com.Shultrea.Rin.Transformer.CoreLoader) is not signed!
[22:56:39] [main/DEBUG] [FML]: Enqueued coremod SoManyEnchantments ASM
[22:56:39] [main/DEBUG] [FML]: Examining for coremod candidacy sound-physics-remastered-forge-1.20.1-1.4.5.jar
[22:56:39] [main/DEBUG] [FML]: Not found coremod data in sound-physics-remastered-forge-1.20.1-1.4.5.jar
[22:56:39] [main/DEBUG] [FML]: Examining for coremod candidacy SoundFilters-0.12.1_for_1.12.jar
[22:56:39] [main/DEBUG] [FML]: Not found coremod data in SoundFilters-0.12.1_for_1.12.jar
[22:56:39] [main/DEBUG] [FML]: Examining for coremod candidacy spark-1.10.53-forge.jar
[22:56:39] [main/DEBUG] [FML]: Not found coremod data in spark-1.10.53-forge.jar
[22:56:39] [main/DEBUG] [FML]: Examining for coremod candidacy spark-unforged-1.11.2-forge.jar
[22:56:39] [main/INFO] [FML]: Loading tweaker org.spongepowered.asm.launch.MixinTweaker from spark-unforged-1.11.2-forge.jar
[22:56:39] [main/DEBUG] [FML]: Examining for coremod candidacy sparsestructuresreforged-1.20.1-0.0.1.jar
[22:56:39] [main/DEBUG] [FML]: Not found coremod data in sparsestructuresreforged-1.20.1-0.0.1.jar
[22:56:39] [main/DEBUG] [FML]: Examining for coremod candidacy spartandefiled-1.12.2-1.2.jar
[22:56:39] [main/DEBUG] [FML]: Not found coremod data in spartandefiled-1.12.2-1.2.jar
[22:56:39] [main/DEBUG] [FML]: Examining for coremod candidacy spartanfire_rlcraft-1.3.2.jar
[22:56:39] [main/DEBUG] [FML]: Not found coremod data in spartanfire_rlcraft-1.3.2.jar
[22:56:39] [main/DEBUG] [FML]: Examining for coremod candidacy SpartanHUDBaubles-1.12.2-1.0.0.jar
[22:56:39] [main/DEBUG] [FML]: Not found coremod data in SpartanHUDBaubles-1.12.2-1.0.0.jar
[22:56:39] [main/DEBUG] [FML]: Examining for coremod candidacy SpartanShields-1.12.2-1.5.5.jar
[22:56:39] [main/DEBUG] [FML]: Not found coremod data in SpartanShields-1.12.2-1.5.5.jar
[22:56:39] [main/DEBUG] [FML]: Examining for coremod candidacy SpartanWeaponry-1.12.2-1.6.0.jar
[22:56:39] [main/INFO] [FML]: Loading tweaker org.spongepowered.asm.launch.MixinTweaker from SpartanWeaponry-1.12.2-1.6.0.jar
[22:56:39] [main/DEBUG] [FML]: Examining for coremod candidacy SpawnerControl-1.6.3b.jar
[22:56:39] [main/DEBUG] [FML]: Not found coremod data in SpawnerControl-1.6.3b.jar
[22:56:39] [main/DEBUG] [FML]: Examining for coremod candidacy spawnersplus-4.0-1.20.1.jar
[22:56:39] [main/DEBUG] [FML]: Not found coremod data in spawnersplus-4.0-1.20.1.jar
[22:56:39] [main/DEBUG] [FML]: Examining for coremod candidacy SRParasites-1.12.2v1.9.21.jar
[22:56:39] [main/DEBUG] [FML]: Not found coremod data in SRParasites-1.12.2v1.9.21.jar
[22:56:39] [main/DEBUG] [FML]: Examining for coremod candidacy stalwart-dungeons-1.20.1-1.2.8.jar
[22:56:39] [main/DEBUG] [FML]: Not found coremod data in stalwart-dungeons-1.20.1-1.2.8.jar
[22:56:39] [main/DEBUG] [FML]: Examining for coremod candidacy StandardExpansion-3.4.173.jar
[22:56:39] [main/DEBUG] [FML]: Not found coremod data in StandardExpansion-3.4.173.jar
[22:56:39] [main/DEBUG] [FML]: Examining for coremod candidacy Stoneworks-v8.0.0-1.20.1-Forge.jar
[22:56:39] [main/DEBUG] [FML]: Not found coremod data in Stoneworks-v8.0.0-1.20.1-Forge.jar
[22:56:39] [main/DEBUG] [FML]: Examining for coremod candidacy Stony Cliffs FML v1.1.2.jar
[22:56:39] [main/DEBUG] [FML]: Examining for coremod candidacy Structory_1.20.x_v1.3.5.jar
[22:56:39] [main/DEBUG] [FML]: Not found coremod data in Structory_1.20.x_v1.3.5.jar
[22:56:39] [main/DEBUG] [FML]: Examining for coremod candidacy Structory_Towers_1.20.x_v1.0.7.jar
[22:56:39] [main/DEBUG] [FML]: Not found coremod data in Structory_Towers_1.20.x_v1.0.7.jar
[22:56:39] [main/DEBUG] [FML]: Examining for coremod candidacy structure_gel-1.20.1-2.16.2.jar
[22:56:39] [main/DEBUG] [FML]: Not found coremod data in structure_gel-1.20.1-2.16.2.jar
[22:56:39] [main/DEBUG] [FML]: Examining for coremod candidacy structureessentials-1.20.1-3.4.jar
[22:56:39] [main/DEBUG] [FML]: Not found coremod data in structureessentials-1.20.1-3.4.jar
[22:56:39] [main/DEBUG] [FML]: Examining for coremod candidacy supplementaries-1.20-2.8.17.jar
[22:56:39] [main/DEBUG] [FML]: Not found coremod data in supplementaries-1.20-2.8.17.jar
[22:56:39] [main/DEBUG] [FML]: Examining for coremod candidacy suppsquared-1.20-1.1.15.jar
[22:56:39] [main/DEBUG] [FML]: Not found coremod data in suppsquared-1.20-1.1.15.jar
[22:56:39] [main/DEBUG] [FML]: Examining for coremod candidacy Surge-1.12.2-2.0.79.jar
[22:56:39] [main/INFO] [FML]: Loading tweaker org.spongepowered.asm.launch.MixinTweaker from Surge-1.12.2-2.0.79.jar
[22:56:39] [main/DEBUG] [FML]: Examining for coremod candidacy switchbow-1.6.8.jar
[22:56:39] [main/DEBUG] [FML]: Not found coremod data in switchbow-1.6.8.jar
[22:56:39] [main/DEBUG] [FML]: Examining for coremod candidacy takesapillage-1.0.3-1.20.1.jar
[22:56:39] [main/DEBUG] [FML]: Not found coremod data in takesapillage-1.0.3-1.20.1.jar
[22:56:39] [main/DEBUG] [FML]: Examining for coremod candidacy temporalapi-1.6.7.jar
[22:56:39] [main/DEBUG] [FML]: Not found coremod data in temporalapi-1.6.7.jar
[22:56:39] [main/DEBUG] [FML]: Examining for coremod candidacy TerraBlender-forge-1.20.1-3.0.1.7.jar
[22:56:39] [main/DEBUG] [FML]: Not found coremod data in TerraBlender-forge-1.20.1-3.0.1.7.jar
[22:56:39] [main/DEBUG] [FML]: Examining for coremod candidacy the-conjurer-1.20.1-1.1.6.jar
[22:56:39] [main/DEBUG] [FML]: Not found coremod data in the-conjurer-1.20.1-1.1.6.jar
[22:56:39] [main/DEBUG] [FML]: Examining for coremod candidacy tnt_utilities-mc1.12-1.2.3.jar
[22:56:39] [main/WARN] [FML]: Found FMLCorePluginContainsFMLMod marker in tnt_utilities-mc1.12-1.2.3.jar. This is not recommended, @Mods should be in a separate jar from the coremod.
[22:56:39] [main/DEBUG] [FML]: Instantiating coremod class TntuPlugin
[22:56:39] [main/TRACE] [FML]: coremod named TNTUtilities Core is loading
[22:56:39] [main/WARN] [FML]: The coremod ljfa.tntutils.asm.TntuPlugin does not have a MCVersion annotation, it may cause issues with this version of Minecraft
[22:56:39] [main/DEBUG] [FML]: Found signing certificates for coremod TNTUtilities Core (ljfa.tntutils.asm.TntuPlugin)
[22:56:39] [main/DEBUG] [FML]: Found certificate 21d11d7bf4d97b465382a1f95428029aac6daaea
[22:56:39] [main/DEBUG] [FML]: Enqueued coremod TNTUtilities Core
[22:56:39] [main/DEBUG] [FML]: Examining for coremod candidacy Toast Control-1.12.2-1.8.1.jar
[22:56:39] [main/DEBUG] [FML]: Not found coremod data in Toast Control-1.12.2-1.8.1.jar
[22:56:39] [main/DEBUG] [FML]: Examining for coremod candidacy toofast-1.20-0.4.3.5.jar
[22:56:39] [main/DEBUG] [FML]: Not found coremod data in toofast-1.20-0.4.3.5.jar
[22:56:39] [main/DEBUG] [FML]: Examining for coremod candidacy ToolBelt-1.12.2-1.9.14.jar
[22:56:39] [main/DEBUG] [FML]: Not found coremod data in ToolBelt-1.12.2-1.9.14.jar
[22:56:39] [main/DEBUG] [FML]: Examining for coremod candidacy Towns-and-Towers-1.12-Fabric+Forge.jar
[22:56:39] [main/DEBUG] [FML]: Not found coremod data in Towns-and-Towers-1.12-Fabric+Forge.jar
[22:56:39] [main/DEBUG] [FML]: Examining for coremod candidacy TradingPost-v8.0.2-1.20.1-Forge.jar
[22:56:39] [main/DEBUG] [FML]: Not found coremod data in TradingPost-v8.0.2-1.20.1-Forge.jar
[22:56:39] [main/DEBUG] [FML]: Examining for coremod candidacy transparent-forge-8.0.1+1.20.1.jar
[22:56:39] [main/DEBUG] [FML]: Not found coremod data in transparent-forge-8.0.1+1.20.1.jar
[22:56:39] [main/DEBUG] [FML]: Examining for coremod candidacy Traverse-1.12.2-1.6.0-69.jar
[22:56:39] [main/DEBUG] [FML]: Not found coremod data in Traverse-1.12.2-1.6.0-69.jar
[22:56:39] [main/DEBUG] [FML]: Examining for coremod candidacy Trinkets and Baubles-0.32.5.jar
[22:56:39] [main/DEBUG] [FML]: Not found coremod data in Trinkets and Baubles-0.32.5.jar
[22:56:39] [main/DEBUG] [FML]: Examining for coremod candidacy trumpetskeleton-1.12-1.0.2.1.jar
[22:56:39] [main/DEBUG] [FML]: Not found coremod data in trumpetskeleton-1.12-1.0.2.1.jar
[22:56:39] [main/DEBUG] [FML]: Examining for coremod candidacy tschipplib-1.12.2-1.1.7.jar
[22:56:39] [main/DEBUG] [FML]: Not found coremod data in tschipplib-1.12.2-1.1.7.jar
[22:56:39] [main/DEBUG] [FML]: Examining for coremod candidacy tumbleweed-1.12-0.4.7.jar
[22:56:39] [main/DEBUG] [FML]: Not found coremod data in tumbleweed-1.12-0.4.7.jar
[22:56:39] [main/DEBUG] [FML]: Examining for coremod candidacy Twigs-1.20.1-3.1.0.jar
[22:56:39] [main/DEBUG] [FML]: Not found coremod data in Twigs-1.20.1-3.1.0.jar
[22:56:39] [main/DEBUG] [FML]: Examining for coremod candidacy twilightdelight-2.0.13.jar
[22:56:39] [main/DEBUG] [FML]: Not found coremod data in twilightdelight-2.0.13.jar
[22:56:39] [main/DEBUG] [FML]: Examining for coremod candidacy twilightforest-1.20.1-4.3.2508-universal.jar
[22:56:39] [main/DEBUG] [FML]: Not found coremod data in twilightforest-1.20.1-4.3.2508-universal.jar
[22:56:39] [main/DEBUG] [FML]: Examining for coremod candidacy ucrashedlol-0.0.3+1.20.1.jar
[22:56:39] [main/DEBUG] [FML]: Not found coremod data in ucrashedlol-0.0.3+1.20.1.jar
[22:56:39] [main/DEBUG] [FML]: Examining for coremod candidacy umbral_skies-1.3.jar
[22:56:39] [main/DEBUG] [FML]: Not found coremod data in umbral_skies-1.3.jar
[22:56:39] [main/DEBUG] [FML]: Examining for coremod candidacy Underneath-1.4.jar
[22:56:39] [main/DEBUG] [FML]: Not found coremod data in Underneath-1.4.jar
[22:56:39] [main/DEBUG] [FML]: Examining for coremod candidacy v_slab_compat-1.20-2.4.jar
[22:56:39] [main/DEBUG] [FML]: Not found coremod data in v_slab_compat-1.20-2.4.jar
[22:56:39] [main/DEBUG] [FML]: Examining for coremod candidacy VariedCommodities_1.12.2-(31Mar23).jar
[22:56:39] [main/DEBUG] [FML]: Not found coremod data in VariedCommodities_1.12.2-(31Mar23).jar
[22:56:39] [main/DEBUG] [FML]: Examining for coremod candidacy veinmining-forge-1.5.0+1.20.1.jar
[22:56:39] [main/DEBUG] [FML]: Not found coremod data in veinmining-forge-1.5.0+1.20.1.jar
[22:56:39] [main/DEBUG] [FML]: Examining for coremod candidacy VerticallyStackedDimensions-1.12.2-0.1.9.jar
[22:56:39] [main/WARN] [FML]: Found FMLCorePluginContainsFMLMod marker in VerticallyStackedDimensions-1.12.2-0.1.9.jar. This is not recommended, @Mods should be in a separate jar from the coremod.
[22:56:39] [main/DEBUG] [FML]: Instantiating coremod class CorePlugin
[22:56:39] [main/TRACE] [FML]: coremod named Vertically Stacked Dimensions ASM is loading
[22:56:39] [main/DEBUG] [FML]: The coremod cd4017be.dimstack.asm.CorePlugin requested minecraft version 1.12.2 and minecraft is 1.12.2. It will be loaded.
[22:56:39] [main/WARN] [FML]: The coremod Vertically Stacked Dimensions ASM (cd4017be.dimstack.asm.CorePlugin) is not signed!
[22:56:39] [main/DEBUG] [FML]: Enqueued coremod Vertically Stacked Dimensions ASM
[22:56:39] [main/DEBUG] [FML]: Examining for coremod candidacy villagernames-1.20.1-8.1.jar
[22:56:39] [main/DEBUG] [FML]: Not found coremod data in villagernames-1.20.1-8.1.jar
[22:56:39] [main/DEBUG] [FML]: Examining for coremod candidacy VillagersPlus_3.1_(FORGE)_for_1.20.1.jar
[22:56:39] [main/DEBUG] [FML]: Not found coremod data in VillagersPlus_3.1_(FORGE)_for_1.20.1.jar
[22:56:39] [main/DEBUG] [FML]: Examining for coremod candidacy villagesandpillages-forge-mc1.20.1-1.0.1.jar
[22:56:39] [main/DEBUG] [FML]: Not found coremod data in villagesandpillages-forge-mc1.20.1-1.0.1.jar
[22:56:39] [main/DEBUG] [FML]: Examining for coremod candidacy visuality-forge-2.0.2.jar
[22:56:39] [main/DEBUG] [FML]: Not found coremod data in visuality-forge-2.0.2.jar
[22:56:39] [main/DEBUG] [FML]: Examining for coremod candidacy VisualWorkbench-v8.0.0-1.20.1-Forge.jar
[22:56:39] [main/DEBUG] [FML]: Not found coremod data in VisualWorkbench-v8.0.0-1.20.1-Forge.jar
[22:56:39] [main/DEBUG] [FML]: Examining for coremod candidacy voidtotem-forge-1.20-3.0.1.jar
[22:56:39] [main/DEBUG] [FML]: Not found coremod data in voidtotem-forge-1.20-3.0.1.jar
[22:56:39] [main/DEBUG] [FML]: Examining for coremod candidacy watut-forge-1.20.1-1.1.3.jar
[22:56:39] [main/DEBUG] [FML]: Not found coremod data in watut-forge-1.20.1-1.1.3.jar
[22:56:39] [main/DEBUG] [FML]: Examining for coremod candidacy waystones-forge-1.20-14.1.6.jar
[22:56:39] [main/DEBUG] [FML]: Not found coremod data in waystones-forge-1.20-14.1.6.jar
[22:56:39] [main/DEBUG] [FML]: Examining for coremod candidacy Waystones_1.12.2-4.1.0.jar
[22:56:39] [main/DEBUG] [FML]: Not found coremod data in Waystones_1.12.2-4.1.0.jar
[22:56:39] [main/DEBUG] [FML]: Examining for coremod candidacy WearableBackpacks-RLCraft-1.12.2-3.2.6.jar
[22:56:39] [main/DEBUG] [FML]: Not found coremod data in WearableBackpacks-RLCraft-1.12.2-3.2.6.jar
[22:56:39] [main/DEBUG] [FML]: Examining for coremod candidacy whatareyouvotingfor2023-1.20.1-1.2.5.jar
[22:56:39] [main/DEBUG] [FML]: Not found coremod data in whatareyouvotingfor2023-1.20.1-1.2.5.jar
[22:56:39] [main/DEBUG] [FML]: Examining for coremod candidacy wither_spawn_fix-1.0.0.jar
[22:56:39] [main/DEBUG] [FML]: Not found coremod data in wither_spawn_fix-1.0.0.jar
[22:56:39] [main/DEBUG] [FML]: Examining for coremod candidacy WolfArmorAndStorage-3.8.1+1.12.2.alpha.1-SNAPSHOT-signed.jar
[22:56:39] [main/INFO] [FML]: Loading tweaker org.spongepowered.asm.launch.MixinTweaker from WolfArmorAndStorage-3.8.1+1.12.2.alpha.1-SNAPSHOT-signed.jar
[22:56:39] [main/DEBUG] [FML]: Examining for coremod candidacy Xaeros_Minimap_24.5.0_Forge_1.20.jar
[22:56:39] [main/DEBUG] [FML]: Not found coremod data in Xaeros_Minimap_24.5.0_Forge_1.20.jar
[22:56:39] [main/DEBUG] [FML]: Examining for coremod candidacy XaerosWorldMap_1.39.0_Forge_1.20.jar
[22:56:39] [main/DEBUG] [FML]: Not found coremod data in XaerosWorldMap_1.39.0_Forge_1.20.jar
[22:56:39] [main/DEBUG] [FML]: Examining for coremod candidacy XPFromHarvest-1.12.2-1.2.0.jar
[22:56:39] [main/DEBUG] [FML]: Not found coremod data in XPFromHarvest-1.12.2-1.2.0.jar
[22:56:39] [main/DEBUG] [FML]: Examining for coremod candidacy xptome-1.12.2-v1.1.6.jar
[22:56:39] [main/DEBUG] [FML]: Not found coremod data in xptome-1.12.2-v1.1.6.jar
[22:56:39] [main/DEBUG] [FML]: Examining for coremod candidacy xptome-1.20.1-2.2.1.jar
[22:56:39] [main/DEBUG] [FML]: Not found coremod data in xptome-1.20.1-2.2.1.jar
[22:56:39] [main/DEBUG] [FML]: Examining for coremod candidacy YouShallNotSpawn-forge-1.20.x-2.0.2.jar
[22:56:39] [main/DEBUG] [FML]: Not found coremod data in YouShallNotSpawn-forge-1.20.x-2.0.2.jar
[22:56:39] [main/DEBUG] [FML]: Examining for coremod candidacy YungsApi-1.20-Forge-4.0.6.jar
[22:56:39] [main/DEBUG] [FML]: Not found coremod data in YungsApi-1.20-Forge-4.0.6.jar
[22:56:39] [main/DEBUG] [FML]: Examining for coremod candidacy YungsBetterDungeons-1.20-Forge-4.0.4.jar
[22:56:39] [main/DEBUG] [FML]: Not found coremod data in YungsBetterDungeons-1.20-Forge-4.0.4.jar
[22:56:39] [main/DEBUG] [FML]: Examining for coremod candidacy YungsBetterEndIsland-1.20-Forge-2.0.6.jar
[22:56:39] [main/DEBUG] [FML]: Not found coremod data in YungsBetterEndIsland-1.20-Forge-2.0.6.jar
[22:56:39] [main/DEBUG] [FML]: Examining for coremod candidacy YungsBetterJungleTemples-1.20-Forge-2.0.5.jar
[22:56:39] [main/DEBUG] [FML]: Not found coremod data in YungsBetterJungleTemples-1.20-Forge-2.0.5.jar
[22:56:39] [main/DEBUG] [FML]: Examining for coremod candidacy YungsBetterMineshafts-1.20-Forge-4.0.4.jar
[22:56:39] [main/DEBUG] [FML]: Not found coremod data in YungsBetterMineshafts-1.20-Forge-4.0.4.jar
[22:56:39] [main/DEBUG] [FML]: Examining for coremod candidacy YungsBetterNetherFortresses-1.20-Forge-2.0.6.jar
[22:56:39] [main/DEBUG] [FML]: Not found coremod data in YungsBetterNetherFortresses-1.20-Forge-2.0.6.jar
[22:56:39] [main/DEBUG] [FML]: Examining for coremod candidacy YungsBetterOceanMonuments-1.20-Forge-3.0.4.jar
[22:56:39] [main/DEBUG] [FML]: Not found coremod data in YungsBetterOceanMonuments-1.20-Forge-3.0.4.jar
[22:56:39] [main/DEBUG] [FML]: Examining for coremod candidacy YungsBetterStrongholds-1.20-Forge-4.0.3.jar
[22:56:39] [main/DEBUG] [FML]: Not found coremod data in YungsBetterStrongholds-1.20-Forge-4.0.3.jar
[22:56:39] [main/DEBUG] [FML]: Examining for coremod candidacy YungsBetterWitchHuts-1.20-Forge-3.0.3.jar
[22:56:39] [main/DEBUG] [FML]: Not found coremod data in YungsBetterWitchHuts-1.20-Forge-3.0.3.jar
[22:56:39] [main/DEBUG] [FML]: Examining for coremod candidacy YungsBridges-1.20-Forge-4.0.3.jar
[22:56:39] [main/DEBUG] [FML]: Not found coremod data in YungsBridges-1.20-Forge-4.0.3.jar
[22:56:39] [main/DEBUG] [FML]: Examining for coremod candidacy YungsCaveBiomes-1.20.1-Forge-2.0.1.jar
[22:56:39] [main/DEBUG] [FML]: Not found coremod data in YungsCaveBiomes-1.20.1-Forge-2.0.1.jar
[22:56:39] [main/DEBUG] [FML]: Examining for coremod candidacy YungsLaw-1.12.2-1.0.4.jar
[22:56:39] [main/DEBUG] [FML]: Not found coremod data in YungsLaw-1.12.2-1.0.4.jar
[22:56:39] [main/DEBUG] [FML]: Examining for coremod candidacy Zeta-1.0-24.jar
[22:56:39] [main/DEBUG] [FML]: Not found coremod data in Zeta-1.0-24.jar
[22:56:39] [main/DEBUG] [FML]: Examining for coremod candidacy DynamicSurroundingsHuds-1.12.2-3.6.0.0.jar
[22:56:39] [main/DEBUG] [FML]: Not found coremod data in DynamicSurroundingsHuds-1.12.2-3.6.0.0.jar
[22:56:39] [main/DEBUG] [FML]: Examining for coremod candidacy mcjtytools-0.0.21.jar
[22:56:39] [main/DEBUG] [FML]: Not found coremod data in mcjtytools-0.0.21.jar
[22:56:39] [main/DEBUG] [FML]: Examining for coremod candidacy Kiwi-1.12.2-0.5.3.32.jar
[22:56:39] [main/DEBUG] [FML]: Not found coremod data in Kiwi-1.12.2-0.5.3.32.jar
[22:56:39] [main/DEBUG] [FML]: Examining for coremod candidacy llibrary-core-1.0.11-1.12.2.jar
[22:56:39] [main/TRACE] [FML]: Adding llibrary-core-1.0.11-1.12.2.jar to the list of known coremods, it will not be examined again
[22:56:39] [main/DEBUG] [FML]: Instantiating coremod class LLibraryPlugin
[22:56:39] [main/TRACE] [FML]: coremod named llibrary is loading
[22:56:39] [main/DEBUG] [FML]: The coremod net.ilexiconn.llibrary.server.core.plugin.LLibraryPlugin requested minecraft version 1.12.2 and minecraft is 1.12.2. It will be loaded.
[22:56:39] [main/DEBUG] [FML]: Found signing certificates for coremod llibrary (net.ilexiconn.llibrary.server.core.plugin.LLibraryPlugin)
[22:56:39] [main/DEBUG] [FML]: Found certificate b9f30a813bee3b9dd5652c460310cfcd54f6b7ec
[22:56:39] [main/DEBUG] [FML]: Enqueued coremod llibrary
[22:56:39] [main/DEBUG] [FML]: Examining for coremod candidacy llibrary-1.7.20-1.12.2.jar
[22:56:39] [main/DEBUG] [FML]: Not found coremod data in llibrary-1.7.20-1.12.2.jar
[22:56:39] [main/DEBUG] [FML]: Examining for coremod candidacy OreLib-1.12.2-3.6.0.1.jar
[22:56:39] [main/DEBUG] [FML]: Not found coremod data in OreLib-1.12.2-3.6.0.1.jar
[22:56:39] [main/DEBUG] [FML]: Examining for coremod candidacy phosphor-1.12.2-0.2.6+build50-universal.jar
[22:56:39] [main/INFO] [FML]: Loading tweaker org.spongepowered.asm.launch.MixinTweaker from phosphor-1.12.2-0.2.6+build50-universal.jar
[22:56:39] [main/INFO] [LaunchWrapper]: Loading tweak class name net.minecraftforge.fml.common.launcher.FMLInjectionAndSortingTweaker
[22:56:39] [main/INFO] [LaunchWrapper]: Loading tweak class name net.jan.moddirector.launchwrapper.ModDirectorTweaker
[22:56:39] [main/WARN] [ModDirector[CORE]]: Successfully replaced CA certificates with updated ones!
[22:56:39] [main/INFO] [ModDirector[CORE]]: Mod director loaded!
[22:56:39] [main/DEBUG] [ModDirector/SideDetermination[Launchwrapper]]: Trying to determine side...
[22:56:39] [main/DEBUG] [ModDirector/SideDetermination[Launchwrapper]]: Unable to find minecraft client main class, assuming we are running on a server!
[22:56:39] [main/INFO] [ModDirector/Tweaker[Launchwrapper]]: ModDirector bootstrapped from Launchwrapper!
[22:56:39] [main/INFO] [LaunchWrapper]: Loading tweak class name org.spongepowered.asm.launch.MixinTweaker
[22:56:39] [main/DEBUG] [mixin]: Mixin bootstrap service org.spongepowered.asm.service.modlauncher.MixinServiceModLauncherBootstrap is not available: ModLauncher is not available
[22:56:39] [main/DEBUG] [mixin]: MixinService [LaunchWrapper] was successfully booted in sun.misc.Launcher$AppClassLoader@4aa298b7
[22:56:39] [main/INFO] [mixin]: SpongePowered MIXIN Subsystem Version=0.8 Source=file:/C:/Users/frank/OneDrive/Desktop/mc-server-share-mod1/server1.20.4/./mods/%5B___MixinCompat-1.1-1.12.2___%5D.jar Service=LaunchWrapper Env=SERVER
[22:56:39] [main/DEBUG] [mixin]: Error cleaning class output directory: .mixin.out\class: failed to delete one or more files; see suppressed exceptions for details
[22:56:39] [main/DEBUG] [mixin]: Adding new mixin transformer proxy #1
[22:56:39] [main/DEBUG] [mixin]: Initialising Mixin Platform Manager
[22:56:39] [main/DEBUG] [mixin]: Adding mixin platform agents for container ContainerHandleURI(file:/C:/Users/frank/OneDrive/Desktop/mc-server-share-mod1/server1.20.4/./mods/%5B___MixinCompat-1.1-1.12.2___%5D.jar)
[22:56:39] [main/DEBUG] [mixin]: Instancing new MixinPlatformAgentFMLLegacy for ContainerHandleURI(file:/C:/Users/frank/OneDrive/Desktop/mc-server-share-mod1/server1.20.4/./mods/%5B___MixinCompat-1.1-1.12.2___%5D.jar)
[22:56:39] [main/DEBUG] [mixin]: MixinPlatformAgentFMLLegacy rejected container ContainerHandleURI(file:/C:/Users/frank/OneDrive/Desktop/mc-server-share-mod1/server1.20.4/./mods/%5B___MixinCompat-1.1-1.12.2___%5D.jar)
[22:56:39] [main/DEBUG] [mixin]: Instancing new MixinPlatformAgentLiteLoaderLegacy for ContainerHandleURI(file:/C:/Users/frank/OneDrive/Desktop/mc-server-share-mod1/server1.20.4/./mods/%5B___MixinCompat-1.1-1.12.2___%5D.jar)
[22:56:39] [main/DEBUG] [mixin]: MixinPlatformAgentLiteLoaderLegacy rejected container ContainerHandleURI(file:/C:/Users/frank/OneDrive/Desktop/mc-server-share-mod1/server1.20.4/./mods/%5B___MixinCompat-1.1-1.12.2___%5D.jar)
[22:56:39] [main/DEBUG] [mixin]: Instancing new MixinPlatformAgentDefault for ContainerHandleURI(file:/C:/Users/frank/OneDrive/Desktop/mc-server-share-mod1/server1.20.4/./mods/%5B___MixinCompat-1.1-1.12.2___%5D.jar)
[22:56:39] [main/DEBUG] [mixin]: MixinPlatformAgentDefault accepted container ContainerHandleURI(file:/C:/Users/frank/OneDrive/Desktop/mc-server-share-mod1/server1.20.4/./mods/%5B___MixinCompat-1.1-1.12.2___%5D.jar)
[22:56:39] [main/DEBUG] [mixin]: Scanning file:/C:/Users/frank/OneDrive/Desktop/mc-server-share-mod1/server1.20.4/forge-1.12.2-14.23.5.2860.jar for mixin tweaker
[22:56:39] [main/DEBUG] [mixin]: Scanning file:/C:/Users/frank/OneDrive/Desktop/mc-server-share-mod1/server1.20.4/./mods/!mod-director-launchwrapper-1.8.3.jar for mixin tweaker
[22:56:39] [main/DEBUG] [mixin]: Scanning file:/C:/Users/frank/OneDrive/Desktop/mc-server-share-mod1/server1.20.4/./mods/%5B___MixinCompat-1.1-1.12.2___%5D.jar for mixin tweaker
[22:56:39] [main/DEBUG] [mixin]: Scanning file:/C:/Users/frank/OneDrive/Desktop/mc-server-share-mod1/server1.20.4/./mods/_MixinBootstrap-1.1.0.jar for mixin tweaker
[22:56:39] [main/DEBUG] [mixin]: Scanning file:/C:/Users/frank/OneDrive/Desktop/mc-server-share-mod1/server1.20.4/./mods/%60FermiumBooter-1.1.1.jar for mixin tweaker
[22:56:39] [main/DEBUG] [mixin]: Scanning file:/C:/Users/frank/OneDrive/Desktop/mc-server-share-mod1/server1.20.4/./mods/BedBreakBegone-1.0.2.jar for mixin tweaker
[22:56:39] [main/DEBUG] [mixin]: Scanning file:/C:/Users/frank/OneDrive/Desktop/mc-server-share-mod1/server1.20.4/./mods/betterbiomeblend-1.12.2-1.1.7-forge.jar for mixin tweaker
[22:56:39] [main/DEBUG] [mixin]: Scanning file:/C:/Users/frank/OneDrive/Desktop/mc-server-share-mod1/server1.20.4/./mods/BHMenu-Forge-1.12.2-2.4.3.jar for mixin tweaker
[22:56:39] [main/DEBUG] [mixin]: Scanning file:/C:/Users/frank/OneDrive/Desktop/mc-server-share-mod1/server1.20.4/./mods/Bloodmoon-MC1.12.2-1.5.3.jar for mixin tweaker
[22:56:39] [main/DEBUG] [mixin]: Scanning file:/C:/Users/frank/OneDrive/Desktop/mc-server-share-mod1/server1.20.4/./mods/Born%20In%20A%20Barn%201.8-1.12-1.2.jar for mixin tweaker
[22:56:39] [main/DEBUG] [mixin]: Scanning file:/C:/Users/frank/OneDrive/Desktop/mc-server-share-mod1/server1.20.4/./mods/Charm-1.12.2-1.4.1.jar for mixin tweaker
[22:56:39] [main/DEBUG] [mixin]: Scanning file:/C:/Users/frank/OneDrive/Desktop/mc-server-share-mod1/server1.20.4/./mods/ChunkAnimator-1.12.2-1.2.1.jar for mixin tweaker
[22:56:39] [main/DEBUG] [mixin]: Scanning file:/C:/Users/frank/OneDrive/Desktop/mc-server-share-mod1/server1.20.4/./mods/ContentCreator-1.3.7-fix2.jar for mixin tweaker
[22:56:39] [main/DEBUG] [mixin]: Scanning file:/C:/Users/frank/OneDrive/Desktop/mc-server-share-mod1/server1.20.4/./mods/CreativeCore_v1.10.71_mc1.12.2.jar for mixin tweaker
[22:56:39] [main/DEBUG] [mixin]: Scanning file:/C:/Users/frank/OneDrive/Desktop/mc-server-share-mod1/server1.20.4/./mods/DynamicSurroundings-1.12.2-3.6.2.1.jar for mixin tweaker
[22:56:39] [main/DEBUG] [mixin]: Scanning file:/C:/Users/frank/OneDrive/Desktop/mc-server-share-mod1/server1.20.4/./mods/EditableEdibles-1.3.0.jar for mixin tweaker
[22:56:39] [main/DEBUG] [mixin]: Scanning file:/C:/Users/frank/OneDrive/Desktop/mc-server-share-mod1/server1.20.4/./mods/fancymenu_forge_2.14.9_MC_1.12-1.12.2.jar for mixin tweaker
[22:56:39] [main/DEBUG] [mixin]: Scanning file:/C:/Users/frank/OneDrive/Desktop/mc-server-share-mod1/server1.20.4/./mods/fermiumasm-5.23.jar for mixin tweaker
[22:56:39] [main/DEBUG] [mixin]: Scanning file:/C:/Users/frank/OneDrive/Desktop/mc-server-share-mod1/server1.20.4/./mods/foamfix-0.10.15-1.12.2.jar for mixin tweaker
[22:56:39] [main/DEBUG] [mixin]: Scanning file:/C:/Users/frank/OneDrive/Desktop/mc-server-share-mod1/server1.20.4/./mods/ForgeEndertech-1.12.2-4.5.6.1-build.0648.jar for mixin tweaker
[22:56:39] [main/DEBUG] [mixin]: Scanning file:/C:/Users/frank/OneDrive/Desktop/mc-server-share-mod1/server1.20.4/./mods/Forgelin-1.8.4.jar for mixin tweaker
[22:56:39] [main/DEBUG] [mixin]: Scanning file:/C:/Users/frank/OneDrive/Desktop/mc-server-share-mod1/server1.20.4/./mods/framevoidpatch-1.0.0.jar for mixin tweaker
[22:56:39] [main/DEBUG] [mixin]: Scanning file:/C:/Users/frank/OneDrive/Desktop/mc-server-share-mod1/server1.20.4/./mods/Ice%20and%20Fire-2.0.5.jar for mixin tweaker
[22:56:39] [main/DEBUG] [mixin]: Scanning file:/C:/Users/frank/OneDrive/Desktop/mc-server-share-mod1/server1.20.4/./mods/InventoryTweaks-1.64+dev.151.jar for mixin tweaker
[22:56:39] [main/DEBUG] [mixin]: Scanning file:/C:/Users/frank/OneDrive/Desktop/mc-server-share-mod1/server1.20.4/./mods/ItemPhysic_Full_1.4.37_mc1.12.2.jar for mixin tweaker
[22:56:39] [main/DEBUG] [mixin]: Scanning file:/C:/Users/frank/OneDrive/Desktop/mc-server-share-mod1/server1.20.4/./mods/IvToolkit-1.3.3-1.12.jar for mixin tweaker
[22:56:39] [main/DEBUG] [mixin]: Scanning file:/C:/Users/frank/OneDrive/Desktop/mc-server-share-mod1/server1.20.4/./mods/konkrete_forge_1.6.1_MC_1.12-1.12.2.jar for mixin tweaker
[22:56:39] [main/DEBUG] [mixin]: Scanning file:/C:/Users/frank/OneDrive/Desktop/mc-server-share-mod1/server1.20.4/./mods/konkrete_forge_1.8.0_MC_1.20-1.20.1.jar for mixin tweaker
[22:56:39] [main/DEBUG] [mixin]: Scanning file:/C:/Users/frank/OneDrive/Desktop/mc-server-share-mod1/server1.20.4/./mods/librarianlib-1.12.2-4.22.jar for mixin tweaker
[22:56:39] [main/DEBUG] [mixin]: Scanning file:/C:/Users/frank/OneDrive/Desktop/mc-server-share-mod1/server1.20.4/./mods/Locks-1.12.2-3.0.0.jar for mixin tweaker
[22:56:39] [main/DEBUG] [mixin]: Scanning file:/C:/Users/frank/OneDrive/Desktop/mc-server-share-mod1/server1.20.4/./mods/MaterialTweaker-1.1.1.jar for mixin tweaker
[22:56:39] [main/DEBUG] [mixin]: Scanning file:/C:/Users/frank/OneDrive/Desktop/mc-server-share-mod1/server1.20.4/./mods/MultiMine-1.12.2.jar for mixin tweaker
[22:56:39] [main/DEBUG] [mixin]: Scanning file:/C:/Users/frank/OneDrive/Desktop/mc-server-share-mod1/server1.20.4/./mods/1.12.2/OTG-Core.jar for mixin tweaker
[22:56:39] [main/DEBUG] [mixin]: Scanning file:/C:/Users/frank/OneDrive/Desktop/mc-server-share-mod1/server1.20.4/./mods/particleculling-1.12.2-v1.4.3.jar for mixin tweaker
[22:56:39] [main/DEBUG] [mixin]: Scanning file:/C:/Users/frank/OneDrive/Desktop/mc-server-share-mod1/server1.20.4/./mods/Quark-r1.6-179.jar for mixin tweaker
[22:56:39] [main/DEBUG] [mixin]: Scanning file:/C:/Users/frank/OneDrive/Desktop/mc-server-share-mod1/server1.20.4/./mods/ReachFix-1.12.2-1.0.10.jar for mixin tweaker
[22:56:39] [main/DEBUG] [mixin]: Scanning file:/C:/Users/frank/OneDrive/Desktop/mc-server-share-mod1/server1.20.4/./mods/RealBench-1.12.2-1.3.3.jar for mixin tweaker
[22:56:39] [main/DEBUG] [mixin]: Scanning file:/C:/Users/frank/OneDrive/Desktop/mc-server-share-mod1/server1.20.4/./mods/Reskillable-1.12.2-1.13.0.jar for mixin tweaker
[22:56:39] [main/DEBUG] [mixin]: Scanning file:/C:/Users/frank/OneDrive/Desktop/mc-server-share-mod1/server1.20.4/./mods/ResourceLoader-MC1.12.1-1.5.3.jar for mixin tweaker
[22:56:39] [main/DEBUG] [mixin]: Scanning file:/C:/Users/frank/OneDrive/Desktop/mc-server-share-mod1/server1.20.4/./mods/RLCombat-1.12.2-2.2.1.jar for mixin tweaker
[22:56:39] [main/DEBUG] [mixin]: Scanning file:/C:/Users/frank/OneDrive/Desktop/mc-server-share-mod1/server1.20.4/./mods/RLFoliage-MC1.12-2.4.2.jar for mixin tweaker
[22:56:39] [main/DEBUG] [mixin]: Scanning file:/C:/Users/frank/OneDrive/Desktop/mc-server-share-mod1/server1.20.4/./mods/RLMixins-1.3.13.jar for mixin tweaker
[22:56:39] [main/DEBUG] [mixin]: Scanning file:/C:/Users/frank/OneDrive/Desktop/mc-server-share-mod1/server1.20.4/./mods/RLTweaker-1.12.2-0.6.5.jar for mixin tweaker
[22:56:39] [main/DEBUG] [mixin]: Scanning file:/C:/Users/frank/OneDrive/Desktop/mc-server-share-mod1/server1.20.4/./mods/SereneSeasons-1.12.2-1.2.18-universal.jar for mixin tweaker
[22:56:39] [main/DEBUG] [mixin]: Scanning file:/C:/Users/frank/OneDrive/Desktop/mc-server-share-mod1/server1.20.4/./mods/SimpleDifficulty-1.12.2-0.3.9.jar for mixin tweaker
[22:56:39] [main/DEBUG] [mixin]: Scanning file:/C:/Users/frank/OneDrive/Desktop/mc-server-share-mod1/server1.20.4/./mods/SnowRealMagic-1.12.2-0.7.1.jar for mixin tweaker
[22:56:39] [main/DEBUG] [mixin]: Scanning file:/C:/Users/frank/OneDrive/Desktop/mc-server-share-mod1/server1.20.4/./mods/SoManyEnchantments-0.5.5.jar for mixin tweaker
[22:56:39] [main/DEBUG] [mixin]: Scanning file:/C:/Users/frank/OneDrive/Desktop/mc-server-share-mod1/server1.20.4/./mods/spark-unforged-1.11.2-forge.jar for mixin tweaker
[22:56:39] [main/DEBUG] [mixin]: Scanning file:/C:/Users/frank/OneDrive/Desktop/mc-server-share-mod1/server1.20.4/./mods/SpartanWeaponry-1.12.2-1.6.0.jar for mixin tweaker
[22:56:39] [main/DEBUG] [mixin]: Scanning file:/C:/Users/frank/OneDrive/Desktop/mc-server-share-mod1/server1.20.4/./mods/Surge-1.12.2-2.0.79.jar for mixin tweaker
[22:56:39] [main/DEBUG] [mixin]: Scanning file:/C:/Users/frank/OneDrive/Desktop/mc-server-share-mod1/server1.20.4/./mods/tnt_utilities-mc1.12-1.2.3.jar for mixin tweaker
[22:56:39] [main/DEBUG] [mixin]: Scanning file:/C:/Users/frank/OneDrive/Desktop/mc-server-share-mod1/server1.20.4/./mods/VerticallyStackedDimensions-1.12.2-0.1.9.jar for mixin tweaker
[22:56:39] [main/DEBUG] [mixin]: Scanning file:/C:/Users/frank/OneDrive/Desktop/mc-server-share-mod1/server1.20.4/./mods/WolfArmorAndStorage-3.8.1+1.12.2.alpha.1-SNAPSHOT-signed.jar for mixin tweaker
[22:56:39] [main/DEBUG] [mixin]: Scanning file:/C:/Users/frank/OneDrive/Desktop/mc-server-share-mod1/server1.20.4/./mods/memory_repo/net/ilexiconn/llibrary-core/1.0.11-1.12.2/llibrary-core-1.0.11-1.12.2.jar for mixin tweaker
[22:56:39] [main/DEBUG] [mixin]: Scanning file:/C:/Users/frank/OneDrive/Desktop/mc-server-share-mod1/server1.20.4/./mods/phosphor-1.12.2-0.2.6+build50-universal.jar for mixin tweaker
[22:56:39] [main/DEBUG] [mixin]: Adding agents for Mixin Container ContainerHandleURI(file:/C:/Users/frank/OneDrive/Desktop/mc-server-share-mod1/server1.20.4/./mods/%5B___MixinCompat-1.1-1.12.2___%5D.jar)
[22:56:39] [main/DEBUG] [mixin]: Adding agents for Mixin Container ContainerHandleURI(file:/C:/Users/frank/OneDrive/Desktop/mc-server-share-mod1/server1.20.4/./mods/_MixinBootstrap-1.1.0.jar)
[22:56:39] [main/DEBUG] [mixin]: Adding mixin platform agents for container ContainerHandleURI(file:/C:/Users/frank/OneDrive/Desktop/mc-server-share-mod1/server1.20.4/./mods/_MixinBootstrap-1.1.0.jar)
[22:56:39] [main/DEBUG] [mixin]: Instancing new MixinPlatformAgentFMLLegacy for ContainerHandleURI(file:/C:/Users/frank/OneDrive/Desktop/mc-server-share-mod1/server1.20.4/./mods/_MixinBootstrap-1.1.0.jar)
[22:56:39] [main/DEBUG] [mixin]: MixinPlatformAgentFMLLegacy rejected container ContainerHandleURI(file:/C:/Users/frank/OneDrive/Desktop/mc-server-share-mod1/server1.20.4/./mods/_MixinBootstrap-1.1.0.jar)
[22:56:39] [main/DEBUG] [mixin]: Instancing new MixinPlatformAgentLiteLoaderLegacy for ContainerHandleURI(file:/C:/Users/frank/OneDrive/Desktop/mc-server-share-mod1/server1.20.4/./mods/_MixinBootstrap-1.1.0.jar)
[22:56:39] [main/DEBUG] [mixin]: MixinPlatformAgentLiteLoaderLegacy rejected container ContainerHandleURI(file:/C:/Users/frank/OneDrive/Desktop/mc-server-share-mod1/server1.20.4/./mods/_MixinBootstrap-1.1.0.jar)
[22:56:39] [main/DEBUG] [mixin]: Instancing new MixinPlatformAgentDefault for ContainerHandleURI(file:/C:/Users/frank/OneDrive/Desktop/mc-server-share-mod1/server1.20.4/./mods/_MixinBootstrap-1.1.0.jar)
[22:56:39] [main/DEBUG] [mixin]: MixinPlatformAgentDefault accepted container ContainerHandleURI(file:/C:/Users/frank/OneDrive/Desktop/mc-server-share-mod1/server1.20.4/./mods/_MixinBootstrap-1.1.0.jar)
[22:56:39] [main/DEBUG] [mixin]: Adding agents for Mixin Container ContainerHandleURI(file:/C:/Users/frank/OneDrive/Desktop/mc-server-share-mod1/server1.20.4/./mods/%60FermiumBooter-1.1.1.jar)
[22:56:39] [main/DEBUG] [mixin]: Adding mixin platform agents for container ContainerHandleURI(file:/C:/Users/frank/OneDrive/Desktop/mc-server-share-mod1/server1.20.4/./mods/%60FermiumBooter-1.1.1.jar)
[22:56:39] [main/DEBUG] [mixin]: Instancing new MixinPlatformAgentFMLLegacy for ContainerHandleURI(file:/C:/Users/frank/OneDrive/Desktop/mc-server-share-mod1/server1.20.4/./mods/%60FermiumBooter-1.1.1.jar)
[22:56:39] [main/DEBUG] [mixin]: ForceLoadAsMod was specified for `FermiumBooter-1.1.1.jar, attempting force-load
[22:56:39] [main/DEBUG] [mixin]: Adding `FermiumBooter-1.1.1.jar to reparseable coremod collection
[22:56:39] [main/DEBUG] [mixin]: `FermiumBooter-1.1.1.jar has core plugin fermiumbooter.FermiumPlugin. Injecting it into FML for co-initialisation:
[22:56:39] [main/DEBUG] [FML]: Instantiating coremod class FermiumPlugin
[22:56:39] [main/TRACE] [FML]: coremod named FermiumBooter is loading
[22:56:39] [main/DEBUG] [FML]: The coremod fermiumbooter.FermiumPlugin requested minecraft version 1.12.2 and minecraft is 1.12.2. It will be loaded.
[22:56:39] [main/WARN] [FML]: The coremod FermiumBooter (fermiumbooter.FermiumPlugin) is not signed!
[22:56:39] [main/DEBUG] [mixin]: Preparing mixins for MixinEnvironment[PREINIT]
[22:56:39] [main/DEBUG] [Service]: com.llamalad7.mixinextras.service.MixinExtrasServiceImpl(version=0.4.1) is taking over from null
[22:56:39] [main/DEBUG] [mixin]: Registering new injector for @Inject with org.spongepowered.asm.mixin.injection.struct.CallbackInjectionInfo
[22:56:39] [main/DEBUG] [mixin]: Registering new injector for @ModifyArg with org.spongepowered.asm.mixin.injection.struct.ModifyArgInjectionInfo
[22:56:39] [main/DEBUG] [mixin]: Registering new injector for @ModifyArgs with org.spongepowered.asm.mixin.injection.struct.ModifyArgsInjectionInfo
[22:56:39] [main/DEBUG] [mixin]: Registering new injector for @Redirect with org.spongepowered.asm.mixin.injection.struct.RedirectInjectionInfo
[22:56:39] [main/DEBUG] [mixin]: Registering new injector for @ModifyVariable with org.spongepowered.asm.mixin.injection.struct.ModifyVariableInjectionInfo
[22:56:39] [main/DEBUG] [mixin]: Registering new injector for @ModifyConstant with org.spongepowered.asm.mixin.injection.struct.ModifyConstantInjectionInfo
[22:56:39] [main/INFO] [mixin]: Compatibility level set to JAVA_8
[22:56:39] [main/DEBUG] [FML]: Enqueued coremod FermiumBooter
[22:56:39] [main/DEBUG] [mixin]: MixinPlatformAgentFMLLegacy accepted container ContainerHandleURI(file:/C:/Users/frank/OneDrive/Desktop/mc-server-share-mod1/server1.20.4/./mods/%60FermiumBooter-1.1.1.jar)
[22:56:39] [main/DEBUG] [mixin]: Instancing new MixinPlatformAgentLiteLoaderLegacy for ContainerHandleURI(file:/C:/Users/frank/OneDrive/Desktop/mc-server-share-mod1/server1.20.4/./mods/%60FermiumBooter-1.1.1.jar)
[22:56:39] [main/DEBUG] [mixin]: MixinPlatformAgentLiteLoaderLegacy rejected container ContainerHandleURI(file:/C:/Users/frank/OneDrive/Desktop/mc-server-share-mod1/server1.20.4/./mods/%60FermiumBooter-1.1.1.jar)
[22:56:39] [main/DEBUG] [mixin]: Instancing new MixinPlatformAgentDefault for ContainerHandleURI(file:/C:/Users/frank/OneDrive/Desktop/mc-server-share-mod1/server1.20.4/./mods/%60FermiumBooter-1.1.1.jar)
[22:56:39] [main/DEBUG] [mixin]: MixinPlatformAgentDefault accepted container ContainerHandleURI(file:/C:/Users/frank/OneDrive/Desktop/mc-server-share-mod1/server1.20.4/./mods/%60FermiumBooter-1.1.1.jar)
[22:56:39] [main/DEBUG] [mixin]: Adding agents for Mixin Container ContainerHandleURI(file:/C:/Users/frank/OneDrive/Desktop/mc-server-share-mod1/server1.20.4/./mods/BedBreakBegone-1.0.2.jar)
[22:56:39] [main/DEBUG] [mixin]: Adding mixin platform agents for container ContainerHandleURI(file:/C:/Users/frank/OneDrive/Desktop/mc-server-share-mod1/server1.20.4/./mods/BedBreakBegone-1.0.2.jar)
[22:56:39] [main/DEBUG] [mixin]: Instancing new MixinPlatformAgentFMLLegacy for ContainerHandleURI(file:/C:/Users/frank/OneDrive/Desktop/mc-server-share-mod1/server1.20.4/./mods/BedBreakBegone-1.0.2.jar)
[22:56:39] [main/DEBUG] [mixin]: ForceLoadAsMod was specified for BedBreakBegone-1.0.2.jar, attempting force-load
[22:56:39] [main/DEBUG] [mixin]: Adding BedBreakBegone-1.0.2.jar to reparseable coremod collection
[22:56:39] [main/DEBUG] [mixin]: BedBreakBegone-1.0.2.jar has core plugin bedbreakbegone.mixin.MixinLoader. Injecting it into FML for co-initialisation:
[22:56:39] [main/DEBUG] [FML]: Instantiating coremod class MixinLoader
[22:56:39] [main/DEBUG] [FML]: The coremod bedbreakbegone.mixin.MixinLoader requested minecraft version 1.12.2 and minecraft is 1.12.2. It will be loaded.
[22:56:39] [main/WARN] [FML]: The coremod MixinLoader (bedbreakbegone.mixin.MixinLoader) is not signed!
[22:56:39] [main/DEBUG] [FML]: Enqueued coremod MixinLoader
[22:56:39] [main/DEBUG] [mixin]: MixinPlatformAgentFMLLegacy accepted container ContainerHandleURI(file:/C:/Users/frank/OneDrive/Desktop/mc-server-share-mod1/server1.20.4/./mods/BedBreakBegone-1.0.2.jar)
[22:56:39] [main/DEBUG] [mixin]: Instancing new MixinPlatformAgentLiteLoaderLegacy for ContainerHandleURI(file:/C:/Users/frank/OneDrive/Desktop/mc-server-share-mod1/server1.20.4/./mods/BedBreakBegone-1.0.2.jar)
[22:56:39] [main/DEBUG] [mixin]: MixinPlatformAgentLiteLoaderLegacy rejected container ContainerHandleURI(file:/C:/Users/frank/OneDrive/Desktop/mc-server-share-mod1/server1.20.4/./mods/BedBreakBegone-1.0.2.jar)
[22:56:39] [main/DEBUG] [mixin]: Instancing new MixinPlatformAgentDefault for ContainerHandleURI(file:/C:/Users/frank/OneDrive/Desktop/mc-server-share-mod1/server1.20.4/./mods/BedBreakBegone-1.0.2.jar)
[22:56:39] [main/DEBUG] [mixin]: MixinPlatformAgentDefault accepted container ContainerHandleURI(file:/C:/Users/frank/OneDrive/Desktop/mc-server-share-mod1/server1.20.4/./mods/BedBreakBegone-1.0.2.jar)
[22:56:39] [main/DEBUG] [mixin]: Adding agents for Mixin Container ContainerHandleURI(file:/C:/Users/frank/OneDrive/Desktop/mc-server-share-mod1/server1.20.4/./mods/BHMenu-Forge-1.12.2-2.4.3.jar)
[22:56:39] [main/DEBUG] [mixin]: Adding mixin platform agents for container ContainerHandleURI(file:/C:/Users/frank/OneDrive/Desktop/mc-server-share-mod1/server1.20.4/./mods/BHMenu-Forge-1.12.2-2.4.3.jar)
[22:56:39] [main/DEBUG] [mixin]: Instancing new MixinPlatformAgentFMLLegacy for ContainerHandleURI(file:/C:/Users/frank/OneDrive/Desktop/mc-server-share-mod1/server1.20.4/./mods/BHMenu-Forge-1.12.2-2.4.3.jar)
[22:56:39] [main/DEBUG] [mixin]: ForceLoadAsMod was specified for BHMenu-Forge-1.12.2-2.4.3.jar, attempting force-load
[22:56:39] [main/DEBUG] [mixin]: MixinPlatformAgentFMLLegacy rejected container ContainerHandleURI(file:/C:/Users/frank/OneDrive/Desktop/mc-server-share-mod1/server1.20.4/./mods/BHMenu-Forge-1.12.2-2.4.3.jar)
[22:56:39] [main/DEBUG] [mixin]: Instancing new MixinPlatformAgentLiteLoaderLegacy for ContainerHandleURI(file:/C:/Users/frank/OneDrive/Desktop/mc-server-share-mod1/server1.20.4/./mods/BHMenu-Forge-1.12.2-2.4.3.jar)
[22:56:39] [main/DEBUG] [mixin]: MixinPlatformAgentLiteLoaderLegacy rejected container ContainerHandleURI(file:/C:/Users/frank/OneDrive/Desktop/mc-server-share-mod1/server1.20.4/./mods/BHMenu-Forge-1.12.2-2.4.3.jar)
[22:56:39] [main/DEBUG] [mixin]: Instancing new MixinPlatformAgentDefault for ContainerHandleURI(file:/C:/Users/frank/OneDrive/Desktop/mc-server-share-mod1/server1.20.4/./mods/BHMenu-Forge-1.12.2-2.4.3.jar)
[22:56:39] [main/DEBUG] [mixin]: MixinPlatformAgentDefault accepted container ContainerHandleURI(file:/C:/Users/frank/OneDrive/Desktop/mc-server-share-mod1/server1.20.4/./mods/BHMenu-Forge-1.12.2-2.4.3.jar)
[22:56:39] [main/DEBUG] [mixin]: Adding agents for Mixin Container ContainerHandleURI(file:/C:/Users/frank/OneDrive/Desktop/mc-server-share-mod1/server1.20.4/./mods/DynamicSurroundings-1.12.2-3.6.2.1.jar)
[22:56:39] [main/DEBUG] [mixin]: Adding mixin platform agents for container ContainerHandleURI(file:/C:/Users/frank/OneDrive/Desktop/mc-server-share-mod1/server1.20.4/./mods/DynamicSurroundings-1.12.2-3.6.2.1.jar)
[22:56:39] [main/DEBUG] [mixin]: Instancing new MixinPlatformAgentFMLLegacy for ContainerHandleURI(file:/C:/Users/frank/OneDrive/Desktop/mc-server-share-mod1/server1.20.4/./mods/DynamicSurroundings-1.12.2-3.6.2.1.jar)
[22:56:39] [main/DEBUG] [mixin]: ForceLoadAsMod was specified for DynamicSurroundings-1.12.2-3.6.2.1.jar, attempting force-load
[22:56:39] [main/DEBUG] [mixin]: Adding DynamicSurroundings-1.12.2-3.6.2.1.jar to reparseable coremod collection
[22:56:39] [main/DEBUG] [mixin]: DynamicSurroundings-1.12.2-3.6.2.1.jar has core plugin org.orecruncher.dsurround.mixins.TransformLoader. Injecting it into FML for co-initialisation:
[22:56:39] [main/DEBUG] [FML]: Instantiating coremod class TransformLoader
[22:56:39] [main/DEBUG] [FML]: The coremod org.orecruncher.dsurround.mixins.TransformLoader requested minecraft version 1.12.2 and minecraft is 1.12.2. It will be loaded.
[22:56:39] [main/DEBUG] [FML]: Found signing certificates for coremod TransformLoader (org.orecruncher.dsurround.mixins.TransformLoader)
[22:56:39] [main/DEBUG] [FML]: Found certificate 7a2128d395ad96ceb9d9030fbd41d035b435753a
[22:56:39] [main/DEBUG] [FML]: Enqueued coremod TransformLoader
[22:56:39] [main/DEBUG] [mixin]: MixinPlatformAgentFMLLegacy accepted container ContainerHandleURI(file:/C:/Users/frank/OneDrive/Desktop/mc-server-share-mod1/server1.20.4/./mods/DynamicSurroundings-1.12.2-3.6.2.1.jar)
[22:56:39] [main/DEBUG] [mixin]: Instancing new MixinPlatformAgentLiteLoaderLegacy for ContainerHandleURI(file:/C:/Users/frank/OneDrive/Desktop/mc-server-share-mod1/server1.20.4/./mods/DynamicSurroundings-1.12.2-3.6.2.1.jar)
[22:56:39] [main/DEBUG] [mixin]: MixinPlatformAgentLiteLoaderLegacy rejected container ContainerHandleURI(file:/C:/Users/frank/OneDrive/Desktop/mc-server-share-mod1/server1.20.4/./mods/DynamicSurroundings-1.12.2-3.6.2.1.jar)
[22:56:39] [main/DEBUG] [mixin]: Instancing new MixinPlatformAgentDefault for ContainerHandleURI(file:/C:/Users/frank/OneDrive/Desktop/mc-server-share-mod1/server1.20.4/./mods/DynamicSurroundings-1.12.2-3.6.2.1.jar)
[22:56:39] [main/DEBUG] [mixin]: MixinPlatformAgentDefault accepted container ContainerHandleURI(file:/C:/Users/frank/OneDrive/Desktop/mc-server-share-mod1/server1.20.4/./mods/DynamicSurroundings-1.12.2-3.6.2.1.jar)
[22:56:39] [main/DEBUG] [mixin]: Adding agents for Mixin Container ContainerHandleURI(file:/C:/Users/frank/OneDrive/Desktop/mc-server-share-mod1/server1.20.4/./mods/EditableEdibles-1.3.0.jar)
[22:56:39] [main/DEBUG] [mixin]: Adding mixin platform agents for container ContainerHandleURI(file:/C:/Users/frank/OneDrive/Desktop/mc-server-share-mod1/server1.20.4/./mods/EditableEdibles-1.3.0.jar)
[22:56:39] [main/DEBUG] [mixin]: Instancing new MixinPlatformAgentFMLLegacy for ContainerHandleURI(file:/C:/Users/frank/OneDrive/Desktop/mc-server-share-mod1/server1.20.4/./mods/EditableEdibles-1.3.0.jar)
[22:56:39] [main/DEBUG] [mixin]: ForceLoadAsMod was specified for EditableEdibles-1.3.0.jar, attempting force-load
[22:56:39] [main/DEBUG] [mixin]: Adding EditableEdibles-1.3.0.jar to reparseable coremod collection
[22:56:39] [main/DEBUG] [mixin]: EditableEdibles-1.3.0.jar has core plugin editableedibles.EditableEdiblesPlugin. Injecting it into FML for co-initialisation:
[22:56:39] [main/DEBUG] [FML]: Instantiating coremod class EditableEdiblesPlugin
[22:56:39] [main/DEBUG] [FML]: The coremod editableedibles.EditableEdiblesPlugin requested minecraft version 1.12.2 and minecraft is 1.12.2. It will be loaded.
[22:56:39] [main/WARN] [FML]: The coremod EditableEdiblesPlugin (editableedibles.EditableEdiblesPlugin) is not signed!
[22:56:39] [main/INFO] [FermiumRegistryAPI]: FermiumRegistryAPI supplied "mixins.editableedibles.vanilla.json" for early mixin enqueue, adding.
[22:56:39] [main/DEBUG] [mixin]: Checking for additional mixins for MixinEnvironment[PREINIT]
[22:56:39] [main/INFO] [FermiumRegistryAPI]: FermiumRegistryAPI supplied "mixins.editableedibles.foodexpansion.json" for late mixin enqueue, adding.
[22:56:39] [main/DEBUG] [FML]: Enqueued coremod EditableEdiblesPlugin
[22:56:39] [main/DEBUG] [mixin]: MixinPlatformAgentFMLLegacy accepted container ContainerHandleURI(file:/C:/Users/frank/OneDrive/Desktop/mc-server-share-mod1/server1.20.4/./mods/EditableEdibles-1.3.0.jar)
[22:56:39] [main/DEBUG] [mixin]: Instancing new MixinPlatformAgentLiteLoaderLegacy for ContainerHandleURI(file:/C:/Users/frank/OneDrive/Desktop/mc-server-share-mod1/server1.20.4/./mods/EditableEdibles-1.3.0.jar)
[22:56:39] [main/DEBUG] [mixin]: MixinPlatformAgentLiteLoaderLegacy rejected container ContainerHandleURI(file:/C:/Users/frank/OneDrive/Desktop/mc-server-share-mod1/server1.20.4/./mods/EditableEdibles-1.3.0.jar)
[22:56:39] [main/DEBUG] [mixin]: Instancing new MixinPlatformAgentDefault for ContainerHandleURI(file:/C:/Users/frank/OneDrive/Desktop/mc-server-share-mod1/server1.20.4/./mods/EditableEdibles-1.3.0.jar)
[22:56:39] [main/DEBUG] [mixin]: MixinPlatformAgentDefault accepted container ContainerHandleURI(file:/C:/Users/frank/OneDrive/Desktop/mc-server-share-mod1/server1.20.4/./mods/EditableEdibles-1.3.0.jar)
[22:56:39] [main/DEBUG] [mixin]: Adding agents for Mixin Container ContainerHandleURI(file:/C:/Users/frank/OneDrive/Desktop/mc-server-share-mod1/server1.20.4/./mods/fancymenu_forge_2.14.9_MC_1.12-1.12.2.jar)
[22:56:39] [main/DEBUG] [mixin]: Adding mixin platform agents for container ContainerHandleURI(file:/C:/Users/frank/OneDrive/Desktop/mc-server-share-mod1/server1.20.4/./mods/fancymenu_forge_2.14.9_MC_1.12-1.12.2.jar)
[22:56:39] [main/DEBUG] [mixin]: Instancing new MixinPlatformAgentFMLLegacy for ContainerHandleURI(file:/C:/Users/frank/OneDrive/Desktop/mc-server-share-mod1/server1.20.4/./mods/fancymenu_forge_2.14.9_MC_1.12-1.12.2.jar)
[22:56:39] [main/DEBUG] [mixin]: ForceLoadAsMod was specified for fancymenu_forge_2.14.9_MC_1.12-1.12.2.jar, attempting force-load
[22:56:39] [main/DEBUG] [mixin]: Adding fancymenu_forge_2.14.9_MC_1.12-1.12.2.jar to reparseable coremod collection
[22:56:39] [main/DEBUG] [mixin]: fancymenu_forge_2.14.9_MC_1.12-1.12.2.jar has core plugin de.keksuccino.fancymenu.core.FMCore. Injecting it into FML for co-initialisation:
[22:56:39] [main/DEBUG] [FML]: Instantiating coremod class FMCore
[22:56:39] [main/WARN] [FML]: The coremod de.keksuccino.fancymenu.core.FMCore does not have a MCVersion annotation, it may cause issues with this version of Minecraft
[22:56:39] [main/WARN] [FML]: The coremod FMCore (de.keksuccino.fancymenu.core.FMCore) is not signed!
[22:56:39] [main/DEBUG] [FML]: Enqueued coremod FMCore
[22:56:39] [main/DEBUG] [mixin]: MixinPlatformAgentFMLLegacy accepted container ContainerHandleURI(file:/C:/Users/frank/OneDrive/Desktop/mc-server-share-mod1/server1.20.4/./mods/fancymenu_forge_2.14.9_MC_1.12-1.12.2.jar)
[22:56:39] [main/DEBUG] [mixin]: Instancing new MixinPlatformAgentLiteLoaderLegacy for ContainerHandleURI(file:/C:/Users/frank/OneDrive/Desktop/mc-server-share-mod1/server1.20.4/./mods/fancymenu_forge_2.14.9_MC_1.12-1.12.2.jar)
[22:56:39] [main/DEBUG] [mixin]: MixinPlatformAgentLiteLoaderLegacy rejected container ContainerHandleURI(file:/C:/Users/frank/OneDrive/Desktop/mc-server-share-mod1/server1.20.4/./mods/fancymenu_forge_2.14.9_MC_1.12-1.12.2.jar)
[22:56:39] [main/DEBUG] [mixin]: Instancing new MixinPlatformAgentDefault for ContainerHandleURI(file:/C:/Users/frank/OneDrive/Desktop/mc-server-share-mod1/server1.20.4/./mods/fancymenu_forge_2.14.9_MC_1.12-1.12.2.jar)
[22:56:39] [main/DEBUG] [mixin]: MixinPlatformAgentDefault accepted container ContainerHandleURI(file:/C:/Users/frank/OneDrive/Desktop/mc-server-share-mod1/server1.20.4/./mods/fancymenu_forge_2.14.9_MC_1.12-1.12.2.jar)
[22:56:39] [main/DEBUG] [mixin]: Adding agents for Mixin Container ContainerHandleURI(file:/C:/Users/frank/OneDrive/Desktop/mc-server-share-mod1/server1.20.4/./mods/framevoidpatch-1.0.0.jar)
[22:56:39] [main/DEBUG] [mixin]: Adding mixin platform agents for container ContainerHandleURI(file:/C:/Users/frank/OneDrive/Desktop/mc-server-share-mod1/server1.20.4/./mods/framevoidpatch-1.0.0.jar)
[22:56:39] [main/DEBUG] [mixin]: Instancing new MixinPlatformAgentFMLLegacy for ContainerHandleURI(file:/C:/Users/frank/OneDrive/Desktop/mc-server-share-mod1/server1.20.4/./mods/framevoidpatch-1.0.0.jar)
[22:56:39] [main/DEBUG] [mixin]: ForceLoadAsMod was specified for framevoidpatch-1.0.0.jar, attempting force-load
[22:56:39] [main/DEBUG] [mixin]: Adding framevoidpatch-1.0.0.jar to reparseable coremod collection
[22:56:39] [main/DEBUG] [mixin]: framevoidpatch-1.0.0.jar has core plugin framevoidpatch.mixin.MixinLoader. Injecting it into FML for co-initialisation:
[22:56:39] [main/DEBUG] [FML]: Instantiating coremod class MixinLoader
[22:56:39] [main/DEBUG] [FML]: The coremod framevoidpatch.mixin.MixinLoader requested minecraft version 1.12.2 and minecraft is 1.12.2. It will be loaded.
[22:56:39] [main/WARN] [FML]: The coremod MixinLoader (framevoidpatch.mixin.MixinLoader) is not signed!
[22:56:39] [main/DEBUG] [FML]: Enqueued coremod MixinLoader
[22:56:39] [main/DEBUG] [mixin]: MixinPlatformAgentFMLLegacy accepted container ContainerHandleURI(file:/C:/Users/frank/OneDrive/Desktop/mc-server-share-mod1/server1.20.4/./mods/framevoidpatch-1.0.0.jar)
[22:56:39] [main/DEBUG] [mixin]: Instancing new MixinPlatformAgentLiteLoaderLegacy for ContainerHandleURI(file:/C:/Users/frank/OneDrive/Desktop/mc-server-share-mod1/server1.20.4/./mods/framevoidpatch-1.0.0.jar)
[22:56:39] [main/DEBUG] [mixin]: MixinPlatformAgentLiteLoaderLegacy rejected container ContainerHandleURI(file:/C:/Users/frank/OneDrive/Desktop/mc-server-share-mod1/server1.20.4/./mods/framevoidpatch-1.0.0.jar)
[22:56:39] [main/DEBUG] [mixin]: Instancing new MixinPlatformAgentDefault for ContainerHandleURI(file:/C:/Users/frank/OneDrive/Desktop/mc-server-share-mod1/server1.20.4/./mods/framevoidpatch-1.0.0.jar)
[22:56:39] [main/DEBUG] [mixin]: MixinPlatformAgentDefault accepted container ContainerHandleURI(file:/C:/Users/frank/OneDrive/Desktop/mc-server-share-mod1/server1.20.4/./mods/framevoidpatch-1.0.0.jar)
[22:56:39] [main/DEBUG] [mixin]: Adding agents for Mixin Container ContainerHandleURI(file:/C:/Users/frank/OneDrive/Desktop/mc-server-share-mod1/server1.20.4/./mods/konkrete_forge_1.6.1_MC_1.12-1.12.2.jar)
[22:56:39] [main/DEBUG] [mixin]: Adding mixin platform agents for container ContainerHandleURI(file:/C:/Users/frank/OneDrive/Desktop/mc-server-share-mod1/server1.20.4/./mods/konkrete_forge_1.6.1_MC_1.12-1.12.2.jar)
[22:56:39] [main/DEBUG] [mixin]: Instancing new MixinPlatformAgentFMLLegacy for ContainerHandleURI(file:/C:/Users/frank/OneDrive/Desktop/mc-server-share-mod1/server1.20.4/./mods/konkrete_forge_1.6.1_MC_1.12-1.12.2.jar)
[22:56:39] [main/DEBUG] [mixin]: ForceLoadAsMod was specified for konkrete_forge_1.6.1_MC_1.12-1.12.2.jar, attempting force-load
[22:56:39] [main/DEBUG] [mixin]: Adding konkrete_forge_1.6.1_MC_1.12-1.12.2.jar to reparseable coremod collection
[22:56:39] [main/DEBUG] [mixin]: konkrete_forge_1.6.1_MC_1.12-1.12.2.jar has core plugin de.keksuccino.konkrete.core.KonkreteCore. Injecting it into FML for co-initialisation:
[22:56:39] [main/DEBUG] [FML]: Instantiating coremod class KonkreteCore
[22:56:39] [main/WARN] [FML]: The coremod de.keksuccino.konkrete.core.KonkreteCore does not have a MCVersion annotation, it may cause issues with this version of Minecraft
[22:56:39] [main/WARN] [FML]: The coremod KonkreteCore (de.keksuccino.konkrete.core.KonkreteCore) is not signed!
[22:56:39] [main/INFO] [de.keksuccino.konkrete.core.KonkreteCore]: [KONKRETE] LOADING CORE PLUGIN!
[22:56:39] [main/DEBUG] [mixin]: Checking for additional mixins for MixinEnvironment[PREINIT]
[22:56:39] [main/INFO] [STDOUT]: [de.keksuccino.konkrete.core.MixinConfigLoader:loadConfigs:29]: [KONKRETE] Loading Mixin Config: fancymenu.general.mixin.json
[22:56:39] [main/DEBUG] [FML]: Enqueued coremod KonkreteCore
[22:56:39] [main/DEBUG] [mixin]: MixinPlatformAgentFMLLegacy accepted container ContainerHandleURI(file:/C:/Users/frank/OneDrive/Desktop/mc-server-share-mod1/server1.20.4/./mods/konkrete_forge_1.6.1_MC_1.12-1.12.2.jar)
[22:56:39] [main/DEBUG] [mixin]: Instancing new MixinPlatformAgentLiteLoaderLegacy for ContainerHandleURI(file:/C:/Users/frank/OneDrive/Desktop/mc-server-share-mod1/server1.20.4/./mods/konkrete_forge_1.6.1_MC_1.12-1.12.2.jar)
[22:56:39] [main/DEBUG] [mixin]: MixinPlatformAgentLiteLoaderLegacy rejected container ContainerHandleURI(file:/C:/Users/frank/OneDrive/Desktop/mc-server-share-mod1/server1.20.4/./mods/konkrete_forge_1.6.1_MC_1.12-1.12.2.jar)
[22:56:39] [main/DEBUG] [mixin]: Instancing new MixinPlatformAgentDefault for ContainerHandleURI(file:/C:/Users/frank/OneDrive/Desktop/mc-server-share-mod1/server1.20.4/./mods/konkrete_forge_1.6.1_MC_1.12-1.12.2.jar)
[22:56:39] [main/DEBUG] [mixin]: MixinPlatformAgentDefault accepted container ContainerHandleURI(file:/C:/Users/frank/OneDrive/Desktop/mc-server-share-mod1/server1.20.4/./mods/konkrete_forge_1.6.1_MC_1.12-1.12.2.jar)
[22:56:39] [main/DEBUG] [mixin]: Adding agents for Mixin Container ContainerHandleURI(file:/C:/Users/frank/OneDrive/Desktop/mc-server-share-mod1/server1.20.4/./mods/konkrete_forge_1.8.0_MC_1.20-1.20.1.jar)
[22:56:39] [main/DEBUG] [mixin]: Adding mixin platform agents for container ContainerHandleURI(file:/C:/Users/frank/OneDrive/Desktop/mc-server-share-mod1/server1.20.4/./mods/konkrete_forge_1.8.0_MC_1.20-1.20.1.jar)
[22:56:39] [main/DEBUG] [mixin]: Instancing new MixinPlatformAgentFMLLegacy for ContainerHandleURI(file:/C:/Users/frank/OneDrive/Desktop/mc-server-share-mod1/server1.20.4/./mods/konkrete_forge_1.8.0_MC_1.20-1.20.1.jar)
[22:56:39] [main/DEBUG] [mixin]: MixinPlatformAgentFMLLegacy rejected container ContainerHandleURI(file:/C:/Users/frank/OneDrive/Desktop/mc-server-share-mod1/server1.20.4/./mods/konkrete_forge_1.8.0_MC_1.20-1.20.1.jar)
[22:56:39] [main/DEBUG] [mixin]: Instancing new MixinPlatformAgentLiteLoaderLegacy for ContainerHandleURI(file:/C:/Users/frank/OneDrive/Desktop/mc-server-share-mod1/server1.20.4/./mods/konkrete_forge_1.8.0_MC_1.20-1.20.1.jar)
[22:56:39] [main/DEBUG] [mixin]: MixinPlatformAgentLiteLoaderLegacy rejected container ContainerHandleURI(file:/C:/Users/frank/OneDrive/Desktop/mc-server-share-mod1/server1.20.4/./mods/konkrete_forge_1.8.0_MC_1.20-1.20.1.jar)
[22:56:39] [main/DEBUG] [mixin]: Instancing new MixinPlatformAgentDefault for ContainerHandleURI(file:/C:/Users/frank/OneDrive/Desktop/mc-server-share-mod1/server1.20.4/./mods/konkrete_forge_1.8.0_MC_1.20-1.20.1.jar)
[22:56:39] [main/DEBUG] [mixin]: MixinPlatformAgentDefault accepted container ContainerHandleURI(file:/C:/Users/frank/OneDrive/Desktop/mc-server-share-mod1/server1.20.4/./mods/konkrete_forge_1.8.0_MC_1.20-1.20.1.jar)
[22:56:39] [main/DEBUG] [mixin]: Adding agents for Mixin Container ContainerHandleURI(file:/C:/Users/frank/OneDrive/Desktop/mc-server-share-mod1/server1.20.4/./mods/Locks-1.12.2-3.0.0.jar)
[22:56:39] [main/DEBUG] [mixin]: Adding mixin platform agents for container ContainerHandleURI(file:/C:/Users/frank/OneDrive/Desktop/mc-server-share-mod1/server1.20.4/./mods/Locks-1.12.2-3.0.0.jar)
[22:56:39] [main/DEBUG] [mixin]: Instancing new MixinPlatformAgentFMLLegacy for ContainerHandleURI(file:/C:/Users/frank/OneDrive/Desktop/mc-server-share-mod1/server1.20.4/./mods/Locks-1.12.2-3.0.0.jar)
[22:56:39] [main/DEBUG] [mixin]: ForceLoadAsMod was specified for Locks-1.12.2-3.0.0.jar, attempting force-load
[22:56:39] [main/DEBUG] [mixin]: Adding Locks-1.12.2-3.0.0.jar to reparseable coremod collection
[22:56:39] [main/DEBUG] [mixin]: Locks-1.12.2-3.0.0.jar has core plugin melonslise.locks.mixin.MixinLoader. Injecting it into FML for co-initialisation:
[22:56:39] [main/DEBUG] [FML]: Instantiating coremod class MixinLoader
[22:56:39] [main/DEBUG] [FML]: The coremod melonslise.locks.mixin.MixinLoader requested minecraft version 1.12.2 and minecraft is 1.12.2. It will be loaded.
[22:56:39] [main/WARN] [FML]: The coremod MixinLoader (melonslise.locks.mixin.MixinLoader) is not signed!
[22:56:39] [main/DEBUG] [FML]: Enqueued coremod MixinLoader
[22:56:39] [main/DEBUG] [mixin]: MixinPlatformAgentFMLLegacy accepted container ContainerHandleURI(file:/C:/Users/frank/OneDrive/Desktop/mc-server-share-mod1/server1.20.4/./mods/Locks-1.12.2-3.0.0.jar)
[22:56:39] [main/DEBUG] [mixin]: Instancing new MixinPlatformAgentLiteLoaderLegacy for ContainerHandleURI(file:/C:/Users/frank/OneDrive/Desktop/mc-server-share-mod1/server1.20.4/./mods/Locks-1.12.2-3.0.0.jar)
[22:56:39] [main/DEBUG] [mixin]: MixinPlatformAgentLiteLoaderLegacy rejected container ContainerHandleURI(file:/C:/Users/frank/OneDrive/Desktop/mc-server-share-mod1/server1.20.4/./mods/Locks-1.12.2-3.0.0.jar)
[22:56:39] [main/DEBUG] [mixin]: Instancing new MixinPlatformAgentDefault for ContainerHandleURI(file:/C:/Users/frank/OneDrive/Desktop/mc-server-share-mod1/server1.20.4/./mods/Locks-1.12.2-3.0.0.jar)
[22:56:39] [main/DEBUG] [mixin]: MixinPlatformAgentDefault accepted container ContainerHandleURI(file:/C:/Users/frank/OneDrive/Desktop/mc-server-share-mod1/server1.20.4/./mods/Locks-1.12.2-3.0.0.jar)
[22:56:39] [main/DEBUG] [mixin]: Adding agents for Mixin Container ContainerHandleURI(file:/C:/Users/frank/OneDrive/Desktop/mc-server-share-mod1/server1.20.4/./mods/MaterialTweaker-1.1.1.jar)
[22:56:39] [main/DEBUG] [mixin]: Adding mixin platform agents for container ContainerHandleURI(file:/C:/Users/frank/OneDrive/Desktop/mc-server-share-mod1/server1.20.4/./mods/MaterialTweaker-1.1.1.jar)
[22:56:39] [main/DEBUG] [mixin]: Instancing new MixinPlatformAgentFMLLegacy for ContainerHandleURI(file:/C:/Users/frank/OneDrive/Desktop/mc-server-share-mod1/server1.20.4/./mods/MaterialTweaker-1.1.1.jar)
[22:56:39] [main/DEBUG] [mixin]: ForceLoadAsMod was specified for MaterialTweaker-1.1.1.jar, attempting force-load
[22:56:39] [main/DEBUG] [mixin]: Adding MaterialTweaker-1.1.1.jar to reparseable coremod collection
[22:56:39] [main/DEBUG] [mixin]: MaterialTweaker-1.1.1.jar has core plugin materialtweaker.MaterialTweakerPlugin. Injecting it into FML for co-initialisation:
[22:56:39] [main/DEBUG] [FML]: Instantiating coremod class MaterialTweakerPlugin
[22:56:39] [main/DEBUG] [FML]: The coremod materialtweaker.MaterialTweakerPlugin requested minecraft version 1.12.2 and minecraft is 1.12.2. It will be loaded.
[22:56:39] [main/WARN] [FML]: The coremod MaterialTweakerPlugin (materialtweaker.MaterialTweakerPlugin) is not signed!
[22:56:39] [main/DEBUG] [FML]: Enqueued coremod MaterialTweakerPlugin
[22:56:39] [main/DEBUG] [mixin]: MixinPlatformAgentFMLLegacy accepted container ContainerHandleURI(file:/C:/Users/frank/OneDrive/Desktop/mc-server-share-mod1/server1.20.4/./mods/MaterialTweaker-1.1.1.jar)
[22:56:39] [main/DEBUG] [mixin]: Instancing new MixinPlatformAgentLiteLoaderLegacy for ContainerHandleURI(file:/C:/Users/frank/OneDrive/Desktop/mc-server-share-mod1/server1.20.4/./mods/MaterialTweaker-1.1.1.jar)
[22:56:39] [main/DEBUG] [mixin]: MixinPlatformAgentLiteLoaderLegacy rejected container ContainerHandleURI(file:/C:/Users/frank/OneDrive/Desktop/mc-server-share-mod1/server1.20.4/./mods/MaterialTweaker-1.1.1.jar)
[22:56:39] [main/DEBUG] [mixin]: Instancing new MixinPlatformAgentDefault for ContainerHandleURI(file:/C:/Users/frank/OneDrive/Desktop/mc-server-share-mod1/server1.20.4/./mods/MaterialTweaker-1.1.1.jar)
[22:56:39] [main/DEBUG] [mixin]: MixinPlatformAgentDefault accepted container ContainerHandleURI(file:/C:/Users/frank/OneDrive/Desktop/mc-server-share-mod1/server1.20.4/./mods/MaterialTweaker-1.1.1.jar)
[22:56:39] [main/DEBUG] [mixin]: Adding agents for Mixin Container ContainerHandleURI(file:/C:/Users/frank/OneDrive/Desktop/mc-server-share-mod1/server1.20.4/./mods/particleculling-1.12.2-v1.4.3.jar)
[22:56:39] [main/DEBUG] [mixin]: Adding mixin platform agents for container ContainerHandleURI(file:/C:/Users/frank/OneDrive/Desktop/mc-server-share-mod1/server1.20.4/./mods/particleculling-1.12.2-v1.4.3.jar)
[22:56:39] [main/DEBUG] [mixin]: Instancing new MixinPlatformAgentFMLLegacy for ContainerHandleURI(file:/C:/Users/frank/OneDrive/Desktop/mc-server-share-mod1/server1.20.4/./mods/particleculling-1.12.2-v1.4.3.jar)
[22:56:39] [main/DEBUG] [mixin]: ForceLoadAsMod was specified for particleculling-1.12.2-v1.4.3.jar, attempting force-load
[22:56:39] [main/DEBUG] [mixin]: Adding particleculling-1.12.2-v1.4.3.jar to reparseable coremod collection
[22:56:39] [main/DEBUG] [mixin]: particleculling-1.12.2-v1.4.3.jar has core plugin bl4ckscor3.mod.particleculling.ParticleCullingLoadingPlugin. Injecting it into FML for co-initialisation:
[22:56:39] [main/DEBUG] [FML]: Instantiating coremod class ParticleCullingLoadingPlugin
[22:56:39] [main/DEBUG] [FML]: The coremod bl4ckscor3.mod.particleculling.ParticleCullingLoadingPlugin requested minecraft version 1.12.2 and minecraft is 1.12.2. It will be loaded.
[22:56:39] [main/WARN] [FML]: The coremod ParticleCullingLoadingPlugin (bl4ckscor3.mod.particleculling.ParticleCullingLoadingPlugin) is not signed!
[22:56:39] [main/DEBUG] [FML]: Enqueued coremod ParticleCullingLoadingPlugin
[22:56:39] [main/DEBUG] [mixin]: MixinPlatformAgentFMLLegacy accepted container ContainerHandleURI(file:/C:/Users/frank/OneDrive/Desktop/mc-server-share-mod1/server1.20.4/./mods/particleculling-1.12.2-v1.4.3.jar)
[22:56:39] [main/DEBUG] [mixin]: Instancing new MixinPlatformAgentLiteLoaderLegacy for ContainerHandleURI(file:/C:/Users/frank/OneDrive/Desktop/mc-server-share-mod1/server1.20.4/./mods/particleculling-1.12.2-v1.4.3.jar)
[22:56:39] [main/DEBUG] [mixin]: MixinPlatformAgentLiteLoaderLegacy rejected container ContainerHandleURI(file:/C:/Users/frank/OneDrive/Desktop/mc-server-share-mod1/server1.20.4/./mods/particleculling-1.12.2-v1.4.3.jar)
[22:56:39] [main/DEBUG] [mixin]: Instancing new MixinPlatformAgentDefault for ContainerHandleURI(file:/C:/Users/frank/OneDrive/Desktop/mc-server-share-mod1/server1.20.4/./mods/particleculling-1.12.2-v1.4.3.jar)
[22:56:39] [main/DEBUG] [mixin]: MixinPlatformAgentDefault accepted container ContainerHandleURI(file:/C:/Users/frank/OneDrive/Desktop/mc-server-share-mod1/server1.20.4/./mods/particleculling-1.12.2-v1.4.3.jar)
[22:56:39] [main/DEBUG] [mixin]: Adding agents for Mixin Container ContainerHandleURI(file:/C:/Users/frank/OneDrive/Desktop/mc-server-share-mod1/server1.20.4/./mods/RLCombat-1.12.2-2.2.1.jar)
[22:56:39] [main/DEBUG] [mixin]: Adding mixin platform agents for container ContainerHandleURI(file:/C:/Users/frank/OneDrive/Desktop/mc-server-share-mod1/server1.20.4/./mods/RLCombat-1.12.2-2.2.1.jar)
[22:56:39] [main/DEBUG] [mixin]: Instancing new MixinPlatformAgentFMLLegacy for ContainerHandleURI(file:/C:/Users/frank/OneDrive/Desktop/mc-server-share-mod1/server1.20.4/./mods/RLCombat-1.12.2-2.2.1.jar)
[22:56:39] [main/DEBUG] [mixin]: ForceLoadAsMod was specified for RLCombat-1.12.2-2.2.1.jar, attempting force-load
[22:56:39] [main/DEBUG] [mixin]: Adding RLCombat-1.12.2-2.2.1.jar to reparseable coremod collection
[22:56:39] [main/DEBUG] [mixin]: RLCombat-1.12.2-2.2.1.jar has core plugin bettercombat.mod.util.BetterCombatPlugin. Injecting it into FML for co-initialisation:
[22:56:39] [main/DEBUG] [FML]: Instantiating coremod class BetterCombatPlugin
[22:56:39] [main/TRACE] [FML]: coremod named BetterCombat is loading
[22:56:39] [main/DEBUG] [FML]: The coremod bettercombat.mod.util.BetterCombatPlugin requested minecraft version 1.12.2 and minecraft is 1.12.2. It will be loaded.
[22:56:39] [main/WARN] [FML]: The coremod BetterCombat (bettercombat.mod.util.BetterCombatPlugin) is not signed!
[22:56:39] [main/INFO] [FermiumRegistryAPI]: FermiumRegistryAPI supplied "mixins.bettercombatmod.json" for early mixin enqueue, adding.
[22:56:39] [main/DEBUG] [FML]: Enqueued coremod BetterCombat
[22:56:39] [main/DEBUG] [mixin]: MixinPlatformAgentFMLLegacy accepted container ContainerHandleURI(file:/C:/Users/frank/OneDrive/Desktop/mc-server-share-mod1/server1.20.4/./mods/RLCombat-1.12.2-2.2.1.jar)
[22:56:39] [main/DEBUG] [mixin]: Instancing new MixinPlatformAgentLiteLoaderLegacy for ContainerHandleURI(file:/C:/Users/frank/OneDrive/Desktop/mc-server-share-mod1/server1.20.4/./mods/RLCombat-1.12.2-2.2.1.jar)
[22:56:39] [main/DEBUG] [mixin]: MixinPlatformAgentLiteLoaderLegacy rejected container ContainerHandleURI(file:/C:/Users/frank/OneDrive/Desktop/mc-server-share-mod1/server1.20.4/./mods/RLCombat-1.12.2-2.2.1.jar)
[22:56:39] [main/DEBUG] [mixin]: Instancing new MixinPlatformAgentDefault for ContainerHandleURI(file:/C:/Users/frank/OneDrive/Desktop/mc-server-share-mod1/server1.20.4/./mods/RLCombat-1.12.2-2.2.1.jar)
[22:56:39] [main/DEBUG] [mixin]: MixinPlatformAgentDefault accepted container ContainerHandleURI(file:/C:/Users/frank/OneDrive/Desktop/mc-server-share-mod1/server1.20.4/./mods/RLCombat-1.12.2-2.2.1.jar)
[22:56:39] [main/DEBUG] [mixin]: Adding agents for Mixin Container ContainerHandleURI(file:/C:/Users/frank/OneDrive/Desktop/mc-server-share-mod1/server1.20.4/./mods/RLMixins-1.3.13.jar)
[22:56:39] [main/DEBUG] [mixin]: Adding mixin platform agents for container ContainerHandleURI(file:/C:/Users/frank/OneDrive/Desktop/mc-server-share-mod1/server1.20.4/./mods/RLMixins-1.3.13.jar)
[22:56:39] [main/DEBUG] [mixin]: Instancing new MixinPlatformAgentFMLLegacy for ContainerHandleURI(file:/C:/Users/frank/OneDrive/Desktop/mc-server-share-mod1/server1.20.4/./mods/RLMixins-1.3.13.jar)
[22:56:39] [main/DEBUG] [mixin]: ForceLoadAsMod was specified for RLMixins-1.3.13.jar, attempting force-load
[22:56:39] [main/DEBUG] [mixin]: Adding RLMixins-1.3.13.jar to reparseable coremod collection
[22:56:39] [main/DEBUG] [mixin]: RLMixins-1.3.13.jar has core plugin rlmixins.RLMixinsPlugin. Injecting it into FML for co-initialisation:
[22:56:39] [main/DEBUG] [FML]: Instantiating coremod class RLMixinsPlugin
[22:56:39] [main/DEBUG] [FML]: The coremod rlmixins.RLMixinsPlugin requested minecraft version 1.12.2 and minecraft is 1.12.2. It will be loaded.
[22:56:39] [main/WARN] [FML]: The coremod RLMixinsPlugin (rlmixins.RLMixinsPlugin) is not signed!
[22:56:39] [main/INFO] [rlmixins.RLMixinsPlugin]: RLMixins Early Enqueue Start
[22:56:39] [main/INFO] [rlmixins.RLMixinsPlugin]: RLMixins Early Enqueue: Prevent Shulker Crate Insertion (Vanilla/Charm)
[22:56:39] [main/INFO] [FermiumRegistryAPI]: FermiumRegistryAPI supplied "mixins.rlmixins.core.shulkerinsertion.json" for early mixin enqueue, adding.
[22:56:39] [main/INFO] [rlmixins.RLMixinsPlugin]: RLMixins Early Enqueue: Slowed Item Entity Movement (Vanilla)
[22:56:39] [main/INFO] [FermiumRegistryAPI]: FermiumRegistryAPI supplied "mixins.rlmixins.core.itemmovement.json" for early mixin enqueue, adding.
[22:56:39] [main/INFO] [rlmixins.RLMixinsPlugin]: RLMixins Early Enqueue: Cache Player Chunk Visibility (Vanilla)
[22:56:39] [main/INFO] [FermiumRegistryAPI]: FermiumRegistryAPI supplied "mixins.rlmixins.core.refreshchunkcache.json" for early mixin enqueue, adding.
[22:56:39] [main/INFO] [rlmixins.RLMixinsPlugin]: RLMixins Early Enqueue: Quark Rune Optifine Fix (Quark)
[22:56:39] [main/INFO] [FermiumRegistryAPI]: FermiumRegistryAPI supplied "mixins.rlmixins.core.quarkruneoptifine.json" for early mixin enqueue, adding.
[22:56:39] [main/INFO] [rlmixins.RLMixinsPlugin]: RLMixins Early Enqueue: Advancement Tab Quest Replacement (Vanilla/BetterQuesting)
[22:56:39] [main/INFO] [FermiumRegistryAPI]: FermiumRegistryAPI supplied "mixins.rlmixins.core.advancementtabquesting.json" for early mixin enqueue, adding.
[22:56:39] [main/INFO] [rlmixins.RLMixinsPlugin]: RLMixins Early Enqueue: Bloodmoon Optifine Patch (Bloodmoon)
[22:56:39] [main/INFO] [FermiumRegistryAPI]: FermiumRegistryAPI supplied "mixins.rlmixins.core.bloodmoonoptifine.json" for early mixin enqueue, adding.
[22:56:39] [main/INFO] [rlmixins.RLMixinsPlugin]: RLMixins Early Enqueue: BetterSurvival TickDynamic Crash (BetterSurvival)
[22:56:39] [main/INFO] [FermiumRegistryAPI]: FermiumRegistryAPI supplied "mixins.rlmixins.core.arrowaccessor.json" for early mixin enqueue, adding.
[22:56:39] [main/INFO] [rlmixins.RLMixinsPlugin]: RLMixins Early Enqueue: Lowered Crouch (Vanilla)
[22:56:39] [main/INFO] [FermiumRegistryAPI]: FermiumRegistryAPI supplied "mixins.rlmixins.core.lowercrouch.json" for early mixin enqueue, adding.
[22:56:39] [main/INFO] [rlmixins.RLMixinsPlugin]: RLMixins Early Enqueue: Untipped Arrow Particles Fix (Vanilla)
[22:56:39] [main/INFO] [FermiumRegistryAPI]: FermiumRegistryAPI supplied "mixins.rlmixins.core.untippedarrowparticle.json" for early mixin enqueue, adding.
[22:56:39] [main/INFO] [rlmixins.RLMixinsPlugin]: RLMixins Early Enqueue: Anvil Too Expensive (Vanilla/AnvilPatch)
[22:56:39] [main/INFO] [FermiumRegistryAPI]: FermiumRegistryAPI supplied "mixins.rlmixins.core.anvilexpensive.json" for early mixin enqueue, adding.
[22:56:39] [main/INFO] [rlmixins.RLMixinsPlugin]: RLMixins Early Enqueue: Bloodmoon Loot Pickup Fix (Vanilla/Bloodmoon)
[22:56:39] [main/INFO] [FermiumRegistryAPI]: FermiumRegistryAPI supplied "mixins.rlmixins.core.bloodmoonlootpickup.json" for early mixin enqueue, adding.
[22:56:39] [main/INFO] [rlmixins.RLMixinsPlugin]: RLMixins Early Enqueue: Giant Zombie Spawn Fix (Vanilla)
[22:56:39] [main/INFO] [FermiumRegistryAPI]: FermiumRegistryAPI supplied "mixins.rlmixins.core.giantzombie.json" for early mixin enqueue, adding.
[22:56:39] [main/INFO] [rlmixins.RLMixinsPlugin]: RLMixins Early Enqueue: Modify Gamma Max And Min (Vanilla)
[22:56:39] [main/INFO] [FermiumRegistryAPI]: FermiumRegistryAPI supplied "mixins.rlmixins.core.modifygamma.json" for early mixin enqueue, adding.
[22:56:39] [main/INFO] [rlmixins.RLMixinsPlugin]: RLMixins Early Enqueue: Entity Tracker Desync (Vanilla)
[22:56:39] [main/INFO] [FermiumRegistryAPI]: FermiumRegistryAPI supplied "mixins.rlmixins.core.entitytracker.json" for early mixin enqueue, adding.
[22:56:39] [main/INFO] [rlmixins.RLMixinsPlugin]: RLMixins Early Enqueue: Missing Particle Rendering (Vanilla)
[22:56:39] [main/INFO] [FermiumRegistryAPI]: FermiumRegistryAPI supplied "mixins.rlmixins.core.particlerender.json" for early mixin enqueue, adding.
[22:56:39] [main/INFO] [rlmixins.RLMixinsPlugin]: RLMixins Early Enqueue: Nuke Advancements (Vanilla)
[22:56:39] [main/INFO] [FermiumRegistryAPI]: FermiumRegistryAPI supplied "mixins.rlmixins.core.advancementnuke.json" for early mixin enqueue, adding.
[22:56:39] [main/INFO] [rlmixins.RLMixinsPlugin]: RLMixins Early Enqueue: Configurable Fall (Vanilla)
[22:56:39] [main/INFO] [FermiumRegistryAPI]: FermiumRegistryAPI supplied "mixins.rlmixins.core.configfall.json" for early mixin enqueue, adding.
[22:56:39] [main/INFO] [rlmixins.RLMixinsPlugin]: RLMixins Early Enqueue: Allow Hoe Repairing (Vanilla)
[22:56:39] [main/INFO] [FermiumRegistryAPI]: FermiumRegistryAPI supplied "mixins.rlmixins.core.hoerepair.json" for early mixin enqueue, adding.
[22:56:39] [main/INFO] [rlmixins.RLMixinsPlugin]: RLMixins Early Enqueue: Fix Duplicate MoBends Render ID Crash (Vanilla/MoBends)
[22:56:39] [main/INFO] [FermiumRegistryAPI]: FermiumRegistryAPI supplied "mixins.rlmixins.core.mobendsrenderids.json" for early mixin enqueue, adding.
[22:56:39] [main/INFO] [rlmixins.RLMixinsPlugin]: RLMixins Early Enqueue: Stray/Husk Sky Spawning Fix (Vanilla)
[22:56:39] [main/INFO] [FermiumRegistryAPI]: FermiumRegistryAPI supplied "mixins.rlmixins.core.strayhuskspawning.json" for early mixin enqueue, adding.
[22:56:39] [main/INFO] [rlmixins.RLMixinsPlugin]: RLMixins Early Enqueue: Overhaul SME (Vanilla/SME/RLCombat)
[22:56:39] [main/INFO] [FermiumRegistryAPI]: FermiumRegistryAPI supplied "mixins.rlmixins.core.smeoverhaul.json" for early mixin enqueue, adding.
[22:56:39] [main/INFO] [rlmixins.RLMixinsPlugin]: RLMixins Early Enqueue: Smoothed Crouching (Vanilla)
[22:56:39] [main/INFO] [FermiumRegistryAPI]: FermiumRegistryAPI supplied "mixins.rlmixins.core.smoothcrouch.json" for early mixin enqueue, adding.
[22:56:39] [main/INFO] [rlmixins.RLMixinsPlugin]: RLMixins Early Enqueue: Fix Delayed Packet Errors (Vanilla)
[22:56:39] [main/INFO] [FermiumRegistryAPI]: FermiumRegistryAPI supplied "mixins.rlmixins.core.delayedpacketerrors.json" for early mixin enqueue, adding.
[22:56:39] [main/INFO] [rlmixins.RLMixinsPlugin]: RLMixins Early Enqueue: FancyMenu Server Crash (FancyMenu)
[22:56:39] [main/INFO] [FermiumRegistryAPI]: FermiumRegistryAPI supplied "mixins.rlmixins.fancymenuservercrash.json" for early mixin enqueue, adding.
[22:56:39] [main/INFO] [rlmixins.RLMixinsPlugin]: RLMixins Early Enqueue: Boss Cart/Boat Cheese (Vanilla/InfernalMobs/ScalingHealth/Champions)
[22:56:39] [main/INFO] [FermiumRegistryAPI]: FermiumRegistryAPI supplied "mixins.rlmixins.core.bosscart.json" for early mixin enqueue, adding.
[22:56:39] [main/INFO] [rlmixins.RLMixinsPlugin]: RLMixins Early Enqueue: Suppress EntityTracker Removed Entity Warnings (Vanilla)
[22:56:39] [main/INFO] [FermiumRegistryAPI]: FermiumRegistryAPI supplied "mixins.rlmixins.core.entitytrackersuppress.json" for early mixin enqueue, adding.
[22:56:39] [main/INFO] [rlmixins.RLMixinsPlugin]: RLMixins Early Enqueue: Potion Amplifier Visibility (Vanilla)
[22:56:39] [main/INFO] [FermiumRegistryAPI]: FermiumRegistryAPI supplied "mixins.rlmixins.core.potionamplifier.json" for early mixin enqueue, adding.
[22:56:39] [main/INFO] [rlmixins.RLMixinsPlugin]: RLMixins Early Enqueue: AntiWarp Handling (Vanilla/BetterSurvival)
[22:56:39] [main/INFO] [FermiumRegistryAPI]: FermiumRegistryAPI supplied "mixins.rlmixins.core.antiwarp.json" for early mixin enqueue, adding.
[22:56:39] [main/INFO] [rlmixins.RLMixinsPlugin]: RLMixins Early Enqueue: Enchantment Item Attributes (Vanilla/SME)
[22:56:39] [main/INFO] [FermiumRegistryAPI]: FermiumRegistryAPI supplied "mixins.rlmixins.core.enchantattribute.json" for early mixin enqueue, adding.
[22:56:39] [main/INFO] [rlmixins.RLMixinsPlugin]: RLMixins Early Enqueue: Enchantment ItemStack Damage (Vanilla/SME)
[22:56:39] [main/INFO] [FermiumRegistryAPI]: FermiumRegistryAPI supplied "mixins.rlmixins.core.enchantdamage.json" for early mixin enqueue, adding.
[22:56:39] [main/INFO] [rlmixins.RLMixinsPlugin]: RLMixins Early Enqueue: Fix Player Model Death Shake (Vanilla)
[22:56:39] [main/INFO] [FermiumRegistryAPI]: FermiumRegistryAPI supplied "mixins.rlmixins.core.deathshake.json" for early mixin enqueue, adding.
[22:56:39] [main/INFO] [rlmixins.RLMixinsPlugin]: RLMixins Early Enqueue: Weather Timing Config (Vanilla)
[22:56:39] [main/INFO] [FermiumRegistryAPI]: FermiumRegistryAPI supplied "mixins.rlmixins.core.worldweathertiming.json" for early mixin enqueue, adding.
[22:56:39] [main/INFO] [rlmixins.RLMixinsPlugin]: RLMixins Early Enqueue: Particle Collision Defaults (Vanilla)
[22:56:39] [main/INFO] [FermiumRegistryAPI]: FermiumRegistryAPI supplied "mixins.rlmixins.core.particlecollision.json" for early mixin enqueue, adding.
[22:56:39] [main/INFO] [rlmixins.RLMixinsPlugin]: RLMixins Early Enqueue: Spawn Chunk Radius Patch (Vanilla)
[22:56:39] [main/INFO] [FermiumRegistryAPI]: FermiumRegistryAPI supplied "mixins.rlmixins.core.spawnchunkradius.json" for early mixin enqueue, adding.
[22:56:39] [main/INFO] [rlmixins.RLMixinsPlugin]: RLMixins Early Enqueue: Tipped Arrow Blacklist (Vanilla)
[22:56:39] [main/INFO] [FermiumRegistryAPI]: FermiumRegistryAPI supplied "mixins.rlmixins.core.tippedarrow.json" for early mixin enqueue, adding.
[22:56:39] [main/INFO] [rlmixins.RLMixinsPlugin]: RLMixins Early Enqueue: Zombie Curing Ticks Spawners (Vanilla/MobSpawnerControl)
[22:56:39] [main/INFO] [FermiumRegistryAPI]: FermiumRegistryAPI supplied "mixins.rlmixins.core.zombiecuring.json" for early mixin enqueue, adding.
[22:56:39] [main/INFO] [rlmixins.RLMixinsPlugin]: RLMixins Early Enqueue: Outdated Chunk Data (Vanilla)
[22:56:39] [main/INFO] [FermiumRegistryAPI]: FermiumRegistryAPI supplied "mixins.rlmixins.core.chunkdata.json" for early mixin enqueue, adding.
[22:56:39] [main/INFO] [rlmixins.RLMixinsPlugin]: RLMixins Early Enqueue: Mineshaft Biome Blacklist Patch (Vanilla)
[22:56:39] [main/INFO] [FermiumRegistryAPI]: FermiumRegistryAPI supplied "mixins.rlmixins.core.mineshaftblacklistpatch.json" for early mixin enqueue, adding.
[22:56:39] [main/INFO] [rlmixins.RLMixinsPlugin]: RLMixins Early Enqueue: Chunk Entity List (Vanilla)
[22:56:39] [main/INFO] [FermiumRegistryAPI]: FermiumRegistryAPI supplied "mixins.rlmixins.core.entitylist.json" for early mixin enqueue, adding.
[22:56:39] [main/INFO] [rlmixins.RLMixinsPlugin]: RLMixins Early Enqueue: Remove Water Chunk Gen Ticking (Vanilla)
[22:56:39] [main/INFO] [FermiumRegistryAPI]: FermiumRegistryAPI supplied "mixins.rlmixins.core.waterchunkgen.json" for early mixin enqueue, adding.
[22:56:39] [main/INFO] [rlmixins.RLMixinsPlugin]: RLMixins Early Enqueue: Random Respawn Attempt Safety (Vanilla)
[22:56:39] [main/INFO] [FermiumRegistryAPI]: FermiumRegistryAPI supplied "mixins.rlmixins.core.randomspawnsafety.json" for early mixin enqueue, adding.
[22:56:39] [main/INFO] [rlmixins.RLMixinsPlugin]: RLMixins Early Enqueue: Prevent Mob spawns in lazy loaded chunks (Vanilla)
[22:56:39] [main/INFO] [FermiumRegistryAPI]: FermiumRegistryAPI supplied "mixins.rlmixins.core.preventlazyspawns.json" for early mixin enqueue, adding.
[22:56:39] [main/INFO] [rlmixins.RLMixinsPlugin]: RLMixins Early Enqueue: ChunkAnimator XRay (Vanilla/ChunkAnimator)
[22:56:39] [main/INFO] [FermiumRegistryAPI]: FermiumRegistryAPI supplied "mixins.rlmixins.core.chunkanimatorxray.json" for early mixin enqueue, adding.
[22:56:39] [main/INFO] [rlmixins.RLMixinsPlugin]: RLMixins Early Enqueue: Health Desync Patch (Vanilla)
[22:56:39] [main/INFO] [FermiumRegistryAPI]: FermiumRegistryAPI supplied "mixins.rlmixins.core.healthdesync.json" for early mixin enqueue, adding.
[22:56:39] [main/INFO] [rlmixins.RLMixinsPlugin]: RLMixins Early Enqueue: MoBends Arrow Trail Patch (MoBends)
[22:56:39] [main/INFO] [FermiumRegistryAPI]: FermiumRegistryAPI supplied "mixins.rlmixins.core.arrowaccessor.json" for early mixin enqueue, adding.
[22:56:39] [main/INFO] [rlmixins.RLMixinsPlugin]: RLMixins Early Enqueue: Rework Waystone Used Name Check (Waystones)
[22:56:39] [main/INFO] [FermiumRegistryAPI]: FermiumRegistryAPI supplied "mixins.rlmixins.core.biomeaccessor.json" for early mixin enqueue, adding.
[22:56:39] [main/INFO] [rlmixins.RLMixinsPlugin]: RLMixins Early Enqueue: Mending Priorities (Vanilla)
[22:56:39] [main/INFO] [FermiumRegistryAPI]: FermiumRegistryAPI supplied "mixins.rlmixins.core.mending.json" for early mixin enqueue, adding.
[22:56:39] [main/INFO] [rlmixins.RLMixinsPlugin]: RLMixins Early Enqueue: EXPERIMENTAL: Teleporting Lag Patch (Vanilla)
[22:56:39] [main/INFO] [FermiumRegistryAPI]: FermiumRegistryAPI supplied "mixins.rlmixins.core.entityteleportcollision.json" for early mixin enqueue, adding.
[22:56:39] [main/INFO] [rlmixins.RLMixinsPlugin]: RLMixins Early Enqueue: Furnace XP Limit Fix (Vanilla)
[22:56:39] [main/INFO] [FermiumRegistryAPI]: FermiumRegistryAPI supplied "mixins.rlmixins.core.furnacexp.json" for early mixin enqueue, adding.
[22:56:39] [main/INFO] [rlmixins.RLMixinsPlugin]: RLMixins Early Enqueue: Suppress Unknown Passengers Warnings (Vanilla)
[22:56:39] [main/INFO] [FermiumRegistryAPI]: FermiumRegistryAPI supplied "mixins.rlmixins.core.unknownpassengers.json" for early mixin enqueue, adding.
[22:56:39] [main/INFO] [rlmixins.RLMixinsPlugin]: RLMixins Early Enqueue: Blast Protection Knockback Patch MC-198809 (Vanilla)
[22:56:39] [main/INFO] [FermiumRegistryAPI]: FermiumRegistryAPI supplied "mixins.rlmixins.core.blastprotknockback.json" for early mixin enqueue, adding.
[22:56:39] [main/INFO] [rlmixins.RLMixinsPlugin]: RLMixins Early Enqueue: Forge Suppress Dangerous Prefix Errors (Forge)
[22:56:39] [main/INFO] [FermiumRegistryAPI]: FermiumRegistryAPI supplied "mixins.rlmixins.core.dangerousprefix.json" for early mixin enqueue, adding.
[22:56:39] [main/INFO] [rlmixins.RLMixinsPlugin]: RLMixins Early Enqueue: Stop Pigmen Portal Spawning (Vanilla)
[22:56:39] [main/INFO] [FermiumRegistryAPI]: FermiumRegistryAPI supplied "mixins.rlmixins.core.pigmenportal.json" for early mixin enqueue, adding.
[22:56:39] [main/INFO] [rlmixins.RLMixinsPlugin]: RLMixins Early Enqueue: Cache WorldBorder currentTime (Vanilla)
[22:56:39] [main/INFO] [FermiumRegistryAPI]: FermiumRegistryAPI supplied "mixins.rlmixins.core.cacheborder.json" for early mixin enqueue, adding.
[22:56:39] [main/INFO] [rlmixins.RLMixinsPlugin]: RLMixins Early Enqueue: Fix Hardcore World Not Unloading (Vanilla)
[22:56:39] [main/INFO] [FermiumRegistryAPI]: FermiumRegistryAPI supplied "mixins.rlmixins.core.hardcoregameoverbug.json" for early mixin enqueue, adding.
[22:56:39] [main/INFO] [rlmixins.RLMixinsPlugin]: RLMixins Early Enqueue: Broken Advancement Log Spam Silence (Vanilla/Forge)
[22:56:39] [main/INFO] [FermiumRegistryAPI]: FermiumRegistryAPI supplied "mixins.rlmixins.core.advancementspam.json" for early mixin enqueue, adding.
[22:56:39] [main/INFO] [rlmixins.RLMixinsPlugin]: RLMixins Early Enqueue: World Flammable BlockPos Replacement (Vanilla)
[22:56:39] [main/INFO] [FermiumRegistryAPI]: FermiumRegistryAPI supplied "mixins.rlmixins.core.worldflammableblockpos.json" for early mixin enqueue, adding.
[22:56:39] [main/INFO] [rlmixins.RLMixinsPlugin]: RLMixins Early Enqueue: Forge Suppress Broken Ore Dictionary Errors (Forge)
[22:56:39] [main/INFO] [FermiumRegistryAPI]: FermiumRegistryAPI supplied "mixins.rlmixins.core.brokenoredict.json" for early mixin enqueue, adding.
[22:56:39] [main/INFO] [rlmixins.RLMixinsPlugin]: RLMixins Early Enqueue: Stop Sleeping Resetting Weather MC-63340 (Vanilla)
[22:56:39] [main/INFO] [FermiumRegistryAPI]: FermiumRegistryAPI supplied "mixins.rlmixins.core.norainreset.json" for early mixin enqueue, adding.
[22:56:39] [main/INFO] [rlmixins.RLMixinsPlugin]: RLMixins Late Enqueue Start
[22:56:39] [main/INFO] [rlmixins.RLMixinsPlugin]: RLMixins Late Enqueue: Enable AntiDragon Cheese (IceAndFire)
[22:56:39] [main/INFO] [FermiumRegistryAPI]: FermiumRegistryAPI supplied "mixins.rlmixins.infdragoncheese.json" for late mixin enqueue, adding.
[22:56:39] [main/INFO] [rlmixins.RLMixinsPlugin]: RLMixins Late Enqueue: Lycanite Render Box (LycanitesMobs)
[22:56:39] [main/INFO] [FermiumRegistryAPI]: FermiumRegistryAPI supplied "mixins.rlmixins.lycaniterender.json" for late mixin enqueue, adding.
[22:56:39] [main/INFO] [rlmixins.RLMixinsPlugin]: RLMixins Late Enqueue: No Infernal Champions (Champions/InfernalMobs)
[22:56:39] [main/INFO] [FermiumRegistryAPI]: FermiumRegistryAPI supplied "mixins.rlmixins.infernalchampions.json" for late mixin enqueue, adding.
[22:56:39] [main/INFO] [rlmixins.RLMixinsPlugin]: RLMixins Late Enqueue: BetterFoliage Geometry Offset (BetterFoliage)
[22:56:39] [main/INFO] [FermiumRegistryAPI]: FermiumRegistryAPI supplied "mixins.rlmixins.betterfoliagegeometry.json" for late mixin enqueue, adding.
[22:56:39] [main/INFO] [rlmixins.RLMixinsPlugin]: RLMixins Late Enqueue: Skeleton King Loot Drop Fix (FishsUndeadRising)
[22:56:39] [main/INFO] [FermiumRegistryAPI]: FermiumRegistryAPI supplied "mixins.rlmixins.fishsskeletonking.json" for late mixin enqueue, adding.
[22:56:39] [main/INFO] [rlmixins.RLMixinsPlugin]: RLMixins Late Enqueue: Vein Pickaxe Patch (ForgottenItems)
[22:56:39] [main/INFO] [FermiumRegistryAPI]: FermiumRegistryAPI supplied "mixins.rlmixins.veinpickaxe.json" for late mixin enqueue, adding.
[22:56:39] [main/INFO] [rlmixins.RLMixinsPlugin]: RLMixins Late Enqueue: Flare Gun Rework (BountifulBaubles)
[22:56:39] [main/INFO] [FermiumRegistryAPI]: FermiumRegistryAPI supplied "mixins.rlmixins.flaregun.json" for late mixin enqueue, adding.
[22:56:39] [main/INFO] [rlmixins.RLMixinsPlugin]: RLMixins Late Enqueue: Locks Keyring GUI Dupe Patch (Locks)
[22:56:39] [main/INFO] [FermiumRegistryAPI]: FermiumRegistryAPI supplied "mixins.rlmixins.locksguidupe.json" for late mixin enqueue, adding.
[22:56:39] [main/INFO] [rlmixins.RLMixinsPlugin]: RLMixins Late Enqueue: Force Cart Unpull Over Distance (AstikorCarts)
[22:56:39] [main/INFO] [FermiumRegistryAPI]: FermiumRegistryAPI supplied "mixins.rlmixins.cartdistancelimit.json" for late mixin enqueue, adding.
[22:56:39] [main/INFO] [rlmixins.RLMixinsPlugin]: RLMixins Late Enqueue: Parasite Mob Spawner Fix (SRParasites)
[22:56:39] [main/INFO] [FermiumRegistryAPI]: FermiumRegistryAPI supplied "mixins.rlmixins.srpspawningmobspawner.json" for late mixin enqueue, adding.
[22:56:39] [main/INFO] [rlmixins.RLMixinsPlugin]: RLMixins Late Enqueue: DynamicTrees AABB Cache (DynamicTrees)
[22:56:39] [main/INFO] [FermiumRegistryAPI]: FermiumRegistryAPI supplied "mixins.rlmixins.dynamictreescache.json" for late mixin enqueue, adding.
[22:56:39] [main/INFO] [rlmixins.RLMixinsPlugin]: RLMixins Late Enqueue: Disable MoBends Online Checks (MoBends)
[22:56:39] [main/INFO] [FermiumRegistryAPI]: FermiumRegistryAPI supplied "mixins.rlmixins.nukemobends.json" for late mixin enqueue, adding.
[22:56:39] [main/INFO] [rlmixins.RLMixinsPlugin]: RLMixins Late Enqueue: Quark Emotes Force Disable (Quark)
[22:56:39] [main/INFO] [FermiumRegistryAPI]: FermiumRegistryAPI supplied "mixins.rlmixins.quarkemote.json" for late mixin enqueue, adding.
[22:56:39] [main/INFO] [rlmixins.RLMixinsPlugin]: RLMixins Late Enqueue: Stoned Chicken Feather Fix (Quark/IceAndFire)
[22:56:39] [main/INFO] [FermiumRegistryAPI]: FermiumRegistryAPI supplied "mixins.rlmixins.chickenfeather.json" for late mixin enqueue, adding.
[22:56:39] [main/INFO] [rlmixins.RLMixinsPlugin]: RLMixins Late Enqueue: ItemPhysics Q CarryOn Fix (CarryOn/ItemPhysics)
[22:56:39] [main/INFO] [FermiumRegistryAPI]: FermiumRegistryAPI supplied "mixins.rlmixins.itemphysiccarryonq.json" for late mixin enqueue, adding.
[22:56:39] [main/INFO] [rlmixins.RLMixinsPlugin]: RLMixins Late Enqueue: Dummy Damage Value Patch (MmmMmmMmmMmm)
[22:56:39] [main/INFO] [FermiumRegistryAPI]: FermiumRegistryAPI supplied "mixins.rlmixins.dummypatch.json" for late mixin enqueue, adding.
[22:56:39] [main/INFO] [rlmixins.RLMixinsPlugin]: RLMixins Late Enqueue: Infested Summon Tag (Champions/TrinketsAndBaubles)
[22:56:39] [main/INFO] [FermiumRegistryAPI]: FermiumRegistryAPI supplied "mixins.rlmixins.infestedsummon.json" for late mixin enqueue, adding.
[22:56:39] [main/INFO] [rlmixins.RLMixinsPlugin]: RLMixins Late Enqueue: Mattock Breaking Patch (NoTreePunching)
[22:56:39] [main/INFO] [FermiumRegistryAPI]: FermiumRegistryAPI supplied "mixins.rlmixins.mattockbreaking.json" for late mixin enqueue, adding.
[22:56:39] [main/INFO] [rlmixins.RLMixinsPlugin]: RLMixins Late Enqueue: ScalingHealth Bandaged Icon Fix (ScalingHealth)
[22:56:39] [main/INFO] [FermiumRegistryAPI]: FermiumRegistryAPI supplied "mixins.rlmixins.bandagedicon.json" for late mixin enqueue, adding.
[22:56:39] [main/INFO] [rlmixins.RLMixinsPlugin]: RLMixins Late Enqueue: Allow Changing Lucky Horseshoe Weight (BountifulBaubles)
[22:56:39] [main/INFO] [FermiumRegistryAPI]: FermiumRegistryAPI supplied "mixins.rlmixins.bountifulbaublesluckyhorseshoe.json" for late mixin enqueue, adding.
[22:56:39] [main/INFO] [rlmixins.RLMixinsPlugin]: RLMixins Late Enqueue: Changeable Nunchaku Combo (BetterSurvival)
[22:56:39] [main/INFO] [FermiumRegistryAPI]: FermiumRegistryAPI supplied "mixins.rlmixins.nunchakucombo.json" for late mixin enqueue, adding.
[22:56:39] [main/INFO] [rlmixins.RLMixinsPlugin]: RLMixins Late Enqueue: Disenchanting Table Crash Patch (Disenchanter)
[22:56:39] [main/INFO] [FermiumRegistryAPI]: FermiumRegistryAPI supplied "mixins.rlmixins.disenchantcrash.json" for late mixin enqueue, adding.
[22:56:39] [main/INFO] [rlmixins.RLMixinsPlugin]: RLMixins Late Enqueue: MoBends Memory Leak Fix (MoBends)
[22:56:39] [main/INFO] [FermiumRegistryAPI]: FermiumRegistryAPI supplied "mixins.rlmixins.mobendsmemleak.json" for late mixin enqueue, adding.
[22:56:39] [main/INFO] [rlmixins.RLMixinsPlugin]: RLMixins Late Enqueue: Quark Chest Boat Dupe (Quark)
[22:56:39] [main/INFO] [FermiumRegistryAPI]: FermiumRegistryAPI supplied "mixins.rlmixins.chestboatdupe.json" for late mixin enqueue, adding.
[22:56:39] [main/INFO] [rlmixins.RLMixinsPlugin]: RLMixins Late Enqueue: DT Leaves Ignore Light on WorldGen (DynamicTrees)
[22:56:39] [main/INFO] [FermiumRegistryAPI]: FermiumRegistryAPI supplied "mixins.rlmixins.dtleavesworldgen.json" for late mixin enqueue, adding.
[22:56:39] [main/INFO] [rlmixins.RLMixinsPlugin]: RLMixins Late Enqueue: BetterQuesting Unofficial Memory Leak Fix (BetterQuesting Unofficial)
[22:56:39] [main/INFO] [FermiumRegistryAPI]: FermiumRegistryAPI supplied "mixins.rlmixins.bqumemleak.json" for late mixin enqueue, adding.
[22:56:39] [main/INFO] [rlmixins.RLMixinsPlugin]: RLMixins Late Enqueue: Remove SME Mortalitas Resurrection Capability (SoManyEnchantments)
[22:56:39] [main/INFO] [FermiumRegistryAPI]: FermiumRegistryAPI supplied "mixins.rlmixins.smecapremoval.json" for late mixin enqueue, adding.
[22:56:39] [main/INFO] [rlmixins.RLMixinsPlugin]: RLMixins Late Enqueue: Sync Sign Edit Config (Quark)
[22:56:39] [main/INFO] [FermiumRegistryAPI]: FermiumRegistryAPI supplied "mixins.rlmixins.quarksignedit.json" for late mixin enqueue, adding.
[22:56:39] [main/INFO] [rlmixins.RLMixinsPlugin]: RLMixins Late Enqueue: ForgottenItems Rune Fix (ForgottenItems)
[22:56:39] [main/INFO] [FermiumRegistryAPI]: FermiumRegistryAPI supplied "mixins.rlmixins.forgottenitemsrune.json" for late mixin enqueue, adding.
[22:56:39] [main/INFO] [rlmixins.RLMixinsPlugin]: RLMixins Late Enqueue: Remove Shield Protection Enchant (Inspirations)
[22:56:39] [main/INFO] [FermiumRegistryAPI]: FermiumRegistryAPI supplied "mixins.rlmixins.inspirationsshield.json" for late mixin enqueue, adding.
[22:56:39] [main/INFO] [rlmixins.RLMixinsPlugin]: RLMixins Late Enqueue: Quark Reduced Villager Double Door AI Checks (Quark)
[22:56:39] [main/INFO] [FermiumRegistryAPI]: FermiumRegistryAPI supplied "mixins.rlmixins.doubledoors.json" for late mixin enqueue, adding.
[22:56:39] [main/INFO] [rlmixins.RLMixinsPlugin]: RLMixins Late Enqueue: Battletower Golem Attack Target Patch (Battletowers)
[22:56:39] [main/INFO] [FermiumRegistryAPI]: FermiumRegistryAPI supplied "mixins.rlmixins.battletowertarget.json" for late mixin enqueue, adding.
[22:56:39] [main/INFO] [rlmixins.RLMixinsPlugin]: RLMixins Late Enqueue: ToolBelt Belt GUI Dupe Patch (ToolBelt)
[22:56:39] [main/INFO] [FermiumRegistryAPI]: FermiumRegistryAPI supplied "mixins.rlmixins.toolbeltguidupe.json" for late mixin enqueue, adding.
[22:56:39] [main/INFO] [rlmixins.RLMixinsPlugin]: RLMixins Late Enqueue: BetterNether Double Slab Drop Fix (BetterNether)
[22:56:39] [main/INFO] [FermiumRegistryAPI]: FermiumRegistryAPI supplied "mixins.rlmixins.betternetherdoubleslab.json" for late mixin enqueue, adding.
[22:56:39] [main/INFO] [rlmixins.RLMixinsPlugin]: RLMixins Late Enqueue: Rehandle Sentient Scythe Effect (SRParasites/RLCombat)
[22:56:39] [main/INFO] [FermiumRegistryAPI]: FermiumRegistryAPI supplied "mixins.rlmixins.sentientscythe.json" for late mixin enqueue, adding.
[22:56:39] [main/INFO] [rlmixins.RLMixinsPlugin]: RLMixins Late Enqueue: BetterFoliage Whitelist/Blacklist Cache (BetterFoliage)
[22:56:39] [main/INFO] [FermiumRegistryAPI]: FermiumRegistryAPI supplied "mixins.rlmixins.betterfoliagecache.json" for late mixin enqueue, adding.
[22:56:39] [main/INFO] [rlmixins.RLMixinsPlugin]: RLMixins Late Enqueue: CarryOn Passenger Rider Death Fix (CarryOn)
[22:56:39] [main/INFO] [FermiumRegistryAPI]: FermiumRegistryAPI supplied "mixins.rlmixins.carryonpositionfix.json" for late mixin enqueue, adding.
[22:56:39] [main/INFO] [rlmixins.RLMixinsPlugin]: RLMixins Late Enqueue: Stoneling Dupe Patch (Quark)
[22:56:39] [main/INFO] [FermiumRegistryAPI]: FermiumRegistryAPI supplied "mixins.rlmixins.stoneling.json" for late mixin enqueue, adding.
[22:56:39] [main/INFO] [rlmixins.RLMixinsPlugin]: RLMixins Late Enqueue: Chat Bubble Config (DSurroundings)
[22:56:39] [main/INFO] [FermiumRegistryAPI]: FermiumRegistryAPI supplied "mixins.rlmixins.chatbubble.json" for late mixin enqueue, adding.
[22:56:39] [main/INFO] [rlmixins.RLMixinsPlugin]: RLMixins Late Enqueue: InF Bow Multishot patch (IceAndFire/BetterSurvival)
[22:56:39] [main/INFO] [FermiumRegistryAPI]: FermiumRegistryAPI supplied "mixins.rlmixins.dragonbow.json" for late mixin enqueue, adding.
[22:56:39] [main/INFO] [rlmixins.RLMixinsPlugin]: RLMixins Late Enqueue: Healing Salve Bowl Return Fix (RoughTweaks)
[22:56:39] [main/INFO] [FermiumRegistryAPI]: FermiumRegistryAPI supplied "mixins.rlmixins.healingsalvereturn.json" for late mixin enqueue, adding.
[22:56:39] [main/INFO] [rlmixins.RLMixinsPlugin]: RLMixins Late Enqueue: Spriggan Growth Rate Override (LycanitesMobs)
[22:56:39] [main/INFO] [FermiumRegistryAPI]: FermiumRegistryAPI supplied "mixins.rlmixins.sprigganfarmrate.json" for late mixin enqueue, adding.
[22:56:39] [main/INFO] [rlmixins.RLMixinsPlugin]: RLMixins Late Enqueue: Magnetic Dupe Patch (Charm)
[22:56:39] [main/INFO] [FermiumRegistryAPI]: FermiumRegistryAPI supplied "mixins.rlmixins.magneticdupe.json" for late mixin enqueue, adding.
[22:56:39] [main/INFO] [rlmixins.RLMixinsPlugin]: RLMixins Late Enqueue: Stalagnate Bowl Fix (BetterNether)
[22:56:39] [main/INFO] [FermiumRegistryAPI]: FermiumRegistryAPI supplied "mixins.rlmixins.stalagnatebowl.json" for late mixin enqueue, adding.
[22:56:39] [main/INFO] [rlmixins.RLMixinsPlugin]: RLMixins Late Enqueue: JSONPaintings Placement Crash Fix (JSONPaintings)
[22:56:39] [main/INFO] [FermiumRegistryAPI]: FermiumRegistryAPI supplied "mixins.rlmixins.jsonpaintingcrash.json" for late mixin enqueue, adding.
[22:56:39] [main/INFO] [rlmixins.RLMixinsPlugin]: RLMixins Late Enqueue: Broken Heart Rework (BountifulBaubles/FirstAid)
[22:56:39] [main/INFO] [FermiumRegistryAPI]: FermiumRegistryAPI supplied "mixins.rlmixins.brokenheart.json" for late mixin enqueue, adding.
[22:56:39] [main/INFO] [rlmixins.RLMixinsPlugin]: RLMixins Late Enqueue: Parasite Spawn Fix (SRParasites)
[22:56:39] [main/INFO] [FermiumRegistryAPI]: FermiumRegistryAPI supplied "mixins.rlmixins.srpspawning.json" for late mixin enqueue, adding.
[22:56:39] [main/INFO] [rlmixins.RLMixinsPlugin]: RLMixins Late Enqueue: EV Death Message Translation (EnhancedVisuals)
[22:56:39] [main/INFO] [FermiumRegistryAPI]: FermiumRegistryAPI supplied "mixins.rlmixins.evdeathmessage.json" for late mixin enqueue, adding.
[22:56:39] [main/INFO] [rlmixins.RLMixinsPlugin]: RLMixins Late Enqueue: Modify BookWyrm Max Level (DefiledLands)
[22:56:39] [main/INFO] [FermiumRegistryAPI]: FermiumRegistryAPI supplied "mixins.rlmixins.bookwyrmlevel.json" for late mixin enqueue, adding.
[22:56:39] [main/INFO] [rlmixins.RLMixinsPlugin]: RLMixins Late Enqueue: Stoneling Eyeheight Stall Patch (Quark)
[22:56:39] [main/INFO] [FermiumRegistryAPI]: FermiumRegistryAPI supplied "mixins.rlmixins.stonelingloop.json" for late mixin enqueue, adding.
[22:56:39] [main/INFO] [rlmixins.RLMixinsPlugin]: RLMixins Late Enqueue: Champion Potion Invis (Champions)
[22:56:39] [main/INFO] [FermiumRegistryAPI]: FermiumRegistryAPI supplied "mixins.rlmixins.championpotion.json" for late mixin enqueue, adding.
[22:56:39] [main/INFO] [rlmixins.RLMixinsPlugin]: RLMixins Late Enqueue: Parasite Cleaver Effect Config (SRParasites)
[22:56:39] [main/INFO] [FermiumRegistryAPI]: FermiumRegistryAPI supplied "mixins.rlmixins.cleaverpotion.json" for late mixin enqueue, adding.
[22:56:39] [main/INFO] [rlmixins.RLMixinsPlugin]: RLMixins Late Enqueue: Delayed Launch (PotionCore)
[22:56:39] [main/INFO] [FermiumRegistryAPI]: FermiumRegistryAPI supplied "mixins.rlmixins.delayedlaunch.json" for late mixin enqueue, adding.
[22:56:39] [main/INFO] [rlmixins.RLMixinsPlugin]: RLMixins Late Enqueue: Penetration Fix (BetterSurvival/SpartanWeaponry/RLCombat)
[22:56:39] [main/INFO] [FermiumRegistryAPI]: FermiumRegistryAPI supplied "mixins.rlmixins.bspenetration.json" for late mixin enqueue, adding.
[22:56:39] [main/INFO] [rlmixins.RLMixinsPlugin]: RLMixins Late Enqueue: MoBends Arrow Trail Patch (MoBends)
[22:56:39] [main/INFO] [FermiumRegistryAPI]: FermiumRegistryAPI supplied "mixins.rlmixins.mobendsarrowtrail.json" for late mixin enqueue, adding.
[22:56:39] [main/INFO] [rlmixins.RLMixinsPlugin]: RLMixins Late Enqueue: Reforging Binding Fix (BountifulBaubles)
[22:56:39] [main/INFO] [FermiumRegistryAPI]: FermiumRegistryAPI supplied "mixins.rlmixins.reforgebinding.json" for late mixin enqueue, adding.
[22:56:39] [main/INFO] [rlmixins.RLMixinsPlugin]: RLMixins Late Enqueue: BetterNether Door Dupe Fix (BetterNether)
[22:56:39] [main/INFO] [FermiumRegistryAPI]: FermiumRegistryAPI supplied "mixins.rlmixins.betternetherdoor.json" for late mixin enqueue, adding.
[22:56:39] [main/INFO] [rlmixins.RLMixinsPlugin]: RLMixins Late Enqueue: BountifulBaubles isShield Fix (BountifulBaubles)
[22:56:39] [main/INFO] [FermiumRegistryAPI]: FermiumRegistryAPI supplied "mixins.rlmixins.bountifulbaublesshieldfix.json" for late mixin enqueue, adding.
[22:56:39] [main/INFO] [rlmixins.RLMixinsPlugin]: RLMixins Late Enqueue: Cobalt Shield Increased Resistance (BountifulBaubles)
[22:56:39] [main/INFO] [FermiumRegistryAPI]: FermiumRegistryAPI supplied "mixins.rlmixins.cobaltshield.json" for late mixin enqueue, adding.
[22:56:39] [main/INFO] [rlmixins.RLMixinsPlugin]: RLMixins Late Enqueue: Education Tweak (BetterSurvival)
[22:56:39] [main/INFO] [FermiumRegistryAPI]: FermiumRegistryAPI supplied "mixins.rlmixins.educationtweak.json" for late mixin enqueue, adding.
[22:56:39] [main/INFO] [rlmixins.RLMixinsPlugin]: RLMixins Late Enqueue: Fishs Undead Rising Skeleton King Crown Mem Leak (Fishs Undead Rising)
[22:56:39] [main/INFO] [FermiumRegistryAPI]: FermiumRegistryAPI supplied "mixins.rlmixins.fishsundeadcrownmem.json" for late mixin enqueue, adding.
[22:56:39] [main/INFO] [rlmixins.RLMixinsPlugin]: RLMixins Late Enqueue: Parasite Light Level (SRParasites)
[22:56:39] [main/INFO] [FermiumRegistryAPI]: FermiumRegistryAPI supplied "mixins.rlmixins.srplightlevel.json" for late mixin enqueue, adding.
[22:56:39] [main/INFO] [rlmixins.RLMixinsPlugin]: RLMixins Late Enqueue: Elenai Dodge Better Tick Performance (Elenai Dodge)
[22:56:39] [main/INFO] [FermiumRegistryAPI]: FermiumRegistryAPI supplied "mixins.rlmixins.elenaitick.json" for late mixin enqueue, adding.
[22:56:39] [main/INFO] [rlmixins.RLMixinsPlugin]: RLMixins Late Enqueue: Fix ClassyHats Hat Container Null Player Crash (ClassyHats)
[22:56:39] [main/INFO] [FermiumRegistryAPI]: FermiumRegistryAPI supplied "mixins.rlmixins.classyhatpickblockcrash.json" for late mixin enqueue, adding.
[22:56:39] [main/INFO] [rlmixins.RLMixinsPlugin]: RLMixins Late Enqueue: Parasite Indirect Damage Adaption Fix (SRParasites)
[22:56:39] [main/INFO] [FermiumRegistryAPI]: FermiumRegistryAPI supplied "mixins.rlmixins.indirectadaption.json" for late mixin enqueue, adding.
[22:56:39] [main/INFO] [rlmixins.RLMixinsPlugin]: RLMixins Late Enqueue: SoManyEnchantments TickDynamic Crash (SoManyEnchantments)
[22:56:39] [main/INFO] [FermiumRegistryAPI]: FermiumRegistryAPI supplied "mixins.rlmixins.smetickdynamic.json" for late mixin enqueue, adding.
[22:56:39] [main/INFO] [rlmixins.RLMixinsPlugin]: RLMixins Late Enqueue: Jailer Champion Time (Champions)
[22:56:39] [main/INFO] [FermiumRegistryAPI]: FermiumRegistryAPI supplied "mixins.rlmixins.jailer.json" for late mixin enqueue, adding.
[22:56:39] [main/INFO] [rlmixins.RLMixinsPlugin]: RLMixins Late Enqueue: DSurround Chat Bubble Shaders Patch (DSurround)
[22:56:39] [main/INFO] [FermiumRegistryAPI]: FermiumRegistryAPI supplied "mixins.rlmixins.chatbubbleoptifine.json" for late mixin enqueue, adding.
[22:56:39] [main/INFO] [rlmixins.RLMixinsPlugin]: RLMixins Late Enqueue: Digging AI (Epic Siege Mod)
[22:56:39] [main/INFO] [FermiumRegistryAPI]: FermiumRegistryAPI supplied "mixins.rlmixins.diggingai.json" for late mixin enqueue, adding.
[22:56:39] [main/INFO] [rlmixins.RLMixinsPlugin]: RLMixins Late Enqueue: Defiled Corruption Improvements (DefiledLands)
[22:56:39] [main/INFO] [FermiumRegistryAPI]: FermiumRegistryAPI supplied "mixins.rlmixins.defiledperformance.json" for late mixin enqueue, adding.
[22:56:39] [main/INFO] [rlmixins.RLMixinsPlugin]: RLMixins Late Enqueue: OTG Create World Simplify Fix (OTG)
[22:56:39] [main/INFO] [FermiumRegistryAPI]: FermiumRegistryAPI supplied "mixins.rlmixins.otgguibutton.json" for late mixin enqueue, adding.
[22:56:39] [main/INFO] [rlmixins.RLMixinsPlugin]: RLMixins Late Enqueue: Prevent Revival Potion on Non-Players (PotionCore)
[22:56:39] [main/INFO] [FermiumRegistryAPI]: FermiumRegistryAPI supplied "mixins.rlmixins.potionrevival.json" for late mixin enqueue, adding.
[22:56:39] [main/INFO] [rlmixins.RLMixinsPlugin]: RLMixins Late Enqueue: Neat Shaders Patch (Neat)
[22:56:39] [main/INFO] [FermiumRegistryAPI]: FermiumRegistryAPI supplied "mixins.rlmixins.neatshaders.json" for late mixin enqueue, adding.
[22:56:39] [main/INFO] [rlmixins.RLMixinsPlugin]: RLMixins Late Enqueue: SRP Bush Generation Loaded Checks (SRParasites)
[22:56:39] [main/INFO] [FermiumRegistryAPI]: FermiumRegistryAPI supplied "mixins.rlmixins.srpbushcascading.json" for late mixin enqueue, adding.
[22:56:39] [main/INFO] [rlmixins.RLMixinsPlugin]: RLMixins Late Enqueue: BetterSurvival TickDynamic Crash (BetterSurvival)
[22:56:39] [main/INFO] [FermiumRegistryAPI]: FermiumRegistryAPI supplied "mixins.rlmixins.bstickdynamic.json" for late mixin enqueue, adding.
[22:56:39] [main/INFO] [rlmixins.RLMixinsPlugin]: RLMixins Late Enqueue: QualityTools Limit Modifiers (QualtiyTools)
[22:56:39] [main/INFO] [FermiumRegistryAPI]: FermiumRegistryAPI supplied "mixins.rlmixins.qtlimitmodifier.json" for late mixin enqueue, adding.
[22:56:39] [main/INFO] [rlmixins.RLMixinsPlugin]: RLMixins Late Enqueue: Aquatic Mob Underwater Spawning (FishsUndeadRising)
[22:56:39] [main/INFO] [FermiumRegistryAPI]: FermiumRegistryAPI supplied "mixins.rlmixins.lavacowaquaspawn.json" for late mixin enqueue, adding.
[22:56:39] [main/INFO] [rlmixins.RLMixinsPlugin]: RLMixins Late Enqueue: EnderWatcher Performance Patch (Quark)
[22:56:39] [main/INFO] [FermiumRegistryAPI]: FermiumRegistryAPI supplied "mixins.rlmixins.enderwatcherperf.json" for late mixin enqueue, adding.
[22:56:39] [main/INFO] [rlmixins.RLMixinsPlugin]: RLMixins Late Enqueue: ScalingHealth Death Desync (ScalingHealth)
[22:56:39] [main/INFO] [FermiumRegistryAPI]: FermiumRegistryAPI supplied "mixins.rlmixins.scalinghealthdesync.json" for late mixin enqueue, adding.
[22:56:39] [main/INFO] [rlmixins.RLMixinsPlugin]: RLMixins Late Enqueue: Cauldron Failure Mundane (Inspirations)
[22:56:39] [main/INFO] [FermiumRegistryAPI]: FermiumRegistryAPI supplied "mixins.rlmixins.cauldronfailure.json" for late mixin enqueue, adding.
[22:56:39] [main/INFO] [rlmixins.RLMixinsPlugin]: RLMixins Late Enqueue: Rusting Curse Negative Durability Patch (Charm)
[22:56:39] [main/INFO] [FermiumRegistryAPI]: FermiumRegistryAPI supplied "mixins.rlmixins.rustingnegative.json" for late mixin enqueue, adding.
[22:56:39] [main/INFO] [rlmixins.RLMixinsPlugin]: RLMixins Late Enqueue: Player Tracking Patch (Reskillable)
[22:56:39] [main/INFO] [FermiumRegistryAPI]: FermiumRegistryAPI supplied "mixins.rlmixins.reskillabletracking.json" for late mixin enqueue, adding.
[22:56:39] [main/INFO] [rlmixins.RLMixinsPlugin]: RLMixins Late Enqueue: SeedFood Bypass Lock (Reskillable)
[22:56:39] [main/INFO] [FermiumRegistryAPI]: FermiumRegistryAPI supplied "mixins.rlmixins.seedfoodbypass.json" for late mixin enqueue, adding.
[22:56:39] [main/INFO] [rlmixins.RLMixinsPlugin]: RLMixins Late Enqueue: Quark Chat Link NBT Crash (Quark)
[22:56:39] [main/INFO] [FermiumRegistryAPI]: FermiumRegistryAPI supplied "mixins.rlmixins.chatlinkcrash.json" for late mixin enqueue, adding.
[22:56:39] [main/INFO] [rlmixins.RLMixinsPlugin]: RLMixins Late Enqueue: XaT Magic Handler Players Only (Trinkets and Baubles)
[22:56:39] [main/INFO] [FermiumRegistryAPI]: FermiumRegistryAPI supplied "mixins.rlmixins.xatmagicperf.json" for late mixin enqueue, adding.
[22:56:39] [main/INFO] [rlmixins.RLMixinsPlugin]: RLMixins Late Enqueue: Quark Force Disable Potion Colorizer (Quark)
[22:56:39] [main/INFO] [FermiumRegistryAPI]: FermiumRegistryAPI supplied "mixins.rlmixins.quarkcolorizer.json" for late mixin enqueue, adding.
[22:56:39] [main/INFO] [rlmixins.RLMixinsPlugin]: RLMixins Late Enqueue: Vampirism Cheese Patch (BetterSurvival)
[22:56:39] [main/INFO] [FermiumRegistryAPI]: FermiumRegistryAPI supplied "mixins.rlmixins.bsvampirism.json" for late mixin enqueue, adding.
[22:56:39] [main/INFO] [rlmixins.RLMixinsPlugin]: RLMixins Late Enqueue: BetterQuesting Memory Leak Fix (BetterQuesting Standard Expansion)
[22:56:39] [main/INFO] [FermiumRegistryAPI]: FermiumRegistryAPI supplied "mixins.rlmixins.bqmemleak.json" for late mixin enqueue, adding.
[22:56:39] [main/INFO] [rlmixins.RLMixinsPlugin]: RLMixins Late Enqueue: Coffee Cures Hangover (Rustic/Charm)
[22:56:39] [main/INFO] [FermiumRegistryAPI]: FermiumRegistryAPI supplied "mixins.rlmixins.coffeehangover.json" for late mixin enqueue, adding.
[22:56:39] [main/INFO] [rlmixins.RLMixinsPlugin]: RLMixins Late Enqueue: Supress DT Branch Errors (DynamicTrees)
[22:56:39] [main/INFO] [FermiumRegistryAPI]: FermiumRegistryAPI supplied "mixins.rlmixins.dtfallingerror.json" for late mixin enqueue, adding.
[22:56:39] [main/INFO] [rlmixins.RLMixinsPlugin]: RLMixins Late Enqueue: Infernal Particle Spam (InfernalMobs)
[22:56:39] [main/INFO] [FermiumRegistryAPI]: FermiumRegistryAPI supplied "mixins.rlmixins.infernalparticle.json" for late mixin enqueue, adding.
[22:56:39] [main/INFO] [rlmixins.RLMixinsPlugin]: RLMixins Late Enqueue: Cancel Parasite Reach Packet (SRParasites)
[22:56:39] [main/INFO] [FermiumRegistryAPI]: FermiumRegistryAPI supplied "mixins.rlmixins.srppacket.json" for late mixin enqueue, adding.
[22:56:39] [main/INFO] [rlmixins.RLMixinsPlugin]: RLMixins Late Enqueue: Trumpet Gluttony (BountifulBaubles/TrumpetSkeleton)
[22:56:39] [main/INFO] [FermiumRegistryAPI]: FermiumRegistryAPI supplied "mixins.rlmixins.trumpetglutton.json" for late mixin enqueue, adding.
[22:56:39] [main/INFO] [rlmixins.RLMixinsPlugin]: RLMixins Late Enqueue: ForgottenItems Fix Binding NBT (ForgottenItems)
[22:56:39] [main/INFO] [FermiumRegistryAPI]: FermiumRegistryAPI supplied "mixins.rlmixins.forgottenitemsbound.json" for late mixin enqueue, adding.
[22:56:39] [main/INFO] [rlmixins.RLMixinsPlugin]: RLMixins Late Enqueue: JEI Suppress Varied Commodities Errors (JEI)
[22:56:39] [main/INFO] [FermiumRegistryAPI]: FermiumRegistryAPI supplied "mixins.rlmixins.jeivcerror.json" for late mixin enqueue, adding.
[22:56:39] [main/INFO] [rlmixins.RLMixinsPlugin]: RLMixins Late Enqueue: JEI Ignore Anvil Recipes (JEI)
[22:56:39] [main/INFO] [FermiumRegistryAPI]: FermiumRegistryAPI supplied "mixins.rlmixins.jeianvil.json" for late mixin enqueue, adding.
[22:56:39] [main/INFO] [rlmixins.RLMixinsPlugin]: RLMixins Late Enqueue: Fix Duplicate MoBends Render ID Crash (Vanilla/MoBends)
[22:56:39] [main/INFO] [FermiumRegistryAPI]: FermiumRegistryAPI supplied "mixins.rlmixins.mobendsrenderids.json" for late mixin enqueue, adding.
[22:56:39] [main/INFO] [rlmixins.RLMixinsPlugin]: RLMixins Late Enqueue: Overhaul SME (Vanilla/SME/RLCombat)
[22:56:39] [main/INFO] [FermiumRegistryAPI]: FermiumRegistryAPI supplied "mixins.rlmixins.smeoverhaul.json" for late mixin enqueue, adding.
[22:56:39] [main/INFO] [rlmixins.RLMixinsPlugin]: RLMixins Late Enqueue: Config Alcohol Effects (Rustic)
[22:56:39] [main/INFO] [FermiumRegistryAPI]: FermiumRegistryAPI supplied "mixins.rlmixins.alcoholconfig.json" for late mixin enqueue, adding.
[22:56:39] [main/INFO] [rlmixins.RLMixinsPlugin]: RLMixins Late Enqueue: Champion Death Message Tweak (Champions)
[22:56:39] [main/INFO] [FermiumRegistryAPI]: FermiumRegistryAPI supplied "mixins.rlmixins.championname.json" for late mixin enqueue, adding.
[22:56:39] [main/INFO] [rlmixins.RLMixinsPlugin]: RLMixins Late Enqueue: LycanitesMobs Lowercase Performance Patch (LycanitesMobs)
[22:56:39] [main/INFO] [FermiumRegistryAPI]: FermiumRegistryAPI supplied "mixins.rlmixins.lycanitelowercase.json" for late mixin enqueue, adding.
[22:56:39] [main/INFO] [rlmixins.RLMixinsPlugin]: RLMixins Late Enqueue: BQU Remove Hardcoded Backspace (BetterQuesting Unofficial)
[22:56:39] [main/INFO] [FermiumRegistryAPI]: FermiumRegistryAPI supplied "mixins.rlmixins.bqubackspace.json" for late mixin enqueue, adding.
[22:56:39] [main/INFO] [rlmixins.RLMixinsPlugin]: RLMixins Late Enqueue: Flowering Oak DT Fix (DynamicTrees/BOP/DTBOP)
[22:56:39] [main/INFO] [FermiumRegistryAPI]: FermiumRegistryAPI supplied "mixins.rlmixins.floweringoakleaves.json" for late mixin enqueue, adding.
[22:56:39] [main/INFO] [rlmixins.RLMixinsPlugin]: RLMixins Late Enqueue: JEI Revert Bookmark Location Changes (JEI)
[22:56:39] [main/INFO] [FermiumRegistryAPI]: FermiumRegistryAPI supplied "mixins.rlmixins.jeibookmark.json" for late mixin enqueue, adding.
[22:56:39] [main/INFO] [rlmixins.RLMixinsPlugin]: RLMixins Late Enqueue: OTG CustomStructureCache Improve Load Speed (OTG)
[22:56:39] [main/INFO] [FermiumRegistryAPI]: FermiumRegistryAPI supplied "mixins.rlmixins.otgloadspeed.json" for late mixin enqueue, adding.
[22:56:39] [main/INFO] [rlmixins.RLMixinsPlugin]: RLMixins Late Enqueue: Lost Cities No Respawn (Lost Cities)
[22:56:39] [main/INFO] [FermiumRegistryAPI]: FermiumRegistryAPI supplied "mixins.rlmixins.lostcityrespawn.json" for late mixin enqueue, adding.
[22:56:39] [main/INFO] [rlmixins.RLMixinsPlugin]: RLMixins Late Enqueue: Replace Parasite Armor Models (SRParasites)
[22:56:39] [main/INFO] [FermiumRegistryAPI]: FermiumRegistryAPI supplied "mixins.rlmixins.parasitearmor.json" for late mixin enqueue, adding.
[22:56:39] [main/INFO] [rlmixins.RLMixinsPlugin]: RLMixins Late Enqueue: OTG Save To Disk Crash Checks (OTG)
[22:56:39] [main/INFO] [FermiumRegistryAPI]: FermiumRegistryAPI supplied "mixins.rlmixins.otgsavetodiskcrash.json" for late mixin enqueue, adding.
[22:56:39] [main/INFO] [rlmixins.RLMixinsPlugin]: RLMixins Late Enqueue: Better Foliage Chunk XRay (BetterFoliage/ChunkAnimator)
[22:56:39] [main/INFO] [FermiumRegistryAPI]: FermiumRegistryAPI supplied "mixins.rlmixins.betterfoliagechunkanimator.json" for late mixin enqueue, adding.
[22:56:39] [main/INFO] [rlmixins.RLMixinsPlugin]: RLMixins Late Enqueue: XaT Cache Config Attributes (Trinkets and Baubles)
[22:56:39] [main/INFO] [FermiumRegistryAPI]: FermiumRegistryAPI supplied "mixins.rlmixins.trinketsmemusage.json" for late mixin enqueue, adding.
[22:56:39] [main/INFO] [rlmixins.RLMixinsPlugin]: RLMixins Late Enqueue: BetterNether Memory Leak Fix (BetterNether)
[22:56:39] [main/INFO] [FermiumRegistryAPI]: FermiumRegistryAPI supplied "mixins.rlmixins.betternethermemleak.json" for late mixin enqueue, adding.
[22:56:39] [main/INFO] [rlmixins.RLMixinsPlugin]: RLMixins Late Enqueue: BetterSurvival LivingUpdateHandler Optimization (BetterSurvival)
[22:56:39] [main/INFO] [FermiumRegistryAPI]: FermiumRegistryAPI supplied "mixins.rlmixins.bslivingupdate.json" for late mixin enqueue, adding.
[22:56:39] [main/INFO] [rlmixins.RLMixinsPlugin]: RLMixins Late Enqueue: Wyrm Osmosis (Reskillable/DefiledLands)
[22:56:39] [main/INFO] [FermiumRegistryAPI]: FermiumRegistryAPI supplied "mixins.rlmixins.wyrmosmosis.json" for late mixin enqueue, adding.
[22:56:39] [main/INFO] [rlmixins.RLMixinsPlugin]: RLMixins Late Enqueue: CarryOn Pig Saddle Patch (CarryOn)
[22:56:39] [main/INFO] [FermiumRegistryAPI]: FermiumRegistryAPI supplied "mixins.rlmixins.carryonpig.json" for late mixin enqueue, adding.
[22:56:39] [main/INFO] [rlmixins.RLMixinsPlugin]: RLMixins Late Enqueue: Lycanite Targetting (LycanitesMobs/IceAndFire)
[22:56:39] [main/INFO] [FermiumRegistryAPI]: FermiumRegistryAPI supplied "mixins.rlmixins.lycanitetargetting.json" for late mixin enqueue, adding.
[22:56:39] [main/INFO] [rlmixins.RLMixinsPlugin]: RLMixins Late Enqueue: SereneSeasons Reflection Caching Patch (SereneSeasons)
[22:56:39] [main/INFO] [FermiumRegistryAPI]: FermiumRegistryAPI supplied "mixins.rlmixins.serenereflection.json" for late mixin enqueue, adding.
[22:56:39] [main/INFO] [rlmixins.RLMixinsPlugin]: RLMixins Late Enqueue: CorpseComplex XP Death Fix (CorpseComplex)
[22:56:39] [main/INFO] [FermiumRegistryAPI]: FermiumRegistryAPI supplied "mixins.rlmixins.corpsecomplexreturn.json" for late mixin enqueue, adding.
[22:56:39] [main/INFO] [rlmixins.RLMixinsPlugin]: RLMixins Late Enqueue: Quark Springy Slime Force Disable (Quark)
[22:56:39] [main/INFO] [FermiumRegistryAPI]: FermiumRegistryAPI supplied "mixins.rlmixins.quarkslime.json" for late mixin enqueue, adding.
[22:56:39] [main/INFO] [rlmixins.RLMixinsPlugin]: RLMixins Late Enqueue: Clay Tool Enchant Patch (NoTreePunching)
[22:56:39] [main/INFO] [FermiumRegistryAPI]: FermiumRegistryAPI supplied "mixins.rlmixins.claytoolenchanting.json" for late mixin enqueue, adding.
[22:56:39] [main/INFO] [rlmixins.RLMixinsPlugin]: RLMixins Late Enqueue: DSHuds Barometer Patch (DSHuds/Inspirations)
[22:56:39] [main/INFO] [FermiumRegistryAPI]: FermiumRegistryAPI supplied "mixins.rlmixins.dshudbarometer.json" for late mixin enqueue, adding.
[22:56:39] [main/INFO] [rlmixins.RLMixinsPlugin]: RLMixins Late Enqueue: Horse Meat From Llamas Fix (FoodExpansion)
[22:56:39] [main/INFO] [FermiumRegistryAPI]: FermiumRegistryAPI supplied "mixins.rlmixins.llamahorsemeat.json" for late mixin enqueue, adding.
[22:56:39] [main/INFO] [rlmixins.RLMixinsPlugin]: RLMixins Late Enqueue: Force OTG No Set Spawn (OTG)
[22:56:39] [main/INFO] [FermiumRegistryAPI]: FermiumRegistryAPI supplied "mixins.rlmixins.otgoverridesetspawn.json" for late mixin enqueue, adding.
[22:56:39] [main/INFO] [rlmixins.RLMixinsPlugin]: RLMixins Late Enqueue: Half Reach (PotionCore)
[22:56:39] [main/INFO] [FermiumRegistryAPI]: FermiumRegistryAPI supplied "mixins.rlmixins.halfreach.json" for late mixin enqueue, adding.
[22:56:39] [main/INFO] [rlmixins.RLMixinsPlugin]: RLMixins Late Enqueue: Quark Enchanted Book Tooltip Rendering Patch (Quark)
[22:56:39] [main/INFO] [FermiumRegistryAPI]: FermiumRegistryAPI supplied "mixins.rlmixins.quarkenchantedtooltip.json" for late mixin enqueue, adding.
[22:56:39] [main/INFO] [rlmixins.RLMixinsPlugin]: RLMixins Late Enqueue: Inspirations Bookshelf Color Crash Fix (Inspirations)
[22:56:39] [main/INFO] [FermiumRegistryAPI]: FermiumRegistryAPI supplied "mixins.rlmixins.inspirationscolorcheck.json" for late mixin enqueue, adding.
[22:56:39] [main/INFO] [rlmixins.RLMixinsPlugin]: RLMixins Late Enqueue: ChunkAnimator XRay (Vanilla/ChunkAnimator)
[22:56:39] [main/INFO] [FermiumRegistryAPI]: FermiumRegistryAPI supplied "mixins.rlmixins.chunkanimator.json" for late mixin enqueue, adding.
[22:56:39] [main/INFO] [rlmixins.RLMixinsPlugin]: RLMixins Late Enqueue: Obsidian Skull/Shield Rework (BountifulBaubles)
[22:56:39] [main/INFO] [FermiumRegistryAPI]: FermiumRegistryAPI supplied "mixins.rlmixins.obsidianskull.json" for late mixin enqueue, adding.
[22:56:39] [main/INFO] [rlmixins.RLMixinsPlugin]: RLMixins Late Enqueue: Reskillable Indirect Self Damage Patch (Reskillable)
[22:56:39] [main/INFO] [FermiumRegistryAPI]: FermiumRegistryAPI supplied "mixins.rlmixins.reskillableindirect.json" for late mixin enqueue, adding.
[22:56:39] [main/INFO] [rlmixins.RLMixinsPlugin]: RLMixins Late Enqueue: Rework Waystone Used Name Check (Waystones)
[22:56:39] [main/INFO] [FermiumRegistryAPI]: FermiumRegistryAPI supplied "mixins.rlmixins.waystonename.json" for late mixin enqueue, adding.
[22:56:39] [main/INFO] [rlmixins.RLMixinsPlugin]: RLMixins Late Enqueue: Potion Amplifier Visibility (DSHuds)
[22:56:39] [main/INFO] [FermiumRegistryAPI]: FermiumRegistryAPI supplied "mixins.rlmixins.dshudpotion.json" for late mixin enqueue, adding.
[22:56:39] [main/INFO] [rlmixins.RLMixinsPlugin]: RLMixins Late Enqueue: DregoraRL First Time Setup Progress (DregoraRL)
[22:56:39] [main/INFO] [FermiumRegistryAPI]: FermiumRegistryAPI supplied "mixins.rlmixins.dregorarlprogress.json" for late mixin enqueue, adding.
[22:56:39] [main/INFO] [rlmixins.RLMixinsPlugin]: RLMixins Late Enqueue: Item Reach Attribute (ItemPhysics)
[22:56:39] [main/INFO] [FermiumRegistryAPI]: FermiumRegistryAPI supplied "mixins.rlmixins.itemreach.json" for late mixin enqueue, adding.
[22:56:39] [main/INFO] [rlmixins.RLMixinsPlugin]: RLMixins Late Enqueue: CarryOn Ungenerated Chest Patch (CarryOn)
[22:56:39] [main/INFO] [FermiumRegistryAPI]: FermiumRegistryAPI supplied "mixins.rlmixins.carryonunlooted.json" for late mixin enqueue, adding.
[22:56:39] [main/INFO] [rlmixins.RLMixinsPlugin]: RLMixins Late Enqueue: Fishs Undead Rising Client Side Effects (Fishs Undead Rising)
[22:56:39] [main/INFO] [FermiumRegistryAPI]: FermiumRegistryAPI supplied "mixins.rlmixins.fishsundeadpotioneffects.json" for late mixin enqueue, adding.
[22:56:39] [main/INFO] [rlmixins.RLMixinsPlugin]: RLMixins Late Enqueue: Boss AstikorCart Cheese (Vanilla/AstikorCarts/InfernalMobs/ScalingHealth/Champions)
[22:56:39] [main/INFO] [FermiumRegistryAPI]: FermiumRegistryAPI supplied "mixins.rlmixins.astikorcheese.json" for late mixin enqueue, adding.
[22:56:39] [main/INFO] [rlmixins.RLMixinsPlugin]: RLMixins Late Enqueue: Fishs Undead Grenade Consuming (Fish's Undead Rising)
[22:56:39] [main/INFO] [FermiumRegistryAPI]: FermiumRegistryAPI supplied "mixins.rlmixins.fishsgrenadedupe.json" for late mixin enqueue, adding.
[22:56:39] [main/INFO] [rlmixins.RLMixinsPlugin]: RLMixins Late Enqueue: Fix Fish's Undead Rising Ghost Stew Crash (Fish's Undead Rising)
[22:56:39] [main/INFO] [FermiumRegistryAPI]: FermiumRegistryAPI supplied "mixins.rlmixins.fishsundeadfoodcrash.json" for late mixin enqueue, adding.
[22:56:39] [main/INFO] [rlmixins.RLMixinsPlugin]: RLMixins Late Enqueue: Undershirt Rework (Reskillable/FirstAid)
[22:56:39] [main/INFO] [FermiumRegistryAPI]: FermiumRegistryAPI supplied "mixins.rlmixins.undershirt.json" for late mixin enqueue, adding.
[22:56:39] [main/INFO] [rlmixins.RLMixinsPlugin]: RLMixins Late Enqueue: Strange Bones stack to 16 (SRParasites)
[22:56:39] [main/INFO] [FermiumRegistryAPI]: FermiumRegistryAPI supplied "mixins.rlmixins.srpstrangebonestacking.json" for late mixin enqueue, adding.
[22:56:39] [main/INFO] [rlmixins.RLMixinsPlugin]: RLMixins Late Enqueue: Doomlike Dungeon No Theme Error (DoomlikeDungeons)
[22:56:39] [main/INFO] [FermiumRegistryAPI]: FermiumRegistryAPI supplied "mixins.rlmixins.doomlikethemeerror.json" for late mixin enqueue, adding.
[22:56:39] [main/INFO] [rlmixins.RLMixinsPlugin]: RLMixins Late Enqueue: HungryFarmer Blacklist (Reskillable)
[22:56:39] [main/INFO] [FermiumRegistryAPI]: FermiumRegistryAPI supplied "mixins.rlmixins.hungryfarmer.json" for late mixin enqueue, adding.
[22:56:39] [main/INFO] [rlmixins.RLMixinsPlugin]: RLMixins Late Enqueue: Scarlite Sword Config Effect (DefiledLands)
[22:56:39] [main/INFO] [FermiumRegistryAPI]: FermiumRegistryAPI supplied "mixins.rlmixins.scarlitesword.json" for late mixin enqueue, adding.
[22:56:39] [main/INFO] [rlmixins.RLMixinsPlugin]: RLMixins Late Enqueue: Fix LycanitesMobs Charges in Item Frames (LycanitesMobs)
[22:56:39] [main/INFO] [FermiumRegistryAPI]: FermiumRegistryAPI supplied "mixins.rlmixins.lycanitechargeframe.json" for late mixin enqueue, adding.
[22:56:39] [main/INFO] [rlmixins.RLMixinsPlugin]: RLMixins Late Enqueue: DramaticTrees Falling Overhaul (DramaticTrees)
[22:56:39] [main/INFO] [FermiumRegistryAPI]: FermiumRegistryAPI supplied "mixins.rlmixins.dramatictreefalling.json" for late mixin enqueue, adding.
[22:56:39] [main/INFO] [rlmixins.RLMixinsPlugin]: RLMixins Late Enqueue: Switchbow Quiver Patch (Switchbow)
[22:56:39] [main/INFO] [FermiumRegistryAPI]: FermiumRegistryAPI supplied "mixins.rlmixins.switchbowquiver.json" for late mixin enqueue, adding.
[22:56:39] [main/INFO] [rlmixins.RLMixinsPlugin]: RLMixins Late Enqueue: VC Ruby Name Change (VariedCommodities)
[22:56:39] [main/INFO] [FermiumRegistryAPI]: FermiumRegistryAPI supplied "mixins.rlmixins.vcrubyname.json" for late mixin enqueue, adding.
[22:56:39] [main/INFO] [rlmixins.RLMixinsPlugin]: RLMixins Late Enqueue: Bloodmoon Spawning Performance (Bloodmoon)
[22:56:39] [main/INFO] [FermiumRegistryAPI]: FermiumRegistryAPI supplied "mixins.rlmixins.bloodmoonperformance.json" for late mixin enqueue, adding.
[22:56:39] [main/INFO] [rlmixins.RLMixinsPlugin]: RLMixins Late Enqueue: Rain Collector Canteen Fix (SimpleDifficulty)
[22:56:39] [main/INFO] [FermiumRegistryAPI]: FermiumRegistryAPI supplied "mixins.rlmixins.raincollector.json" for late mixin enqueue, adding.
[22:56:39] [main/INFO] [rlmixins.RLMixinsPlugin]: RLMixins Late Enqueue: Purified Rain Water (SimpleDifficulty)
[22:56:39] [main/INFO] [FermiumRegistryAPI]: FermiumRegistryAPI supplied "mixins.rlmixins.sdrain.json" for late mixin enqueue, adding.
[22:56:39] [main/DEBUG] [FML]: Enqueued coremod RLMixinsPlugin
[22:56:39] [main/DEBUG] [mixin]: MixinPlatformAgentFMLLegacy accepted container ContainerHandleURI(file:/C:/Users/frank/OneDrive/Desktop/mc-server-share-mod1/server1.20.4/./mods/RLMixins-1.3.13.jar)
[22:56:39] [main/DEBUG] [mixin]: Instancing new MixinPlatformAgentLiteLoaderLegacy for ContainerHandleURI(file:/C:/Users/frank/OneDrive/Desktop/mc-server-share-mod1/server1.20.4/./mods/RLMixins-1.3.13.jar)
[22:56:39] [main/DEBUG] [mixin]: MixinPlatformAgentLiteLoaderLegacy rejected container ContainerHandleURI(file:/C:/Users/frank/OneDrive/Desktop/mc-server-share-mod1/server1.20.4/./mods/RLMixins-1.3.13.jar)
[22:56:39] [main/DEBUG] [mixin]: Instancing new MixinPlatformAgentDefault for ContainerHandleURI(file:/C:/Users/frank/OneDrive/Desktop/mc-server-share-mod1/server1.20.4/./mods/RLMixins-1.3.13.jar)
[22:56:39] [main/DEBUG] [mixin]: MixinPlatformAgentDefault accepted container ContainerHandleURI(file:/C:/Users/frank/OneDrive/Desktop/mc-server-share-mod1/server1.20.4/./mods/RLMixins-1.3.13.jar)
[22:56:39] [main/DEBUG] [mixin]: Adding agents for Mixin Container ContainerHandleURI(file:/C:/Users/frank/OneDrive/Desktop/mc-server-share-mod1/server1.20.4/./mods/SnowRealMagic-1.12.2-0.7.1.jar)
[22:56:39] [main/DEBUG] [mixin]: Adding mixin platform agents for container ContainerHandleURI(file:/C:/Users/frank/OneDrive/Desktop/mc-server-share-mod1/server1.20.4/./mods/SnowRealMagic-1.12.2-0.7.1.jar)
[22:56:39] [main/DEBUG] [mixin]: Instancing new MixinPlatformAgentFMLLegacy for ContainerHandleURI(file:/C:/Users/frank/OneDrive/Desktop/mc-server-share-mod1/server1.20.4/./mods/SnowRealMagic-1.12.2-0.7.1.jar)
[22:56:39] [main/DEBUG] [mixin]: ForceLoadAsMod was specified for SnowRealMagic-1.12.2-0.7.1.jar, attempting force-load
[22:56:39] [main/DEBUG] [mixin]: Adding SnowRealMagic-1.12.2-0.7.1.jar to reparseable coremod collection
[22:56:39] [main/DEBUG] [mixin]: SnowRealMagic-1.12.2-0.7.1.jar has core plugin snownee.snow.core.CoreMod. Injecting it into FML for co-initialisation:
[22:56:39] [main/DEBUG] [FML]: Instantiating coremod class CoreMod
[22:56:39] [main/TRACE] [FML]: coremod named Snow! Real Magic! is loading
[22:56:39] [main/WARN] [FML]: The coremod snownee.snow.core.CoreMod does not have a MCVersion annotation, it may cause issues with this version of Minecraft
[22:56:39] [main/WARN] [FML]: The coremod Snow! Real Magic! (snownee.snow.core.CoreMod) is not signed!
[22:56:39] [main/DEBUG] [FML]: Enqueued coremod Snow! Real Magic!
[22:56:39] [main/DEBUG] [mixin]: MixinPlatformAgentFMLLegacy accepted container ContainerHandleURI(file:/C:/Users/frank/OneDrive/Desktop/mc-server-share-mod1/server1.20.4/./mods/SnowRealMagic-1.12.2-0.7.1.jar)
[22:56:39] [main/DEBUG] [mixin]: Instancing new MixinPlatformAgentLiteLoaderLegacy for ContainerHandleURI(file:/C:/Users/frank/OneDrive/Desktop/mc-server-share-mod1/server1.20.4/./mods/SnowRealMagic-1.12.2-0.7.1.jar)
[22:56:39] [main/DEBUG] [mixin]: MixinPlatformAgentLiteLoaderLegacy rejected container ContainerHandleURI(file:/C:/Users/frank/OneDrive/Desktop/mc-server-share-mod1/server1.20.4/./mods/SnowRealMagic-1.12.2-0.7.1.jar)
[22:56:39] [main/DEBUG] [mixin]: Instancing new MixinPlatformAgentDefault for ContainerHandleURI(file:/C:/Users/frank/OneDrive/Desktop/mc-server-share-mod1/server1.20.4/./mods/SnowRealMagic-1.12.2-0.7.1.jar)
[22:56:39] [main/DEBUG] [mixin]: MixinPlatformAgentDefault accepted container ContainerHandleURI(file:/C:/Users/frank/OneDrive/Desktop/mc-server-share-mod1/server1.20.4/./mods/SnowRealMagic-1.12.2-0.7.1.jar)
[22:56:39] [main/DEBUG] [mixin]: Adding agents for Mixin Container ContainerHandleURI(file:/C:/Users/frank/OneDrive/Desktop/mc-server-share-mod1/server1.20.4/./mods/spark-unforged-1.11.2-forge.jar)
[22:56:39] [main/DEBUG] [mixin]: Adding mixin platform agents for container ContainerHandleURI(file:/C:/Users/frank/OneDrive/Desktop/mc-server-share-mod1/server1.20.4/./mods/spark-unforged-1.11.2-forge.jar)
[22:56:39] [main/DEBUG] [mixin]: Instancing new MixinPlatformAgentFMLLegacy for ContainerHandleURI(file:/C:/Users/frank/OneDrive/Desktop/mc-server-share-mod1/server1.20.4/./mods/spark-unforged-1.11.2-forge.jar)
[22:56:39] [main/DEBUG] [mixin]: ForceLoadAsMod was specified for spark-unforged-1.11.2-forge.jar, attempting force-load
[22:56:39] [main/DEBUG] [mixin]: Adding spark-unforged-1.11.2-forge.jar to reparseable coremod collection
[22:56:39] [main/DEBUG] [mixin]: spark-unforged-1.11.2-forge.jar has core plugin me.lucko.spark.forge.mixin.SparkMixinPlugin. Injecting it into FML for co-initialisation:
[22:56:39] [main/DEBUG] [FML]: Instantiating coremod class SparkMixinPlugin
[22:56:39] [main/DEBUG] [mixin]: Checking for additional mixins for MixinEnvironment[PREINIT]
[22:56:39] [main/TRACE] [FML]: coremod named Spark is loading
[22:56:39] [main/DEBUG] [FML]: The coremod me.lucko.spark.forge.mixin.SparkMixinPlugin requested minecraft version 1.12.2 and minecraft is 1.12.2. It will be loaded.
[22:56:39] [main/WARN] [FML]: The coremod Spark (me.lucko.spark.forge.mixin.SparkMixinPlugin) is not signed!
[22:56:39] [main/DEBUG] [FML]: Enqueued coremod Spark
[22:56:39] [main/DEBUG] [mixin]: MixinPlatformAgentFMLLegacy accepted container ContainerHandleURI(file:/C:/Users/frank/OneDrive/Desktop/mc-server-share-mod1/server1.20.4/./mods/spark-unforged-1.11.2-forge.jar)
[22:56:39] [main/DEBUG] [mixin]: Instancing new MixinPlatformAgentLiteLoaderLegacy for ContainerHandleURI(file:/C:/Users/frank/OneDrive/Desktop/mc-server-share-mod1/server1.20.4/./mods/spark-unforged-1.11.2-forge.jar)
[22:56:39] [main/DEBUG] [mixin]: MixinPlatformAgentLiteLoaderLegacy rejected container ContainerHandleURI(file:/C:/Users/frank/OneDrive/Desktop/mc-server-share-mod1/server1.20.4/./mods/spark-unforged-1.11.2-forge.jar)
[22:56:39] [main/DEBUG] [mixin]: Instancing new MixinPlatformAgentDefault for ContainerHandleURI(file:/C:/Users/frank/OneDrive/Desktop/mc-server-share-mod1/server1.20.4/./mods/spark-unforged-1.11.2-forge.jar)
[22:56:39] [main/DEBUG] [mixin]: MixinPlatformAgentDefault accepted container ContainerHandleURI(file:/C:/Users/frank/OneDrive/Desktop/mc-server-share-mod1/server1.20.4/./mods/spark-unforged-1.11.2-forge.jar)
[22:56:39] [main/DEBUG] [mixin]: Adding agents for Mixin Container ContainerHandleURI(file:/C:/Users/frank/OneDrive/Desktop/mc-server-share-mod1/server1.20.4/./mods/SpartanWeaponry-1.12.2-1.6.0.jar)
[22:56:39] [main/DEBUG] [mixin]: Adding mixin platform agents for container ContainerHandleURI(file:/C:/Users/frank/OneDrive/Desktop/mc-server-share-mod1/server1.20.4/./mods/SpartanWeaponry-1.12.2-1.6.0.jar)
[22:56:39] [main/DEBUG] [mixin]: Instancing new MixinPlatformAgentFMLLegacy for ContainerHandleURI(file:/C:/Users/frank/OneDrive/Desktop/mc-server-share-mod1/server1.20.4/./mods/SpartanWeaponry-1.12.2-1.6.0.jar)
[22:56:39] [main/DEBUG] [mixin]: ForceLoadAsMod was specified for SpartanWeaponry-1.12.2-1.6.0.jar, attempting force-load
[22:56:39] [main/DEBUG] [mixin]: Adding SpartanWeaponry-1.12.2-1.6.0.jar to reparseable coremod collection
[22:56:39] [main/DEBUG] [mixin]: SpartanWeaponry-1.12.2-1.6.0.jar has core plugin com.oblivioussp.spartanweaponry.mixin.MixinLoader. Injecting it into FML for co-initialisation:
[22:56:39] [main/DEBUG] [FML]: Instantiating coremod class MixinLoader
[22:56:39] [main/TRACE] [FML]: coremod named SpartanWeaponry-MixinLoader is loading
[22:56:39] [main/DEBUG] [FML]: The coremod com.oblivioussp.spartanweaponry.mixin.MixinLoader requested minecraft version 1.12.2 and minecraft is 1.12.2. It will be loaded.
[22:56:39] [main/WARN] [FML]: The coremod SpartanWeaponry-MixinLoader (com.oblivioussp.spartanweaponry.mixin.MixinLoader) is not signed!
[22:56:39] [main/DEBUG] [FML]: Enqueued coremod SpartanWeaponry-MixinLoader
[22:56:39] [main/DEBUG] [mixin]: MixinPlatformAgentFMLLegacy accepted container ContainerHandleURI(file:/C:/Users/frank/OneDrive/Desktop/mc-server-share-mod1/server1.20.4/./mods/SpartanWeaponry-1.12.2-1.6.0.jar)
[22:56:39] [main/DEBUG] [mixin]: Instancing new MixinPlatformAgentLiteLoaderLegacy for ContainerHandleURI(file:/C:/Users/frank/OneDrive/Desktop/mc-server-share-mod1/server1.20.4/./mods/SpartanWeaponry-1.12.2-1.6.0.jar)
[22:56:39] [main/DEBUG] [mixin]: MixinPlatformAgentLiteLoaderLegacy rejected container ContainerHandleURI(file:/C:/Users/frank/OneDrive/Desktop/mc-server-share-mod1/server1.20.4/./mods/SpartanWeaponry-1.12.2-1.6.0.jar)
[22:56:39] [main/DEBUG] [mixin]: Instancing new MixinPlatformAgentDefault for ContainerHandleURI(file:/C:/Users/frank/OneDrive/Desktop/mc-server-share-mod1/server1.20.4/./mods/SpartanWeaponry-1.12.2-1.6.0.jar)
[22:56:39] [main/DEBUG] [mixin]: MixinPlatformAgentDefault accepted container ContainerHandleURI(file:/C:/Users/frank/OneDrive/Desktop/mc-server-share-mod1/server1.20.4/./mods/SpartanWeaponry-1.12.2-1.6.0.jar)
[22:56:39] [main/DEBUG] [mixin]: Adding agents for Mixin Container ContainerHandleURI(file:/C:/Users/frank/OneDrive/Desktop/mc-server-share-mod1/server1.20.4/./mods/Surge-1.12.2-2.0.79.jar)
[22:56:39] [main/DEBUG] [mixin]: Adding mixin platform agents for container ContainerHandleURI(file:/C:/Users/frank/OneDrive/Desktop/mc-server-share-mod1/server1.20.4/./mods/Surge-1.12.2-2.0.79.jar)
[22:56:39] [main/DEBUG] [mixin]: Instancing new MixinPlatformAgentFMLLegacy for ContainerHandleURI(file:/C:/Users/frank/OneDrive/Desktop/mc-server-share-mod1/server1.20.4/./mods/Surge-1.12.2-2.0.79.jar)
[22:56:39] [main/DEBUG] [mixin]: ForceLoadAsMod was specified for Surge-1.12.2-2.0.79.jar, attempting force-load
[22:56:39] [main/DEBUG] [mixin]: Adding Surge-1.12.2-2.0.79.jar to reparseable coremod collection
[22:56:39] [main/DEBUG] [mixin]: Surge-1.12.2-2.0.79.jar has core plugin net.darkhax.surge.core.SurgeLoadingPlugin. Injecting it into FML for co-initialisation:
[22:56:39] [main/DEBUG] [FML]: Instantiating coremod class SurgeLoadingPlugin
[22:56:39] [main/DEBUG] [FML]: The coremod net.darkhax.surge.core.SurgeLoadingPlugin requested minecraft version 1.12.2 and minecraft is 1.12.2. It will be loaded.
[22:56:39] [main/DEBUG] [FML]: Found signing certificates for coremod SurgeLoadingPlugin (net.darkhax.surge.core.SurgeLoadingPlugin)
[22:56:39] [main/DEBUG] [FML]: Found certificate d476d1b22b218a10d845928d1665d45fce301b27
[22:56:39] [main/DEBUG] [FML]: Enqueued coremod SurgeLoadingPlugin
[22:56:39] [main/DEBUG] [mixin]: MixinPlatformAgentFMLLegacy accepted container ContainerHandleURI(file:/C:/Users/frank/OneDrive/Desktop/mc-server-share-mod1/server1.20.4/./mods/Surge-1.12.2-2.0.79.jar)
[22:56:39] [main/DEBUG] [mixin]: Instancing new MixinPlatformAgentLiteLoaderLegacy for ContainerHandleURI(file:/C:/Users/frank/OneDrive/Desktop/mc-server-share-mod1/server1.20.4/./mods/Surge-1.12.2-2.0.79.jar)
[22:56:39] [main/DEBUG] [mixin]: MixinPlatformAgentLiteLoaderLegacy rejected container ContainerHandleURI(file:/C:/Users/frank/OneDrive/Desktop/mc-server-share-mod1/server1.20.4/./mods/Surge-1.12.2-2.0.79.jar)
[22:56:39] [main/DEBUG] [mixin]: Instancing new MixinPlatformAgentDefault for ContainerHandleURI(file:/C:/Users/frank/OneDrive/Desktop/mc-server-share-mod1/server1.20.4/./mods/Surge-1.12.2-2.0.79.jar)
[22:56:39] [main/DEBUG] [mixin]: MixinPlatformAgentDefault accepted container ContainerHandleURI(file:/C:/Users/frank/OneDrive/Desktop/mc-server-share-mod1/server1.20.4/./mods/Surge-1.12.2-2.0.79.jar)
[22:56:39] [main/DEBUG] [mixin]: Adding agents for Mixin Container ContainerHandleURI(file:/C:/Users/frank/OneDrive/Desktop/mc-server-share-mod1/server1.20.4/./mods/WolfArmorAndStorage-3.8.1+1.12.2.alpha.1-SNAPSHOT-signed.jar)
[22:56:39] [main/DEBUG] [mixin]: Adding mixin platform agents for container ContainerHandleURI(file:/C:/Users/frank/OneDrive/Desktop/mc-server-share-mod1/server1.20.4/./mods/WolfArmorAndStorage-3.8.1+1.12.2.alpha.1-SNAPSHOT-signed.jar)
[22:56:39] [main/DEBUG] [mixin]: Instancing new MixinPlatformAgentFMLLegacy for ContainerHandleURI(file:/C:/Users/frank/OneDrive/Desktop/mc-server-share-mod1/server1.20.4/./mods/WolfArmorAndStorage-3.8.1+1.12.2.alpha.1-SNAPSHOT-signed.jar)
[22:56:39] [main/DEBUG] [mixin]: ForceLoadAsMod was specified for WolfArmorAndStorage-3.8.1+1.12.2.alpha.1-SNAPSHOT-signed.jar, attempting force-load
[22:56:39] [main/DEBUG] [mixin]: Adding WolfArmorAndStorage-3.8.1+1.12.2.alpha.1-SNAPSHOT-signed.jar to reparseable coremod collection
[22:56:39] [main/DEBUG] [mixin]: WolfArmorAndStorage-3.8.1+1.12.2.alpha.1-SNAPSHOT-signed.jar has core plugin dev.satyrn.wolfarmor.core.WolfArmorCore. Injecting it into FML for co-initialisation:
[22:56:39] [main/DEBUG] [FML]: Instantiating coremod class WolfArmorCore
[22:56:39] [main/DEBUG] [FML]: The coremod dev.satyrn.wolfarmor.core.WolfArmorCore requested minecraft version 1.12.2 and minecraft is 1.12.2. It will be loaded.
[22:56:39] [main/DEBUG] [FML]: Found signing certificates for coremod WolfArmorCore (dev.satyrn.wolfarmor.core.WolfArmorCore)
[22:56:39] [main/DEBUG] [FML]: Found certificate e94e38a605842477f3ec218e6fcf781f6b3f7f89
[22:56:39] [main/DEBUG] [FML]: Enqueued coremod WolfArmorCore
[22:56:39] [main/DEBUG] [mixin]: MixinPlatformAgentFMLLegacy accepted container ContainerHandleURI(file:/C:/Users/frank/OneDrive/Desktop/mc-server-share-mod1/server1.20.4/./mods/WolfArmorAndStorage-3.8.1+1.12.2.alpha.1-SNAPSHOT-signed.jar)
[22:56:39] [main/DEBUG] [mixin]: Instancing new MixinPlatformAgentLiteLoaderLegacy for ContainerHandleURI(file:/C:/Users/frank/OneDrive/Desktop/mc-server-share-mod1/server1.20.4/./mods/WolfArmorAndStorage-3.8.1+1.12.2.alpha.1-SNAPSHOT-signed.jar)
[22:56:39] [main/DEBUG] [mixin]: MixinPlatformAgentLiteLoaderLegacy rejected container ContainerHandleURI(file:/C:/Users/frank/OneDrive/Desktop/mc-server-share-mod1/server1.20.4/./mods/WolfArmorAndStorage-3.8.1+1.12.2.alpha.1-SNAPSHOT-signed.jar)
[22:56:39] [main/DEBUG] [mixin]: Instancing new MixinPlatformAgentDefault for ContainerHandleURI(file:/C:/Users/frank/OneDrive/Desktop/mc-server-share-mod1/server1.20.4/./mods/WolfArmorAndStorage-3.8.1+1.12.2.alpha.1-SNAPSHOT-signed.jar)
[22:56:39] [main/DEBUG] [mixin]: MixinPlatformAgentDefault accepted container ContainerHandleURI(file:/C:/Users/frank/OneDrive/Desktop/mc-server-share-mod1/server1.20.4/./mods/WolfArmorAndStorage-3.8.1+1.12.2.alpha.1-SNAPSHOT-signed.jar)
[22:56:39] [main/DEBUG] [mixin]: Adding agents for Mixin Container ContainerHandleURI(file:/C:/Users/frank/OneDrive/Desktop/mc-server-share-mod1/server1.20.4/./mods/phosphor-1.12.2-0.2.6+build50-universal.jar)
[22:56:39] [main/DEBUG] [mixin]: Adding mixin platform agents for container ContainerHandleURI(file:/C:/Users/frank/OneDrive/Desktop/mc-server-share-mod1/server1.20.4/./mods/phosphor-1.12.2-0.2.6+build50-universal.jar)
[22:56:39] [main/DEBUG] [mixin]: Instancing new MixinPlatformAgentFMLLegacy for ContainerHandleURI(file:/C:/Users/frank/OneDrive/Desktop/mc-server-share-mod1/server1.20.4/./mods/phosphor-1.12.2-0.2.6+build50-universal.jar)
[22:56:39] [main/DEBUG] [mixin]: ForceLoadAsMod was specified for phosphor-1.12.2-0.2.6+build50-universal.jar, attempting force-load
[22:56:39] [main/DEBUG] [mixin]: Adding phosphor-1.12.2-0.2.6+build50-universal.jar to reparseable coremod collection
[22:56:39] [main/DEBUG] [mixin]: phosphor-1.12.2-0.2.6+build50-universal.jar has core plugin me.jellysquid.mods.phosphor.core.PhosphorFMLLoadingPlugin. Injecting it into FML for co-initialisation:
[22:56:39] [main/DEBUG] [FML]: Instantiating coremod class PhosphorFMLLoadingPlugin
[22:56:39] [main/DEBUG] [FML]: The coremod me.jellysquid.mods.phosphor.core.PhosphorFMLLoadingPlugin requested minecraft version 1.12.2 and minecraft is 1.12.2. It will be loaded.
[22:56:39] [main/DEBUG] [FML]: Found signing certificates for coremod PhosphorFMLLoadingPlugin (me.jellysquid.mods.phosphor.core.PhosphorFMLLoadingPlugin)
[22:56:39] [main/DEBUG] [FML]: Found certificate f0387d288626cc2d937daa504e74af570c52a2f1
[22:56:39] [main/DEBUG] [FML]: Enqueued coremod PhosphorFMLLoadingPlugin
[22:56:39] [main/DEBUG] [mixin]: MixinPlatformAgentFMLLegacy accepted container ContainerHandleURI(file:/C:/Users/frank/OneDrive/Desktop/mc-server-share-mod1/server1.20.4/./mods/phosphor-1.12.2-0.2.6+build50-universal.jar)
[22:56:39] [main/DEBUG] [mixin]: Instancing new MixinPlatformAgentLiteLoaderLegacy for ContainerHandleURI(file:/C:/Users/frank/OneDrive/Desktop/mc-server-share-mod1/server1.20.4/./mods/phosphor-1.12.2-0.2.6+build50-universal.jar)
[22:56:39] [main/DEBUG] [mixin]: MixinPlatformAgentLiteLoaderLegacy rejected container ContainerHandleURI(file:/C:/Users/frank/OneDrive/Desktop/mc-server-share-mod1/server1.20.4/./mods/phosphor-1.12.2-0.2.6+build50-universal.jar)
[22:56:39] [main/DEBUG] [mixin]: Instancing new MixinPlatformAgentDefault for ContainerHandleURI(file:/C:/Users/frank/OneDrive/Desktop/mc-server-share-mod1/server1.20.4/./mods/phosphor-1.12.2-0.2.6+build50-universal.jar)
[22:56:39] [main/DEBUG] [mixin]: MixinPlatformAgentDefault accepted container ContainerHandleURI(file:/C:/Users/frank/OneDrive/Desktop/mc-server-share-mod1/server1.20.4/./mods/phosphor-1.12.2-0.2.6+build50-universal.jar)
[22:56:39] [main/WARN] [LaunchWrapper]: Tweak class name org.spongepowered.asm.launch.MixinTweaker has already been visited -- skipping
[22:56:39] [main/WARN] [LaunchWrapper]: Tweak class name org.spongepowered.asm.launch.MixinTweaker has already been visited -- skipping
[22:56:39] [main/WARN] [LaunchWrapper]: Tweak class name org.spongepowered.asm.launch.MixinTweaker has already been visited -- skipping
[22:56:39] [main/WARN] [LaunchWrapper]: Tweak class name org.spongepowered.asm.launch.MixinTweaker has already been visited -- skipping
[22:56:39] [main/WARN] [LaunchWrapper]: Tweak class name org.spongepowered.asm.launch.MixinTweaker has already been visited -- skipping
[22:56:39] [main/WARN] [LaunchWrapper]: Tweak class name org.spongepowered.asm.launch.MixinTweaker has already been visited -- skipping
[22:56:39] [main/WARN] [LaunchWrapper]: Tweak class name org.spongepowered.asm.launch.MixinTweaker has already been visited -- skipping
[22:56:39] [main/WARN] [LaunchWrapper]: Tweak class name org.spongepowered.asm.launch.MixinTweaker has already been visited -- skipping
[22:56:39] [main/WARN] [LaunchWrapper]: Tweak class name org.spongepowered.asm.launch.MixinTweaker has already been visited -- skipping
[22:56:39] [main/WARN] [LaunchWrapper]: Tweak class name org.spongepowered.asm.launch.MixinTweaker has already been visited -- skipping
[22:56:39] [main/WARN] [LaunchWrapper]: Tweak class name org.spongepowered.asm.launch.MixinTweaker has already been visited -- skipping
[22:56:39] [main/WARN] [LaunchWrapper]: Tweak class name org.spongepowered.asm.launch.MixinTweaker has already been visited -- skipping
[22:56:39] [main/WARN] [LaunchWrapper]: Tweak class name org.spongepowered.asm.launch.MixinTweaker has already been visited -- skipping
[22:56:39] [main/WARN] [LaunchWrapper]: Tweak class name org.spongepowered.asm.launch.MixinTweaker has already been visited -- skipping
[22:56:39] [main/WARN] [LaunchWrapper]: Tweak class name org.spongepowered.asm.launch.MixinTweaker has already been visited -- skipping
[22:56:39] [main/WARN] [LaunchWrapper]: Tweak class name org.spongepowered.asm.launch.MixinTweaker has already been visited -- skipping
[22:56:39] [main/WARN] [LaunchWrapper]: Tweak class name org.spongepowered.asm.launch.MixinTweaker has already been visited -- skipping
[22:56:39] [main/WARN] [LaunchWrapper]: Tweak class name org.spongepowered.asm.launch.MixinTweaker has already been visited -- skipping
[22:56:39] [main/WARN] [LaunchWrapper]: Tweak class name org.spongepowered.asm.launch.MixinTweaker has already been visited -- skipping
[22:56:39] [main/WARN] [LaunchWrapper]: Tweak class name org.spongepowered.asm.launch.MixinTweaker has already been visited -- skipping
[22:56:39] [main/WARN] [LaunchWrapper]: Tweak class name org.spongepowered.asm.launch.MixinTweaker has already been visited -- skipping
[22:56:39] [main/INFO] [LaunchWrapper]: Loading tweak class name net.minecraftforge.fml.common.launcher.FMLDeobfTweaker
[22:56:39] [main/INFO] [LaunchWrapper]: Calling tweak class net.minecraftforge.fml.common.launcher.FMLInjectionAndSortingTweaker
[22:56:39] [main/INFO] [LaunchWrapper]: Calling tweak class net.minecraftforge.fml.common.launcher.FMLInjectionAndSortingTweaker
[22:56:39] [main/INFO] [LaunchWrapper]: Calling tweak class net.jan.moddirector.launchwrapper.ModDirectorTweaker
[22:56:39] [main/DEBUG] [ModDirector/Tweaker[Launchwrapper]]: Fixing null game directory to C:\Users\frank\OneDrive\Desktop\mc-server-share-mod1\server1.20.4\.
[22:56:39] [main/INFO] [ModDirector/ConfigurationController[CORE]]: Loading config config\mod-director\optifine.url.json
